Hunter Douglas Plaza Plus Blockout Alpine Haze,False,,,,,,Match,P10,F14,,No
Hunter Douglas Plaza Plus Blockout Caramel,False,,,,,,Match,P10,F14,,No
Hunter Douglas Plaza Plus Blockout Cargo,False,,,,,,Match,P10,F14,,No
Hunter Douglas Plaza Plus Blockout Cashew,False,,,,,,Match,P10,F14,,No
Hunter Douglas Plaza Plus Blockout Clay,False,,,,,,Match,P10,F14,,No
Hunter Douglas Plaza Plus Blockout Cockatoo,False,,,,,,Match,P10,F14,,No
Hunter Douglas Plaza Plus Blockout Ebony,False,,,,,,Match,P10,F14,,No
Hunter Douglas Plaza Plus Blockout Footprint,False,,,,,,Match,P10,F14,,No
Hunter Douglas Plaza Plus Blockout Gun Metal,False,,,,,,Match,P10,F14,,No
Hunter Douglas Plaza Plus Blockout Natural,False,,,,,,Match,P10,F14,,No
Hunter Douglas Plaza Plus Blockout Orchid,False,,,,,,Match,P10,F14,,No
Hunter Douglas Plaza Plus Blockout Paperbark,False,,,,,,Match,P10,F14,,No
Hunter Douglas Plaza Plus Blockout Pumice,False,,,,,,Match,P10,F14,,No
Hunter Douglas Plaza Plus Blockout Royal,False,,,,,,Match,P10,F14,,No
Hunter Douglas Plaza Plus Blockout Sand,False,,,,,,Match,P10,F14,,No
Hunter Douglas Plaza Plus Blockout TBA,False,,,,,,Match,P10,F14,,No
Hunter Douglas Plaza Plus Blockout White,False,,,,,,Match,P10,F14,,No
Shaw Fabrics Vibe Blockout Alloy,False,White,Anodised Silver,Nickel Steel,Colour No. 0,,Match,P10,F6,,No
Shaw Fabrics Vibe Blockout Birch,False,,,,,,Match,P10,F6,,No
Shaw Fabrics Vibe Blockout Bistro,False,,,,,,Match,P10,F6,,No
Shaw Fabrics Vibe Blockout Bronze Metallic,False,,,,,,Match,P10,F6,,No
Shaw Fabrics Vibe Blockout Brulee Metallic,False,Beige,Anodised Silver,Beige,Colour No. 5,,Match,P10,F6,,No
Shaw Fabrics Vibe Blockout Cactus,False,,,,,,Match,P10,F6,,No
Shaw Fabrics Vibe Blockout Chateau,False,,,,,,Match,P10,F6,,No
Shaw Fabrics Vibe Blockout Chintz Metallic,False,,,,,,Match,P10,F6,,No
Shaw Fabrics Vibe Blockout Clay,False,White,Anodised Silver,Nickel Steel,Colour No. 1,,Match,P10,F6,,No
Shaw Fabrics Vibe Blockout Cloud,False,White,Anodised Silver,Nickel Steel,Colour No. 0 ,,Match,P10,F6,,No
Shaw Fabrics Vibe Blockout Coal,False,Black,Black,Black,Colour No. 20,,Match,P10,F6,,No
Shaw Fabrics Vibe Blockout Coconut,False,,,,,,Match,P10,F6,,No
Shaw Fabrics Vibe Blockout Cornsilk,False,White,Anodised Silver,Nickel Steel,Colour No. 0 ,,Match,P10,F6,,No
Shaw Fabrics Vibe Blockout Dune,False,White,Anodised Silver,Nickel Steel,Colour No. 4,,Match,P10,F6,,No
Shaw Fabrics Vibe Blockout Ice,False,White,White,White,Colour No. 1,,Match,P10,F6,,No
Shaw Fabrics Vibe Blockout Lace,False,,,,,,Match,P10,F6,,No
Shaw Fabrics Vibe Blockout Lava Metallic,False,White,Anodised Silver,Nickel Steel,Colour No. 81,,Match,P10,F6,,No
Shaw Fabrics Vibe Blockout Limestone,False,,,,,,Match,P10,F6,,No
Shaw Fabrics Vibe Blockout Linen,False,,,,,,Match,P10,F6,,No
Shaw Fabrics Vibe Blockout Loft,False,Birch White,Sandstone,Birch White,Colour No. 0 ,,Match,P10,F6,,No
Shaw Fabrics Vibe Blockout Mercury Metallic,False,White,Anodised Silver,Nickel Steel,Colour No. 4,,Match,P10,F6,,No
Shaw Fabrics Vibe Blockout Mist,False,White,Anodised Silver,Nickel Steel,Colour No. 0 ,,Match,P10,F6,,No
Shaw Fabrics Vibe Blockout Moon,False,White,Anodised Silver,Nickel Steel,Colour No. 0 ,,Match,P10,F6,,No
Shaw Fabrics Vibe Blockout Nimbus,False,White,Anodised Silver,Nickel Steel,Colour No. 0,,Match,P10,F6,,No
Shaw Fabrics Vibe Blockout Odessey,False,White,Anodised Silver,Nickel Steel,Colour No. 0 ,,Match,P10,F6,,No
Shaw Fabrics Vibe Blockout Orient,False,White,Anodised Silver,Nickel Steel,Colour No. 0 ,,Match,P10,F6,,No
Shaw Fabrics Vibe Blockout Pool,False,,,,,,Match,P10,F6,,No
Shaw Fabrics Vibe Blockout Porcelain,False,,,,,,Match,P10,F6,,No
Shaw Fabrics Vibe Blockout Pure,False,White,White,White,Colour No. 1,,Match,P10,F6,,No
Shaw Fabrics Vibe Blockout Spirit,False,,,,,,Match,P10,F6,,No
Shaw Fabrics Vibe Blockout Starfish,False,,,,,,Match,P10,F6,,No
Shaw Fabrics Vibe Blockout Stone,False,Beige,Anodised Silver,Nickel Steel,Colour No. 0 ,,Match,P10,F6,,No
Shaw Fabrics Vibe Blockout Storm,False,,,,,,Match,P10,F6,,No
Shaw Fabrics Vibe Blockout Surf,False,,,,,,Match,P10,F6,,No
Shaw Fabrics Vibe Blockout Syllabub,False,,,,,,Match,P10,F6,,No
Shaw Fabrics Vibe Blockout TBA,False,,,,,,Match,P10,F6,,No
Shaw Fabrics Vibe Blockout Terrace,False,,,,,,Match,P10,F6,,No
Shaw Fabrics Vibe Blockout Tundra,False,,,,,,Match,P10,F6,,No
Shaw Fabrics Vibe Blockout Umber,False,,,,,,Match,P10,F6,,No
Shaw Fabrics Vibe Blockout Whisper,False,White,Anodised Silver,Nickel Steel,Colour No. 0 ,,Match,P10,F6,,No
Texstyle Focus Blockout Ash,True,Grey,Anodised Silver,Grey,Colour No. 81,,White,P10,W4,2200 / 3200,No
Texstyle Focus Blockout Chalk,True,White,White,White,Colour No. 0,,White,P10,W4,2200 / 3200,No
Texstyle Focus Blockout Cloud,True,Grey,Anodised Silver,Grey,,,White,P10,W4,2200 / 3200,No
Texstyle Focus Blockout Coal,True,Black,Black,Black,Colour No. 20,Dark Grey,Black,P10,W4,2200 / 3200,No
Texstyle Focus Blockout Dove,True,White,Anodised Silver,Nickel Steel,Colour No. 0,,White,P10,W4,2200 / 3200,No
Texstyle Focus Blockout Ebony,True,Black,Black,Black,Colour No. 20,,Black,P10,W4,2200 / 3200,No
Texstyle Focus Blockout Espresso,True,Black,Black,Black,Colour No. 16,Dark Grey,Black,P10,W4,2200 / 3200,No
Texstyle Focus Blockout Mist,True,Grey,Anodised Silver,Grey,,,White,P10,W4,2200 / 3200,No
Texstyle Focus Blockout Oyster,True,Grey,Anodised Silver,Grey,Colour No. 4,White,White,P10,W4,2200 / 3200,No
Texstyle Focus Blockout Shell,True,White,Bone,Nickel Steel,Colour No. 0,,White,P10,W4,2200 / 3200,No
Texstyle Focus Blockout TBA,False,,,,,,Match,P10,W4,2200 / 3200,No
Texstyle Focus Blockout Tempest,True,Grey,Black,Grey,Colour No. 81,,Match,P10,W4,2200 / 3200,No
Texstyle Focus Blockout White,True,White,White,White,Colour No. 1,,White,P10,W4,2200 / 3200,No
Texstyle Focus Blockout Polar,True,White,White,White,,,White,P10,W4,2200 / 3200,No
Texstyle Focus Blockout Feather,True,Birch White,Sandstone,Birch White,,,White,P10,W4,2200 / 3200,No
Texstyle Focus Blockout Bay,True,Grey,Anodised Silver,Grey,,,White,P10,W4,2200 / 3200,No
Texstyle Focus Blockout Drift,True,Grey,Anodised Silver,Grey,,,White,P10,W4,2200 / 3200,No
Texstyle Focus Blockout Magnetic,True,Black,Black,Black,,,Match,P10,W4,2200 / 3200,No
Texstyle Focus Blockout Carbon,True,Black,Black,Black,,,Black,P10,W4,2200 / 3200,No
Texstyle Solitaire Blockout Antique White,False,White,Anodised Silver,Nickel Steel,,,White,P10,W12,2200 / 3000,No
Texstyle Solitaire Blockout Champagne,False,Birch White,Sandstone,Birch White,,,White,P10,W12,2200 / 3000,No
Texstyle Solitaire Blockout Coffee,False,White,Anodised Silver,Nickel Steel,,,White,P10,W12,2200 / 3000,No
Texstyle Solitaire Blockout Concord,False,White,Anodised Silver,Nickel Steel,,,White,P10,W12,2200 / 3000,No
Texstyle Solitaire Blockout Granite,False,White,Anodised Silver,Nickel Steel,,,White,P10,W12,2200 / 3000,No
Texstyle Solitaire Blockout Ironstone,False,White,Anodised Silver,Nickel Steel,,,White,P10,W12,2200 / 3000,No
Texstyle Solitaire Blockout Onyx,False,Black,Black,Black,,,Black,P10,W12,2200 / 3000,No
Texstyle Solitaire Blockout Peat,False,White,Anodised Silver,Nickel Steel,,,White,P10,W12,2200 / 3000,No
Texstyle Solitaire Blockout Pepper,False,White,Anodised Silver,Nickel Steel,,,White,P10,W12,2200 / 3000,No
Texstyle Solitaire Blockout Snow,False,White,White,White,,,White,P10,W12,2200 / 3000,No
Texstyle Solitaire Blockout TBA,False,,,,,,Match,P10,W12,2200 / 3000,No
Uniline Dawn Blockout Buttermilk,False,Beige,Anodised Silver,Beige,,,Match,P10,F7,,No
Uniline Dawn Blockout Cocca,False,,,,,,Match,P10,F7,,No
Uniline Dawn Blockout Coffee,False,,,,,,Match,P10,F7,,No
Uniline Dawn Blockout Frappe,False,White,Anodised Silver,Nickel Steel,,,Match,P10,F7,,No
Uniline Dawn Blockout Mocca,False,Beige,Anodised Silver,Beige,,,Match,P10,F7,,No
Uniline Dawn Blockout Rapia,False,Birch White,Anodised Silver,Birch White,Colour No. 0,,Match,P10,F7,,No
Uniline Dawn Blockout Sage,False,White,Anodised Silver,Nickel Steel,,,Match,P10,F7,,No
Uniline Dawn Blockout Seal,False,,,,,,Match,P10,F7,,No
Uniline Dawn Blockout TBA,False,,,,,,Match,P10,F7,,No
Uniline Dawn Blockout Titanium,False,,,,,,Match,P10,F7,,No
Uniline Dawn Blockout Wedgewood,False,White,Anodised Silver,Nickel Steel,,,Match,P10,F7,,No
Uniline Dawn Mini Blockout Apple Fizz,False,,,,,,Match,P10,F7,,No
Uniline Dawn Mini Blockout Bubble Gum,False,,,,,,Match,P10,F7,,No
Uniline Dawn Mini Blockout Fairy Dust,False,,,,,,Match,P10,F7,,No
Uniline Dawn Mini Blockout Fire Engine,False,,,,,,Match,P10,F7,,No
Uniline Dawn Mini Blockout Periwinkle,False,,,,,,Match,P10,F7,,No
Uniline Dawn Mini Blockout Sunshine,False,,,,,,Match,P10,F7,,No
Uniline Dawn Mini Blockout Surf Safari,False,,,,,,Match,P10,F7,,No
Uniline Dawn Mini Blockout Tang,False,,,,,,Match,P10,F7,,No
Uniline Dawn Mini Blockout TBA,False,,,,,,Match,P10,F7,,No
Uniline Dawn Pearlised Blockout Charcoal,False,,,,,,Match,P10,F7,,No
Uniline Dawn Pearlised Blockout Fairstar,False,,,,,,Match,P10,F7,,No
Uniline Dawn Pearlised Blockout Ghost Gum,False,,,,,,Match,P10,F7,,No
Uniline Dawn Pearlised Blockout Harbour,False,,,,,,Match,P10,F7,,No
Uniline Dawn Pearlised Blockout Limestone,False,,,,,,Match,P10,F7,,No
Uniline Dawn Pearlised Blockout Raccoon,False,,,,,,Match,P10,F7,,No
Uniline Dawn Pearlised Blockout Snow,False,,,,,,Match,P10,F7,,No
Uniline Dawn Pearlised Blockout TBA,False,,,,,,Match,P10,F7,,No
Hunter Douglas Zen Blockout TBA,False,,,,,,Match,P10,F14,,No
Hunter Douglas Zen Blockout Cluster,False,,,,,,Match,P10,F14,,No
Hunter Douglas Zen Blockout Chi,False,,,,,,Match,P10,F14,,No
Hunter Douglas Zen Blockout Greyshee,False,,,,,,Match,P10,F14,,No
Hunter Douglas Zen Blockout Pluto,False,,,,,,Match,P10,F14,,No
Hunter Douglas Zen Blockout Oxide,False,,,,,,Match,P10,F14,,No
Hunter Douglas Zen Blockout Metalcon,False,,,,,,Match,P10,F14,,No
Hunter Douglas Zen Blockout Gravity,False,,,,,,Match,P10,F14,,No
Hunter Douglas Zen Blockout Stonehenge,False,,,,,,Match,P10,F14,,No
Hunter Douglas Zen Blockout Bounty,False,,,,,,Match,P10,F14,,No
Hunter Douglas Zen Blockout Gazing,False,,,,,,Match,P10,F14,,No
Hunter Douglas Zen Blockout Cashmere,False,,,,,,Match,P10,F14,,No
Hunter Douglas Zen Blockout Martini,False,,,,,,Match,P10,F14,,No
Hunter Douglas Zen Blockout Mario,False,,,,,,Match,P10,F14,,No
Hunter Douglas Zen Blockout Embrace,False,,,,,,Match,P10,F14,,No
Hunter Douglas Zen Blockout Sahara,False,,,,,,Match,P10,F14,,No
Hunter Douglas Zen Blockout Illusion,False,,,,,,Match,P10,F14,,No
Hunter Douglas Zen Blockout Element,False,,,,,,Match,P10,F14,,No
Hunter Douglas Zen Blockout Zelda,False,,,,,,Match,P10,F14,,No
Hunter Douglas Zen Blockout Arabica,False,,,,,,Match,P10,F14,,No
Hunter Douglas Zen Blockout Yen,False,,,,,,Match,P10,F14,,No
Uniline Sunset Blockout TBA,False,,,,,,Match,P10,F7,,No
Uniline Sunset Blockout Snow,False,,,,,,Match,P10,F7,,No
Uniline Sunset Blockout Antique,False,,,,,,Match,P10,F7,,No
Uniline Sunset Blockout Stone,False,,,,,,Match,P10,F7,,No
Uniline Sunset Blockout Vanilla,False,,,,,,Match,P10,F7,,No
Uniline Sunset Blockout Natural,False,,,,,,Match,P10,F7,,No
Uniline Sunset Blockout Lace,False,,,,,,Match,P10,F7,,No
Uniline Sunset Blockout Ecru,False,,,,,,Match,P10,F7,,No
Uniline Sunset Blockout Flax,False,,,,,,Match,P10,F7,,No
Uniline Sunset Blockout Sahara,False,,,,,,Match,P10,F7,,No
Uniline Sunset Blockout Cashew,False,,,,,,Match,P10,F7,,No
Uniline Sunset Blockout Parchment,False,,,,,,Match,P10,F7,,No
Uniline Sunset Blockout Pepper,False,,,,,,Match,P10,F7,,No
Uniline Sunset Blockout Bark,False,,,,,,Match,P10,F7,,No
Uniline Sunset Blockout Bone,False,,,,,,Match,P10,F7,,No
Uniline Sunset Blockout Beaver,False,,,,,,Match,P10,F7,,No
Uniline Sunset Blockout Taupe,False,,,,,,Match,P10,F7,,No
Uniline Sunset Blockout Lava,False,,,,,,Match,P10,F7,,No
Uniline Sunset Blockout Mushroom,False,,,,,,Match,P10,F7,,No
Uniline Sunset Blockout Silver,False,,,,,,Match,P10,F7,,No
Uniline Sunset Blockout Warm Grey,False,,,,,,Match,P10,F7,,No
Uniline Sunset Blockout Ash Grey,False,,,,,,Match,P10,F7,,No
Uniline Sunset Blockout Seal,False,,,,,,Match,P10,F7,,No
Uniline Sunset Blockout Onyx,False,,,,,,Match,P10,F7,,No
Uniline Dawn Blockout Alabaster,False,,,,,,Match,P10,F7,2000 / 2500 / 3000,No
Uniline Dawn Blockout Arum,False,,,,,,Match,P10,F7,2000 / 2500 / 3000,No
Uniline Dawn Blockout Ash Blue,False,,,,,,Match,P10,F7,2000 / 2500 / 3000,No
Uniline Dawn Blockout Beige,False,,,,,,Match,P10,F7,2000 / 2500 / 3000,No
Uniline Dawn Blockout Bison,False,,,,,,Match,P10,F7,2000 / 2500 / 3000,No
Uniline Dawn Blockout Black,False,,,,,,Match,P10,F7,2000 / 2500 / 3000,No
Uniline Dawn Blockout Cavier,False,,,,,,Match,P10,F7,2000 / 2500 / 3000,No
Uniline Dawn Blockout Cotton,False,,,,,,Match,P10,F7,2000 / 2500 / 3000,No
Uniline Dawn Blockout Crane,False,,,,,,Match,P10,F7,2000 / 2500 / 3000,No
Uniline Dawn Blockout Custom Cream,False,,,,,,Match,P10,F7,2000 / 2500 / 3000,No
Uniline Dawn Blockout Dark Grey,False,,,,,,Match,P10,F7,2000 / 2500 / 3000,No
Uniline Dawn Blockout Dune,False,,,,,,Match,P10,F7,2000 / 2500 / 3000,No
Uniline Dawn Blockout EarthenPewter,False,,,,,,Match,P10,F7,2000 / 2500 / 3000,No
Uniline Dawn Blockout Grey,False,,,,,,Match,P10,F7,2000 / 2500 / 3000,No
Uniline Dawn Blockout Light Bison,False,,,,,,Match,P10,F7,2000 / 2500 / 3000,No
Uniline Dawn Blockout Linen,False,,,,,,Match,P10,F7,2000 / 2500 / 3000,No
Uniline Dawn Blockout Macchiato,False,,,,,,Match,P10,F7,2000 / 2500 / 3000,No
Uniline Dawn Blockout Mariah,False,,,,,,Match,P10,F7,2000 / 2500 / 3000,No
Uniline Dawn Blockout Mid Grey,False,,,,,,Match,P10,F7,2000 / 2500 / 3000,No
Uniline Dawn Blockout Misty,False,,,,,,Match,P10,F7,2000 / 2500 / 3000,No
Uniline Dawn Blockout Natural,False,,,,,,Match,P10,F7,2000 / 2500 / 3000,No
Uniline Dawn Blockout Nutmeg,False,,,,,,Match,P10,F7,2000 / 2500 / 3000,No
Uniline Dawn Blockout Oyster,False,,,,,,Match,P10,F7,2000 / 2500 / 3000,No
Uniline Dawn Blockout Pebble,False,,,,,,Match,P10,F7,2000 / 2500 / 3000,No
Uniline Dawn Blockout Pewter,False,,,,,,Match,P10,F7,2000 / 2500 / 3000,No
Uniline Dawn Blockout Putty,False,,,,,,Match,P10,F7,2000 / 2500 / 3000,No
Uniline Dawn Blockout Royal Blue,False,,,,,,Match,P10,F7,2000 / 2500 / 3000,No
Uniline Dawn Blockout Sesame,False,,,,,,Match,P10,F7,2000 / 2500 / 3000,No
Uniline Dawn Blockout Shale,False,,,,,,Match,P10,F7,2000 / 2500 / 3000,No
Uniline Dawn Blockout Slate,False,,,,,,Match,P10,F7,2000 / 2500 / 3000,No
Uniline Dawn Blockout Soft Grey,False,,,,,,Match,P10,F7,2000 / 2500 / 3000,No
Uniline Dawn Blockout Taupe,False,,,,,,Match,P10,F7,2000 / 2500 / 3000,No
Uniline Dawn Blockout TBA,False,,,,,,Match,P10,F7,2000 / 2500 / 3000,No
Uniline Dawn Blockout Warm White,False,,,,,,Match,P10,F7,2000 / 2500 / 3000,No
Uniline Dawn Blockout White,False,,,,,,Match,P10,F7,2000 / 2500 / 3000,No
Shaw Fabrics Duo Block 3.0 Aztec,False,,,,,,Match,P10,F12,,No
Shaw Fabrics Duo Block 3.0 Basalt,False,,,,,,Match,P10,F12,,No
Shaw Fabrics Duo Block 3.0 Calm,False,,,,,,Match,P10,F12,,No
Shaw Fabrics Duo Block 3.0 Carbon,False,,,,,,Match,P10,F12,,No
Shaw Fabrics Duo Block 3.0 Cumulus,False,,,,,,Match,P10,F12,,No
Shaw Fabrics Duo Block 3.0 Dove,False,,,,,,Match,P10,F12,,No
Shaw Fabrics Duo Block 3.0 Muse,False,,,,,,Match,P10,F12,,No
Shaw Fabrics Duo Block 3.0 Nova,False,,,,,,Match,P10,F12,,No
Shaw Fabrics Duo Block 3.0 Salt,False,,,,,,Match,P10,F12,,No
Shaw Fabrics Duo Block 3.0 Stella,False,,,,,,Match,P10,F12,,No
Shaw Fabrics Duo Block 3.0 TBA,False,,,,,,Match,P10,F12,,No
Louvolite ABC Blockout TBA,False,,,,,,Match,P10,F2,,Yes
Louvolite Acacia Blockout TBA,False,,,,,,Match,P10,F2,,Yes
Louvolite Acacia Blockout Caraway,False,,,,,,Match,P10,F2,,Yes
Louvolite Acacia Blockout Ebony,False,,,,,,Match,P10,F2,,Yes
Louvolite Argent Blockout TBA,False,,,,,,Match,P10,F2,,Yes
Louvolite Argent Blockout TBA,False,,,,,,Match,P10,F2,,Yes
Louvolite Argent Blockout Champagne,False,,,,,,Match,P10,F2,,Yes
Louvolite Argent Blockout Copper,False,,,,,,Match,P10,F2,,Yes
Louvolite Argent Blockout Gold,False,,,,,,Match,P10,F2,,Yes
Wilson Fabrics Aspen Blockout Charcoal,False,,,,,,Match,P10,F2,,Yes
Wilson Fabrics Aspen Blockout Mink,False,,,,,,Match,P10,F2,,Yes
Wilson Fabrics Aspen Blockout Oyster,False,,,,,,Match,P10,F2,,Yes
Wilson Fabrics Aspen Blockout Pewter,False,,,,,,Match,P10,F2,,Yes
Wilson Fabrics Aspen Blockout Snow,False,,,,,,Match,P10,F2,,Yes
Wilson Fabrics Aspen Blockout Snowgum,False,,,,,,Match,P10,F2,,Yes
Wilson Fabrics Aspen Blockout Stone,False,,,,,,Match,P10,F2,,Yes
Shaw Fabrics Aventus Sunscreen 5% Charcoal,False,,,,,,Match,P10,F12,,Yes
Shaw Fabrics Aventus Sunscreen 5% Charcoal Bronze,False,,,,,,Match,P10,F12,,Yes
Shaw Fabrics Aventus Sunscreen 5% Charcoal Denim,False,,,,,,Match,P10,F12,,Yes
Shaw Fabrics Aventus Sunscreen 5% Charcoal Grey,False,,,,,,Match,P10,F12,,Yes
Shaw Fabrics Aventus Sunscreen 5% Concrete,False,,,,,,Match,P10,F12,,Yes
Shaw Fabrics Aventus Sunscreen 5% Domino,False,,,,,,Match,P10,F12,,Yes
Shaw Fabrics Aventus Sunscreen 5% Dune Grey,False,,,,,,Match,P10,F12,,Yes
Shaw Fabrics Aventus Sunscreen 5% Graphite,False,,,,,,Match,P10,F12,,Yes
Shaw Fabrics Aventus Sunscreen 5% Gull,False,,,,,,Match,P10,F12,,Yes
Shaw Fabrics Aventus Sunscreen 5% Ice,False,,,,,,Match,P10,F12,,Yes
Shaw Fabrics Aventus Sunscreen 5% Pewter,False,,,,,,Match,P10,F12,,Yes
Shaw Fabrics Aventus Sunscreen 5% Platinum,False,,,,,,Match,P10,F12,,Yes
Shaw Fabrics Aventus Sunscreen 5% TBA,False,,,,,,Match,P10,F12,,Yes
Shaw Fabrics Aventus Sunscreen 5% White,False,,,,,,Match,P10,F12,,Yes
Shaw Fabrics Aventus Sunscreen 5% White Grey,False,,,,,,Match,P10,F12,,Yes
Shaw Fabrics Aventus Sunscreen 5% White Linen,False,,,,,,Match,P10,F12,,Yes
Shaw Fabrics Aventus Sunscreen 5% White Stone,False,,,,,,Match,P10,F12,,Yes
Shaw Fabrics Aventus Sunscreen 5% Wren,False,,,,,,Match,P10,F12,,Yes
Hunter Douglas Avila Blockout TBA,False,,,,,,Match,P10,F14,,Yes
Hunter Douglas Avila Blockout Angel,False,,,,,,Match,P10,F14,,Yes
Hunter Douglas Avila Blockout White,False,,,,,,Match,P10,F14,,Yes
Hunter Douglas Avila Blockout Chalk,False,,,,,,Match,P10,F14,,Yes
Hunter Douglas Avila Blockout Canvas,False,,,,,,Match,P10,F14,,Yes
Hunter Douglas Avila Blockout Pewter,False,,,,,,Match,P10,F14,,Yes
Hunter Douglas Avila Blockout Charcoal,False,,,,,,Match,P10,F14,,Yes
Hunter Douglas Avila Blockout Black,False,,,,,,Match,P10,F14,,Yes
Hunter Douglas Avila Blockout Vivid,False,,,,,,Match,P10,F14,,Yes
Hunter Douglas Avila Blockout Lightning,False,,,,,,Match,P10,F14,,Yes
Texstyle Balmoral Blockout Armour,False,White,Anodised Silver,Nickel Steel ,,,White,P10,W8,3000,Yes
Texstyle Balmoral Blockout Birch,False,White,Anodised Silver,Nickel Steel,,,White,P10,W8,3000,Yes
Texstyle Balmoral Blockout Bourneville,False,White,Anodised Silver,Nickel Steel,,,White,P10,W8,3000,Yes
Texstyle Balmoral Blockout Chrome,False,White,Anodised Silver,Nickel Steel,,,White,P10,W8,3000,Yes
Texstyle Balmoral Blockout Concrete,False,White,Anodised Silver,Nickel Steel,,,White,P10,W8,3000,Yes
Texstyle Balmoral Blockout Dove,False,White,Anodised Silver,Nickel Steel,,,White,P10,W8,3000,Yes
Texstyle Balmoral Blockout Jet,False,Black,Black,Black,,,Black,P10,W8,3000,Yes
Texstyle Balmoral Blockout Pearl,False,White,White,White,,,White,P10,W8,3000,Yes
Texstyle Balmoral Blockout Platinum,False,White,Anodised Silver,Nickel Steel,,,White,P10,W8,3000,Yes
Texstyle Balmoral Blockout Putty,False,White,Anodised Silver,Nickel Steel,,,White,P10,W8,3000,Yes
Texstyle Balmoral Blockout Pyrite,False,White,Anodised Silver,Nickel Steel,,,White,P10,W8,3000,Yes
Texstyle Balmoral Blockout Steel,False,Black,Black,Black,,,Black,P10,W8,3000,Yes
Texstyle Balmoral Blockout TBA,False,,,,,,Match,P10,W8,3000,Yes
Texstyle Balmoral Blockout White,False,White,White,White,,,White,P10,W8,3000,Yes
Hunter Douglas Baltic Plus Blockout TBA,False,,,,,,Match,P10,F14,,Yes
Hunter Douglas Baltic Plus Blockout Froth,False,,,,,,Match,P10,F14,,Yes
Hunter Douglas Baltic Plus Blockout Shake,False,,,,,,Match,P10,F14,,Yes
Hunter Douglas Baltic Plus Blockout Chalk,False,,,,,,Match,P10,F14,,Yes
Hunter Douglas Baltic Plus Blockout Losta,False,,,,,,Match,P10,F14,,Yes
Hunter Douglas Baltic Plus Blockout Linen,False,,,,,,Match,P10,F14,,Yes
Hunter Douglas Baltic Plus Blockout Pumice,False,,,,,,Match,P10,F14,,Yes
Hunter Douglas Baltic Plus Blockout Nordic,False,,,,,,Match,P10,F14,,Yes
Hunter Douglas Baltic Plus Blockout Cosmos,False,,,,,,Match,P10,F14,,Yes
Hunter Douglas Baltic Plus Blockout Nightsky,False,,,,,,Match,P10,F14,,Yes
Hunter Douglas Baltic Plus Blockout Oxford,False,,,,,,Match,P10,F14,,Yes
Texstyle Barbados Blockout Driftwood,False,White,Anodised Silver,Nickel Steel,,,White,P10,F15,2800,Yes
Texstyle Barbados Blockout Dune,False,White,Anodised Silver,Nickel Steel,,,White,P10,F15,2800,Yes
Texstyle Barbados Blockout Paperbark,False,White,Anodised Silver,Nickel Steel,,,White,P10,F15,2800,Yes
Texstyle Barbados Blockout Pumice,False,White,Anodised Silver,Nickel Steel,,,White,P10,F15,2800,Yes
Texstyle Barbados Blockout Sand,False,Beige,Anodised Silver,Beige,,,White,P10,F15,2800,Yes
Texstyle Barbados Blockout Surf,False,White,Anodised Silver,Nickel Steel,,,White,P10,F15,2800,Yes
Texstyle Barbados Blockout TBA,False,,,,,,Match,P10,F15,2800,Yes
Four Families Bauhaus Blockout Dawn,False,,,,,,Match,P10,F7,,Yes
Four Families Bauhaus Blockout Dove,False,,,,,,Match,P10,F7,,Yes
Four Families Bauhaus Blockout Dusk,False,,,,,,Match,P10,F7,,Yes
Four Families Bauhaus Blockout Pepper,False,,,,,,Match,P10,F7,,Yes
Four Families Bauhaus Blockout Shell,False,,,,,,Match,P10,F7,,Yes
Four Families Bauhaus Blockout Smoke,False,,,,,,Match,P10,F7,,Yes
Four Families Bauhaus Blockout TBA,False,,,,,,Match,P10,F7,,Yes
Louvolite Bayside Blockout TBA,False,,,,,,Match,P10,F2,,Yes
Louvolite Birdsong Blockout Daybreak,False,,,,,,Match,P10,F2,,Yes
Louvolite Birdsong Blockout Midnight,False,,,,,,Match,P10,F2,,Yes
Louvolite Birdsong Blockout TBA,False,,,,,,Match,P10,F2,,Yes
Louvolite Boleyn Blockout TBA,False,,,,,,Match,P10,F2,,Yes
Four Families Bond Blockout Ice,False,,,,,,Match,P10,F7,,Yes
Four Families Bond Blockout Chalk,False,,,,,,Match,P10,F7,,Yes
Four Families Bond Blockout Linen,False,,,,,White,Match,P10,F7,,Yes
Four Families Bond Blockout Taupe,False,,,,,,Match,P10,F7,,Yes
Four Families Bond Blockout Cloud,False,Grey,Anodised Silver,Grey,,,Match,P10,F7,,Yes
Four Families Bond Blockout Concrete,False,,,,,,Match,P10,F7,,Yes
Four Families Bond Blockout Granite,False,,,,,,Match,P10,F7,,Yes
Four Families Bond Blockout Charcoal,False,,,,,,Match,P10,F7,,Yes
Four Families Bond Blockout TBA,False,,,,,,Match,P10,F7,,Yes
Wilson Fabrics Boston II Blockout Charcoal,False,Black,Black,Black,,,Match,P10,F2,,Yes
Wilson Fabrics Boston II Blockout Chinchilla,False,Beige,Anodised Silver,Beige,,,Match,P10,F2,,Yes
Wilson Fabrics Boston II Blockout Dawn,False,,,,,,Match,P10,F2,,Yes
Wilson Fabrics Boston II Blockout Grey,False,,,,,,Match,P10,F2,,Yes
Wilson Fabrics Boston II Blockout Linen,False,,,,,,Match,P10,F2,,Yes
Wilson Fabrics Boston II Blockout Marshmellow,False,,,,,,Match,P10,F2,,Yes
Wilson Fabrics Boston II Blockout Mist,False,White,Anodised Silver,Nickel Steel,,,Match,P10,F2,,Yes
Wilson Fabrics Boston II Blockout Monument,False,White,Anodised Silver,Nickel Steel,,,Match,P10,F2,,Yes
Wilson Fabrics Boston II Blockout Quartz,False,White,Anodised Silver,Nickel Steel,,,Match,P10,F2,,Yes
Wilson Fabrics Boston II Blockout Shark,False,White,Anodised Silver,Nickel Steel,,,Match,P10,F2,,Yes
Wilson Fabrics Boston II Blockout Silver,False,White,Anodised Silver,Nickel Steel,,,Match,P10,F2,,Yes
Wilson Fabrics Boston II Blockout Stone,False,White,Anodised Silver,Nickel Steel,,,Match,P10,F2,,Yes
Wilson Fabrics Boston II Blockout TBA,False,,,,,,Match,P10,F2,,Yes
Wilson Fabrics Broome Blockout Bone,False,,,,,,Match,P10,F2,,Yes
Wilson Fabrics Broome Blockout Buff,False,,,,,,Match,P10,F2,,Yes
Wilson Fabrics Broome Blockout Calm Grey,False,,,,,,Match,P10,F2,,Yes
Wilson Fabrics Broome Blockout Dove,False,,,,,,Match,P10,F2,,Yes
Wilson Fabrics Broome Blockout Egret,False,,,,,,Match,P10,F2,,Yes
Wilson Fabrics Broome Blockout Neutral Grey,False,,,,,,Match,P10,F2,,Yes
Wilson Fabrics Broome Blockout Onyx,False,,,,,,Match,P10,F2,,Yes
Wilson Fabrics Broome Blockout Rhino,False,,,,,,Match,P10,F2,,Yes
Wilson Fabrics Broome Blockout Shadow,False,,,,,,Match,P10,F2,,Yes
Wilson Fabrics Broome Blockout Silver Fox,False,,,,,,Match,P10,F2,,Yes
Wilson Fabrics Broome Blockout TBA,False,,,,,,Match,P10,F2,,Yes
Wilson Fabrics Broome II Blockout Bluewash,False,,,,,,Match,P10,F2,,Yes
Wilson Fabrics Broome II Blockout Fossil,False,,,,,,Match,P10,F2,,Yes
Wilson Fabrics Broome II Blockout Ivory,False,Birch White,Sandstone,Birch White,,,Match,P10,F2,,Yes
Wilson Fabrics Broome II Blockout Mink,False,,,,,,Match,P10,F2,,Yes
Wilson Fabrics Broome II Blockout Monument,False,,,,,,Match,P10,F2,,Yes
Wilson Fabrics Broome II Blockout Nomad,False,,,,,,Match,P10,F2,,Yes
Wilson Fabrics Broome II Blockout Off White,False,,,,,,Match,P10,F2,,Yes
Wilson Fabrics Broome II Blockout Parchment,False,Beige,,,,,Match,P10,F2,,Yes
Wilson Fabrics Broome II Blockout Platinum,False,,,,,,Match,P10,F2,,Yes
Wilson Fabrics Broome II Blockout Snow,False,White,White,White,,,Match,P10,F2,,Yes
Wilson Fabrics Broome II Blockout Stone,False,Beige,,,,,Match,P10,F2,,Yes
Wilson Fabrics Broome II Blockout TBA,False,,,,,,Match,P10,F2,,Yes
Wilson Fabrics Broome Translucent Bone,False,,,,,,Match,P10,F2,,Yes
Wilson Fabrics Broome Translucent Buff,False,,,,,,Match,P10,F2,,Yes
Wilson Fabrics Broome Translucent Calm Grey,False,,,,,,Match,P10,F2,,Yes
Wilson Fabrics Broome Translucent Dove,False,,,,,,Match,P10,F2,,Yes
Wilson Fabrics Broome Translucent Egret,False,,,,,,Match,P10,F2,,Yes
Wilson Fabrics Broome Translucent Neutral Grey,False,,,,,,Match,P10,F2,,Yes
Wilson Fabrics Broome Translucent Onyx,False,,,,,,Match,P10,F2,,Yes
Wilson Fabrics Broome Translucent Rhino,False,,,,,,Match,P10,F2,,Yes
Wilson Fabrics Broome Translucent Shadow,False,,,,,,Match,P10,F2,,Yes
Wilson Fabrics Broome Translucent Silver Fox,False,,,,,,Match,P10,F2,,Yes
Wilson Fabrics Broome Translucent TBA,False,,,,,,Match,P10,F2,,Yes
Turnils Collage Bryson Blockout Coconut,False,,,,,,Match,P10,F7,,Yes
Turnils Collage Bryson Blockout Natural Linen,False,,,,,,Match,P10,F7,,Yes
Turnils Collage Bryson Blockout Savannah,False,,,,,,Match,P10,F7,,Yes
Turnils Collage Bryson Blockout Pacific,False,,,,,,Match,P10,F7,,Yes
Turnils Collage Bryson Blockout Marrakesh,False,,,,,,Match,P10,F7,,Yes
Turnils Collage Bryson Blockout Granite,False,,,,,,Match,P10,F7,,Yes
Turnils Collage Bryson Blockout TBA,False,,,,,,Match,P10,F7,,Yes
Wilson Fabrics Buxton Blockout Charcoal,False,,,,,,Match,P10,F2,,Yes
Wilson Fabrics Buxton Blockout Eggshell,False,,,,,,Match,P10,F2,,Yes
Wilson Fabrics Buxton Blockout Granite,False,,,,,,Match,P10,F2,,Yes
Wilson Fabrics Buxton Blockout Mink,False,,,,,,Match,P10,F2,,Yes
Wilson Fabrics Buxton Blockout Pewter,False,,,,,,Match,P10,F2,,Yes
Wilson Fabrics Buxton Blockout Snow,False,,,,,,Match,P10,F2,,Yes
Wilson Fabrics Buxton Blockout Snowgum,False,,,,,,Match,P10,F2,,Yes
Wilson Fabrics Buxton Blockout Stone,False,,,,,,Match,P10,F2,,Yes
Wilson Fabrics Buxton Blockout TBA,False,,,,,,Match,P10,F2,,Yes
Louvolite Carnival Blockout Birch,False,,,,,,Match,P10,F2,,Yes
Louvolite Carnival Blockout Blossom,False,,,,,,Match,P10,F2,,Yes
Louvolite Carnival Blockout Bonbon,False,,,,,,Match,P10,F2,,Yes
Louvolite Carnival Blockout Buttercup,False,,,,,,Match,P10,F2,,Yes
Louvolite Carnival Blockout Caramel,False,,,,,,Match,P10,F2,,Yes
Louvolite Carnival Blockout Chartreuse,False,,,,,,Match,P10,F2,,Yes
Louvolite Carnival Blockout Chelsea Red,False,,,,,,Match,P10,F2,,Yes
Louvolite Carnival Blockout China White,False,,,,,,Match,P10,F2,,Yes
Louvolite Carnival Blockout Claret,False,,,,,,Match,P10,F2,,Yes
Louvolite Carnival Blockout Clay,False,,,,,,Match,P10,F2,,Yes
Louvolite Carnival Blockout Coral,False,,,,,,Match,P10,F2,,Yes
Louvolite Carnival Blockout Cornflour,False,,,,,,Match,P10,F2,,Yes
Louvolite Carnival Blockout Cream,False,,,,,,Match,P10,F2,,Yes
Louvolite Carnival Blockout Denim,False,,,,,,Match,P10,F2,,Yes
Louvolite Carnival Blockout Ecru,False,,,,,,Match,P10,F2,,Yes
Louvolite Carnival Blockout Fuschia,False,,,,,,Match,P10,F2,,Yes
Louvolite Carnival Blockout Grape,False,,,,,,Match,P10,F2,,Yes
Louvolite Carnival Blockout Heather,False,,,,,,Match,P10,F2,,Yes
Louvolite Carnival Blockout Hessian,False,,,,,,Match,P10,F2,,Yes
Louvolite Carnival Blockout Ivory,False,,,,,,Match,P10,F2,,Yes
Louvolite Carnival Blockout Ivy,False,,,,,,Match,P10,F2,,Yes
Louvolite Carnival Blockout Kiwi,False,,,,,,Match,P10,F2,,Yes
Louvolite Carnival Blockout Lily,False,,,,,,Match,P10,F2,,Yes
Louvolite Carnival Blockout Lime,False,,,,,,Match,P10,F2,,Yes
Louvolite Carnival Blockout Luna,False,,,,,,Match,P10,F2,,Yes
Louvolite Carnival Blockout Maraschino,False,,,,,,Match,P10,F2,,Yes
Louvolite Carnival Blockout Mink,False,,,,,,Match,P10,F2,,Yes
Louvolite Carnival Blockout Misty Blue,False,,,,,,Match,P10,F2,,Yes
Louvolite Carnival Blockout Mulberry,False,,,,,,Match,P10,F2,,Yes
Louvolite Carnival Blockout Navy,False,,,,,,Match,P10,F2,,Yes
Louvolite Carnival Blockout Ochre,False,,,,,,Match,P10,F2,,Yes
Louvolite Carnival Blockout Pacific,False,,,,,,Match,P10,F2,,Yes
Louvolite Carnival Blockout Paloma,False,,,,,,Match,P10,F2,,Yes
Louvolite Carnival Blockout Papaya,False,,,,,,Match,P10,F2,,Yes
Louvolite Carnival Blockout Peony,False,,,,,,Match,P10,F2,,Yes
Louvolite Carnival Blockout Pewter,False,,,,,,Match,P10,F2,,Yes
Louvolite Carnival Blockout Powder Blue,False,,,,,,Match,P10,F2,,Yes
Louvolite Carnival Blockout Praline,False,,,,,,Match,P10,F2,,Yes
Louvolite Carnival Blockout Purple,False,,,,,,Match,P10,F2,,Yes
Louvolite Carnival Blockout Raven,False,,,,,,Match,P10,F2,,Yes
Louvolite Carnival Blockout Royal,False,,,,,,Match,P10,F2,,Yes
Louvolite Carnival Blockout Scuba,False,,,,,,Match,P10,F2,,Yes
Louvolite Carnival Blockout Sky,False,,,,,,Match,P10,F2,,Yes
Louvolite Carnival Blockout Spring Green,False,,,,,,Match,P10,F2,,Yes
Louvolite Carnival Blockout Sunset,False,,,,,,Match,P10,F2,,Yes
Louvolite Carnival Blockout Taupe,False,,,,,,Match,P10,F2,,Yes
Louvolite Carnival Blockout TBA,False,,,,,,Match,P10,F2,,Yes
Louvolite Carnival Blockout Truffle,False,,,,,,Match,P10,F2,,Yes
Louvolite Carnival Blockout Willow,False,,,,,,Match,P10,F2,,Yes
Louvolite Carnival Blockout Dusk,False,,,,,,Match,P10,F2,,Yes
Texstyle Cascata Blockout TBA,False,,,,,,Match,P10,W13,3000,Yes
Texstyle Cascata Blockout Ardesia,False,,,,,,White,P10,W13,3000,Yes
Texstyle Cascata Blockout Avorio,False,,,,,,White,P10,W13,3000,Yes
Texstyle Cascata Blockout Baltico,False,,,,,,White,P10,W13,3000,Yes
Texstyle Cascata Blockout Corvo,False,,,,,,Black,P10,W13,3000,Yes
Texstyle Cascata Blockout Mercurio,False,,,,,,White,P10,W13,3000,Yes
Texstyle Cascata Blockout Neve,False,,,,,,White,P10,W13,3000,Yes
Texstyle Cascata Blockout Nuvola,False,,,,,,White,P10,W13,3000,Yes
Texstyle Cascata Blockout Pepe,False,,,,,,White,P10,W13,3000,Yes
Texstyle Cascata Blockout Grigio,False,,,,,,White,P10,W13,3000,Yes
Shann Window Fabrics Castille Blockout Black,False,,,,,,Match,P10,F7,,Yes
Shann Window Fabrics Castille Blockout Gravel,False,,,,,,Match,P10,F7,,Yes
Shann Window Fabrics Castille Blockout Concrete,False,,,,,,Match,P10,F7,,Yes
Shann Window Fabrics Castille Blockout Iron,False,,,,,,Match,P10,F7,,Yes
Shann Window Fabrics Castille Blockout Battleship,False,,,,,,Match,P10,F7,,Yes
Shann Window Fabrics Castille Blockout Ghost,False,,,,,,Match,P10,F7,,Yes
Shann Window Fabrics Castille Blockout Snow,False,,,,,,Match,P10,F7,,Yes
Shann Window Fabrics Castille Blockout Vanilla,False,,,,,,Match,P10,F7,,Yes
Shann Window Fabrics Castille Blockout Wheat,False,,,,,,Match,P10,F7,,Yes
Shann Window Fabrics Castille Blockout Paperbark,False,,,,,,Match,P10,F7,,Yes
Shann Window Fabrics Castille Blockout Twig,False,,,,,,Match,P10,F7,,Yes
Shann Window Fabrics Castille Blockout Earth,False,,,,,,Match,P10,F7,,Yes
Shann Window Fabrics Castille Blockout TBA,False,,,,,,Match,P10,F7,,Yes
Louvolite Chatsworth Blockout TBA,False,,,,,,Match,P10,F2,,Yes
Shaw Fabrics Chatsworth Blockout Aztec,False,,,,,,Match,P10,F12,,Yes
Shaw Fabrics Chatsworth Blockout Beluga,False,,,,,,Match,P10,F12,,Yes
Shaw Fabrics Chatsworth Blockout Cinnamon,False,,,,,,Match,P10,F12,,Yes
Shaw Fabrics Chatsworth Blockout Crystal,False,,,,,,Match,P10,F12,,Yes
Shaw Fabrics Chatsworth Blockout Fawn,False,,,,,,Match,P10,F12,,Yes
Shaw Fabrics Chatsworth Blockout Ganache,False,,,,,,Match,P10,F12,,Yes
Shaw Fabrics Chatsworth Blockout Gemstone,False,,,,,,Match,P10,F12,,Yes
Shaw Fabrics Chatsworth Blockout Lunar,False,,,,,,Match,P10,F12,,Yes
Shaw Fabrics Chatsworth Blockout Portabello,False,,,,,,Match,P10,F12,,Yes
Shaw Fabrics Chatsworth Blockout Rice,False,,,,,,Match,P10,F12,,Yes
Shaw Fabrics Chatsworth Blockout Royale,False,,,,,,Match,P10,F12,,Yes
Shaw Fabrics Chatsworth Blockout Shimmer,False,,,,,,Match,P10,F12,,Yes
Shaw Fabrics Chatsworth Blockout TBA,False,,,,,,Match,P10,F12,,Yes
Louvolite Cherry Blossom Blockout  Geisha,False,,,,,,Match,P10,F2,,Yes
Louvolite Cherry Blossom Blockout  Kimono,False,,,,,,Match,P10,F2,,Yes
Louvolite Cherry Blossom Blockout  Serenity,False,,,,,,Match,P10,F2,,Yes
Louvolite Cherry Blossom Blockout  TBA,False,,,,,,Match,P10,F2,,Yes
Hunter Douglas Chester Blockout TBA,False,,,,,,Match,P10,F14,,Yes
Hunter Douglas Chester Blockout Adobe,False,,,,,,Match,P10,F14,,Yes
Hunter Douglas Chester Blockout Scandi,False,,,,,,Match,P10,F14,,Yes
Hunter Douglas Chester Blockout Cedar,False,,,,,,Match,P10,F14,,Yes
Hunter Douglas Chester Blockout Felt,False,,,,,,Match,P10,F14,,Yes
Hunter Douglas Chester Blockout Metro,False,,,,,,Match,P10,F14,,Yes
Hunter Douglas Chester Blockout Crude,False,,,,,,Match,P10,F14,,Yes
Louvolite Cheviot Blockout TBA,False,,,,,,Match,P10,F2,,Yes
Louvolite Cheviot Blockout Quartz,False,White,Anodised Silver,Nickel Steel,,,Match,P10,F2,,Yes
Louvolite Cheviot Blockout Glacier,False,White,White,White,,,Match,P10,F2,,Yes
Louvolite Cheviot Blockout Stratus,False,White,Anodised Silver,Nickel Steel,,,Match,P10,F2,,Yes
Louvolite Cheviot Blockout Harbour,False,White,Anodised Silver,Nickel Steel,,,Match,P10,F2,,Yes
Louvolite Cheviot Blockout Pebble,False,White,Anodised Silver,Nickel Steel,,,Match,P10,F2,,Yes
Louvolite Chrysanthemum Blockout TBA,False,,,,,,Match,P10,F2,,Yes
Louvolite Collina Blockout Antique Gold,False,,,,,,Match,P10,F2,,Yes
Louvolite Collina Blockout Champange Fizz,False,,,,,,Match,P10,F2,,Yes
Louvolite Collina Blockout Diamond Dust,False,,,,,,Match,P10,F2,,Yes
Louvolite Collina Blockout Lily Pad,False,,,,,,Match,P10,F2,,Yes
Louvolite Collina Blockout Moonlight Mink,False,,,,,,Match,P10,F2,,Yes
Louvolite Collina Blockout TBA,False,,,,,,Match,P10,F2,,Yes
Wilson Fabrics Concord Blockout Bone,False,,,,,,Match,P10,F2,,Yes
Wilson Fabrics Concord Blockout Charcoal,False,,,,,,Match,P10,F2,,Yes
Wilson Fabrics Concord Blockout Cool Grey,False,,,,,,Match,P10,F2,,Yes
Wilson Fabrics Concord Blockout Mist,False,,,,,,Match,P10,F2,,Yes
Wilson Fabrics Concord Blockout Oyster,False,,,,,,Match,P10,F2,,Yes
Wilson Fabrics Concord Blockout Shark,False,,,,,,Match,P10,F2,,Yes
Wilson Fabrics Concord Blockout Snow,False,,,,,,Match,P10,F2,,Yes
Wilson Fabrics Concord Blockout TBA,False,,,,,,Match,P10,F2,,Yes
Wilson Fabrics Concord II Blockout Antique,False,,,,,,Match,P10,F2,,Yes
Wilson Fabrics Concord II Blockout Ash,False,,,,,,Match,P10,F2,,Yes
Wilson Fabrics Concord II Blockout Concrete,False,,,,,,Match,P10,F2,,Yes
Wilson Fabrics Concord II Blockout Ecru,False,,,,,,Match,P10,F2,,Yes
Wilson Fabrics Concord II Blockout Egret,False,,,,,,Match,P10,F2,,Yes
Wilson Fabrics Concord II Blockout Fog,False,,,,,,Match,P10,F2,,Yes
Wilson Fabrics Concord II Blockout Ironbark,False,,,,,,Match,P10,F2,,Yes
Wilson Fabrics Concord II Blockout Pebble,False,,,,,,Match,P10,F2,,Yes
Wilson Fabrics Concord II Blockout Silver,False,,,,,,Match,P10,F2,,Yes
Wilson Fabrics Concord II Blockout Slate,False,,,,,,Match,P10,F2,,Yes
Wilson Fabrics Concord II Blockout Stone,False,,,,,,Match,P10,F2,,Yes
Wilson Fabrics Concord II Blockout TBA,False,,,,,,Match,P10,F2,,Yes
Louvolite Cosmic Dream Blockout TBA,False,,,,,,Match,P10,F2,,Yes
Louvolite Crush Blockout Cream,False,,,,,,Match,P10,F2,,Yes
Louvolite Crush Blockout Neutrals ,False,,,,,,Match,P10,F2,,Yes
Louvolite Crush Blockout Whisper White,False,,,,,,Match,P10,F2,,Yes
Louvolite Crush Blockout TBA,False,,,,,,Match,P10,F2,,Yes
Wilson Fabrics Daintree Blockout Charcoal,False,Black,Black,Black,,,Match,P10,F2,,Yes
Wilson Fabrics Daintree Blockout Cream,False,,,,,,Match,P10,F2,,Yes
Wilson Fabrics Daintree Blockout Granite,False,,,,,,Match,P10,F2,,Yes
Wilson Fabrics Daintree Blockout Linen,False,,,,,,Match,P10,F2,,Yes
Wilson Fabrics Daintree Blockout Mist,False,,,,,,Match,P10,F2,,Yes
Wilson Fabrics Daintree Blockout Pebble,False,,,,,,Match,P10,F2,,Yes
Wilson Fabrics Daintree Blockout Silver,False,,,,,,Match,P10,F2,,Yes
Wilson Fabrics Daintree Blockout White,False,,,,,,Match,P10,F2,,Yes
Wilson Fabrics Daintree Blockout TBA,False,,,,,,Match,P10,F2,,Yes
Louvolite Damask B/O Stone,False,White,Bone,White,,,Match,P10,F2,,Yes
Louvolite Denim Blockout TBA,False,,,,,,Match,P10,F2,,Yes
Louvolite Dinosaurs Blockout TBA,False,,,,,,Match,P10,F2,,Yes
Shaw Fabrics Duo Blockout Aztec,False,,,,,,Match,P10,F12,,Yes
Shaw Fabrics Duo Blockout Basalt,False,Black,Black,Black,,,Match,P10,F12,,Yes
Shaw Fabrics Duo Blockout Dove,False,,,,,,Match,P10,F12,,Yes
Shaw Fabrics Duo Blockout Iron,False,,,,,,Match,P10,F12,,Yes
Shaw Fabrics Duo Blockout Nova,False,,,,,,Match,P10,F12,,Yes
Shaw Fabrics Duo Blockout Salt,False,,,,,,Match,P10,F12,,Yes
Shaw Fabrics Duo Blockout Shadow,False,,,,,,Match,P10,F12,,Yes
Shaw Fabrics Duo Blockout Stella,False,,,,,,Match,P10,F12,,Yes
Shaw Fabrics Duo Blockout TBA,False,,,,,,Match,P10,F12,,Yes
Shaw Fabrics Duo Blockout Tempo,False,,,,,,Match,P10,F12,,Yes
Shaw Fabrics Edge Blockout Alabaster,False,,,,,,Match,P10,F12,,Yes
Shaw Fabrics Edge Blockout Ammonite,False,,,,,,Match,P10,F12,,Yes
Shaw Fabrics Edge Blockout Bright White,False,,,,,,Match,P10,F12,,Yes
Shaw Fabrics Edge Blockout Calico,False,,,,,,Match,P10,F12,,Yes
Shaw Fabrics Edge Blockout Charcoal,False,,,,,,Match,P10,F12,,Yes
Shaw Fabrics Edge Blockout Ironstone,False,,,,,,Match,P10,F12,,Yes
Shaw Fabrics Edge Blockout Pumice,False,,,,,,Match,P10,F12,,Yes
Shaw Fabrics Edge Blockout Soft Grey,False,,,,,,Match,P10,F12,,Yes
Shaw Fabrics Edge Blockout TBA,False,,,,,,Match,P10,F12,,Yes
Hunter Douglas Elements Blockout TBA,False,,,,,,Match,P10,F14,,Yes
Hunter Douglas Elements Blockout White,False,,,,,,Match,P10,F14,,Yes
Hunter Douglas Elements Blockout Pearl,False,,,,,,Match,P10,F14,,Yes
Hunter Douglas Elements Blockout Linen,False,,,,,,Match,P10,F14,,Yes
Hunter Douglas Elements Blockout Weathered Stone,False,,,,,,Match,P10,F14,,Yes
Hunter Douglas Elements Blockout Storm Wheat BV,False,,,,,,Match,P10,F14,,Yes
Hunter Douglas Elements Blockout Pebble,False,,,,,,Match,P10,F14,,Yes
Hunter Douglas Elements Blockout Shale,False,,,,,,Match,P10,F14,,Yes
Hunter Douglas Elements Blockout Midnight Storm,False,,,,,,Match,P10,F14,,Yes
Hunter Douglas Elements Blockout Midnight Bronze,False,,,,,,Match,P10,F14,,Yes
Hunter Douglas Elements Blockout Midnight Smudge,False,,,,,,Match,P10,F14,,Yes
Hunter Douglas Elements Blockout Midnight,False,,,,,,Match,P10,F14,,Yes
Hunter Douglas Elements Blockout Athena,False,,,,,,Match,P10,F14,,Yes
Hunter Douglas Elements Blockout Zurich,False,,,,,,Match,P10,F14,,Yes
Hunter Douglas Elements Blockout Spoon,False,,,,,,Match,P10,F14,,Yes
Hunter Douglas Elements Blockout Pure White,False,,,,,,Match,P10,F14,,Yes
Shaw Fabrics Endota Blockout Blanched Almond,False,,,,,,Match,P10,F12,,Yes
Shaw Fabrics Endota Blockout Cashmere,False,Grey,Bone,Grey,,,Match,P10,F12,,Yes
Shaw Fabrics Endota Blockout Cool Black,False,Black,Black,Black,,,Match,P10,F12,,Yes
Shaw Fabrics Endota Blockout Eucalypt,False,,,,,,Match,P10,F12,,Yes
Shaw Fabrics Endota Blockout Flagstone,False,,,,,,Match,P10,F12,,Yes
Shaw Fabrics Endota Blockout Gentle Grey,False,,,,,,Match,P10,F12,,Yes
Shaw Fabrics Endota Blockout Smokey,False,,,,,,Match,P10,F12,,Yes
Shaw Fabrics Endota Blockout Soft Sable,False,,,,,,Match,P10,F12,,Yes
Shaw Fabrics Endota Blockout Natural White,False,White,White,White,,,Match,P10,F12,,Yes
Shaw Fabrics Endota Blockout Pastel,False,,,,,,Match,P10,F12,,Yes
Shaw Fabrics Endota Blockout Optic,False,White,White,White,,,Match,P10,F12,,Yes
Shaw Fabrics Endota Blockout TBA,False,,,,,,Match,P10,F12,,Yes
Texstyle Enviroblock Blockout Arctic,False,,,,,,Match,P10,F15,,Yes
Texstyle Enviroblock Blockout Beige,False,,,,,,Match,P10,F15,,Yes
Texstyle Enviroblock Blockout Bronze Pearl,False,,,,,,Match,P10,F15,,Yes
Texstyle Enviroblock Blockout Icon,False,,,,,,Match,P10,F15,,Yes
Texstyle Enviroblock Blockout Raven,False,,,,,,Match,P10,F15,,Yes
Texstyle Enviroblock Blockout Shimmer,False,,,,,,Match,P10,F15,,Yes
Texstyle Enviroblock Blockout Stone,False,,,,,,Match,P10,F15,,Yes
Texstyle Enviroblock Blockout TBA,False,,,,,,Match,P10,F15,,Yes
Texstyle Gala Blockout Anchor,False,White,Anodised Silver,Nickel Steel,,,White,P10,F10,x3000x,Yes
Texstyle Gala Blockout Apple,False,White,Anodised Silver,Nickel Steel,,,White,P10,F10,x3000x,Yes
Texstyle Gala Blockout Atlantic,False,White,Anodised Silver,Nickel Steel,,,White,P10,F10,x3000x,Yes
Texstyle Gala Blockout Beach,False,White,White,White,,,White,P10,F10,x3000x,Yes
Texstyle Gala Blockout Boardwalk,False,White,Anodised Silver,Nickel Steel,,,White,P10,F10,x3000x,Yes
Texstyle Gala Blockout Bounty,False,White,White,White,,,White,P10,F10,x3000x,Yes
Texstyle Gala Blockout Breeze,False,White,White,White,,,White,P10,F10,x3000x,Yes
Texstyle Gala Blockout Chilli,False,White,Anodised Silver,Nickel Steel,,,White,P10,F10,x3000x,Yes
Texstyle Gala Blockout Dusk,False,White,White,White,,,White,P10,F10,x3000x,Yes
Texstyle Gala Blockout Eclipse,False,Black,Black,Black,,,Black,P10,F10,x3000x,Yes
Texstyle Gala Blockout Espy,False,White,Anodised Silver,Nickel Steel,,Cream,White,P10,F10,x3000x,Yes
Texstyle Gala Blockout Feather,False,White,Anodised Silver,Nickel Steel,,,White,P10,F10,x3000x,Yes
Texstyle Gala Blockout Fog,False,White,White,White,,,White,P10,F10,x3000x,Yes
Texstyle Gala Blockout Frost,False,White,White,White,,,White,P10,F10,x3000x,Yes
Texstyle Gala Blockout Harbour,False,Black,Black,Black,,,White,P10,F10,x3000x,Yes
Texstyle Gala Blockout Island,False,White,Anodised Silver,Nickel Steel,,,White,P10,F10,x3000x,Yes
Texstyle Gala Blockout Jetty,False,White,Anodised Silver,Nickel Steel,,,White,P10,F10,x3000x,Yes
Texstyle Gala Blockout Pelican,False,White,White,White,,,White,P10,F10,x3000x,Yes
Texstyle Gala Blockout Salt,False,White,White,White,,,White,P10,F10,x3000x,Yes
Texstyle Gala Blockout Seashell,False,White,White,White,,,White,P10,F10,x3000x,Yes
Texstyle Gala Blockout Splash,False,White,Anodised Silver,Nickel Steel,,,White,P10,F10,x3000x,Yes
Texstyle Gala Blockout Twilight,False,Black,Black,Black,,,Black,P10,F10,x3000x,Yes
Shaw Fabrics Icon FR Blockout Ceylon,False,White,White,White,,,Match,P10,F12,,Yes
Shaw Fabrics Icon FR Blockout Flora,False,White,White,White,,,Match,P10,F12,,Yes
Shaw Fabrics Icon FR Blockout Harbour,False,White,White,White,,,Match,P10,F12,,Yes
Shaw Fabrics Icon FR Blockout Jet,False,Black,Black,Black,,,Match,P10,F12,,Yes
Shaw Fabrics Icon FR Blockout Leather,False,Black,Black,Black,,,Match,P10,F12,,Yes
Shaw Fabrics Icon FR Blockout Liquorice,False,Black,Black,Black,,,Match,P10,F12,,Yes
Shaw Fabrics Icon FR Blockout Maritime,False,Black,Black,Black,,,Match,P10,F12,,Yes
Shaw Fabrics Icon FR Blockout Osprey,False,White,White,White,,,Match,P10,F12,,Yes
Shaw Fabrics Icon FR Blockout Papyrus,False,Beige,Beige,Beige,,,Match,P10,F12,,Yes
Shaw Fabrics Icon FR Blockout Sail,False,Birch White,Sandstone,Birch White,,,Match,P10,F12,,Yes
Shaw Fabrics Icon FR Blockout Sculpture,False,White,White,White,,,Match,P10,F12,,Yes
Shaw Fabrics Icon FR Blockout Sea Mist,False,White,White,White,,,Match,P10,F12,,Yes
Shaw Fabrics Icon FR Blockout Solar,False,White,White,White,,,Match,P10,F12,,Yes
Shaw Fabrics Icon FR Blockout Stonewash,False,White,White,White,,,Match,P10,F12,,Yes
Shaw Fabrics Icon FR Blockout Taurus,False,White,White,White,,,Match,P10,F12,,Yes
Shaw Fabrics Icon FR Blockout TBA,False,White,White,White,,,Match,P10,F12,,Yes
Louvolite Iona Blockout TBA,False,,,,,,Match,P10,F2,,Yes
Louvolite Iona Blockout Forest,False,,,,,,Match,P10,F2,,Yes
Texstyle Jersey Blockout Opal,True,White,White,White,,,White,P10,W7,3000,Yes
Texstyle Jersey Blockout Organic,False,White,Anodised Silver,Nickel Steel,,,White,P10,W7,3000,Yes
Texstyle Jersey Blockout Pavement,False,Black,Black,Black,,,Black,P10,W7,3000,Yes
Texstyle Jersey Blockout Render,True,Birch White,Bone,Birch White,,,White,P10,W7,3000,Yes
Texstyle Jersey Blockout Steel,False,White,Anodised Silver,Nickel Steel,Colour No. 77,,White,P10,W7,3000,Yes
Texstyle Jersey Blockout Stone,False,Birch White,Sandstone,Birch White,,,White,P10,W7,3000,Yes
Texstyle Jersey Blockout TBA,False,,,,,,Match,P10,W7,3000,Yes
Texstyle Jersey Blockout Timber,False,Beige,Anodised Silver,Beige,Colour No. 9,,White,P10,W7,3000,Yes
Texstyle Jersey Blockout Lace,False,White,Bone,White,,White,White,P10,W7,3000,Yes
Texstyle Jersey Blockout Mink,False,Grey,Anodised Silver,Grey,,,Match,P10,W7,3000,Yes
Texstyle Jersey Blockout Ashen,False,Grey,Anodised Silver,Nickel Steel,,,Match,P10,W7,3000,Yes
Texstyle Jersey Blockout Willow,False,White,White,Nickel Steel,,,Match,P10,W7,3000,Yes
Texstyle Jersey Blockout Cinder,False,Grey,Anodised Silver,Grey,,,Match,P10,W7,3000,Yes
Texstyle Jersey Blockout Sable,False,Black,Black,Nickel Steel,,Light Grey,Match,P10,W7,3000,Yes
Texstyle Jersey Blockout Basalt,False,Black,Black,Black,,,Match,P10,W7,3000,Yes
Texstyle Jersey Blockout Ember,False,Black ,Black,Black,,,Match,P10,W7,3000,Yes
Shaw Fabrics Karma Blockout Cliff,False,,,,,,Match,P10,F9,3000,Yes
Shaw Fabrics Karma Blockout Dew,False,,,,,,Match,P10,F9,3000,Yes
Shaw Fabrics Karma Blockout Frost,False,White,White,White,,,Match,P10,F9,3000,Yes
Shaw Fabrics Karma Blockout Glade,False,White,White,White,,,Match,P10,F9,3000,Yes
Shaw Fabrics Karma Blockout Haze,False,,,,,,Match,P10,F9,3000,Yes
Shaw Fabrics Karma Blockout Magma,False,Black,Black,Black,,,Match,P10,F9,3000,Yes
Shaw Fabrics Karma Blockout Moonscape,False,,,,,,Match,P10,F9,3000,Yes
Shaw Fabrics Karma Blockout Ocean,False,,,,,,Match,P10,F9,3000,Yes
Shaw Fabrics Karma Blockout Petrol,False,,,,,,Match,P10,F9,3000,Yes
Shaw Fabrics Karma Blockout Rock,False,,,,,,Match,P10,F9,3000,Yes
Shaw Fabrics Karma Blockout Sandstone,False,,,,,,Match,P10,F9,3000,Yes
Shaw Fabrics Karma Blockout Shell,False,,,,,,Match,P10,F9,3000,Yes
Shaw Fabrics Karma Blockout TBA,False,,,,,,Match,P10,F9,3000,Yes
Hunter Douglas Kenross Blockout TBA,False,,,,,,Match,P10,F14,,Yes
Hunter Douglas Kenross Blockout Lace,False,,,,,,Match,P10,F14,,Yes
Hunter Douglas Kenross Blockout Light Cream,False,,,,,,Match,P10,F14,,Yes
Hunter Douglas Kenross Blockout Gazelle,False,,,,,,Match,P10,F14,,Yes
Hunter Douglas Kenross Blockout Fog,False,,,,,,Match,P10,F14,,Yes
Hunter Douglas Kenross Blockout Natural,False,,,,,,Match,P10,F14,,Yes
Hunter Douglas Kenross Blockout Haze,False,,,,,,Match,P10,F14,,Yes
Hunter Douglas Kenross Blockout Dove,False,,,,,,Match,P10,F14,,Yes
Hunter Douglas Kenross Blockout Slate,False,,,,,,Match,P10,F14,,Yes
Hunter Douglas Kenross Blockout Graphite,False,,,,,,Match,P10,F14,,Yes
Texstyle Kew Blockout Bark,False,White,Anodised Silver,Nickle Steel,,Beige,White,P10,F11,3000,Yes
Texstyle Kew Blockout Clay,False,Beige,Anodised Silver,Beige,,,White,P10,F11,3000,Yes
Texstyle Kew Blockout Earth,False,White,Anodised Silver,Nickle Steel,,,White,P10,F11,3000,Yes
Texstyle Kew Blockout Flint,False,Black,Anodised Silver,Nickle Steel,,,Black,P10,F11,3000,Yes
Texstyle Kew Blockout Natural,False,White,White ,White,,,White,P10,F11,3000,Yes
Texstyle Kew Blockout Oak,False,Beige,Anodised Silver,Beige,,,White,P10,F11,3000,Yes
Texstyle Kew Blockout Oatmeal,False,Birch White,Sandstone,Birch White,,,White,P10,F11,3000,Yes
Texstyle Kew Blockout Orca,False,White,Anodised Silver,Nickle Steel,,,White,P10,F11,3000,Yes
Texstyle Kew Blockout Pebble,False,White,Anodised Silver,Nickle Steel,,,White,P10,F11,3000,Yes
Texstyle Kew Blockout Pewter,False,White,Anodised Silver,Nickle Steel,,,White,P10,F11,3000,Yes
Texstyle Kew Blockout TBA,False,,,,,,Match,P10,F11,3000,Yes
Texstyle Kew Blockout Tobacco,False,White,Anodised Silver,Nickle Steel,,,White,P10,F11,3000,Yes
Texstyle Kew Blockout Whisper,False,White,White,White,,,White,P10,F11,3000,Yes
Texstyle Kleenscreen Blockout Alloy,False,Grey,Anodised Silver,Grey,,,White,U3,W3,3000,Yes
Texstyle Kleenscreen Blockout Barley,False,Birch White,Sandstone,BIrch White,,,White,U3,W3,3000,Yes
Texstyle Kleenscreen Blockout Black,False,Black,Black,Black,,,Black,U3,W3,3000,Yes
Texstyle Kleenscreen Blockout Black Pearl,False,Black,Black,Black,,,Black,U3,W3,3000,Yes
Texstyle Kleenscreen Blockout Charcoal,False,Black,Black,Black,,,Black,U3,W3,3000,Yes
Texstyle Kleenscreen Blockout Ice,False,,,,,,White,U3,W3,3000,Yes
Texstyle Kleenscreen Blockout Pewter,False,,,,,,Match,U3,W3,3000,Yes
Texstyle Kleenscreen Blockout Pumice,False,,,,,,Match,U3,W3,3000,Yes
Shaw Fabrics Le Reve Blockout Chalk,False,,,,,,Match,P10,F6,3000,Yes
Shaw Fabrics Le Reve Blockout Concrete,False,,,,,,Match,P10,F6,3000,Yes
Shaw Fabrics Le Reve Blockout Crystal,False,White,White,White,,,Match,P10,F6,3000,Yes
Shaw Fabrics Le Reve Blockout Graphite,False,,,,,,Match,P10,F6,3000,Yes
Shaw Fabrics Le Reve Blockout Marble,False,Beige,Anodised Silver,Nickle Steel,,,Match,P10,F6,3000,Yes
Shaw Fabrics Le Reve Blockout Mink,False,White,Anodised Silver,Nickle Steel,,,Match,P10,F6,3000,Yes
Shaw Fabrics Le Reve Blockout Onyx,False,,,,,,Match,P10,F6,3000,Yes
Shaw Fabrics Le Reve Blockout Pewter,False,Black,Anodised Silver,Nickle Steel,,,Match,P10,F6,3000,Yes
Shaw Fabrics Le Reve Blockout Sand,False,Beige,Anodised Silver,Nickle Steel,,,Match,P10,F6,3000,Yes
Shaw Fabrics Le Reve Blockout Shell,False,White,White,White,,,Match,P10,F6,3000,Yes
Shaw Fabrics Le Reve Blockout TBA,False,,,,,,Match,P10,F6,3000,Yes
Shaw Fabrics Linesque Blockout Almond,False,Birch White,Sandstone,Birch White,,,Match,P10,F11,3000,Yes
Shaw Fabrics Linesque Blockout Aspen,False,White,,White,,,Match,P10,F11,3000,Yes
Shaw Fabrics Linesque Blockout Blanco,False,,,,,White,Match,P10,F11,3000,Yes
Shaw Fabrics Linesque Blockout Breeze,False,,,,,,Match,P10,F11,3000,Yes
Shaw Fabrics Linesque Blockout Denim,False,,,,,,Match,P10,F11,3000,Yes
Shaw Fabrics Linesque Blockout Dove,False,,,,,,Match,P10,F11,3000,Yes
Shaw Fabrics Linesque Blockout Fig,False,,,,,,Match,P10,F11,3000,Yes
Shaw Fabrics Linesque Blockout Fleece,False,Grey,Anodised Silver,Grey,,,White,P10,F11,3000,Yes
Shaw Fabrics Linesque Blockout Fossil,False,White,White,White,,,White,P10,F11,3000,Yes
Shaw Fabrics Linesque Blockout Raffia,False,,,,,,Match,P10,F11,3000,Yes
Shaw Fabrics Linesque Blockout Soba,False,Birch White,Bone,Birch White,,,Match,P10,F11,3000,Yes
Shaw Fabrics Linesque Blockout TBA,False,,,,,,Match,P10,F11,3000,Yes
Shaw Fabrics Linesque Blockout Vine,False,,,,,,Match,P10,F11,3000,Yes
Louvolite Magnolia Blockout Inky,False,,,,,,Match,P10,F2,,Yes
Louvolite Magnolia Blockout Pipin,False,,,,,,Match,P10,F2,,Yes
Louvolite Magnolia Blockout Rosa,False,,,,,,Match,P10,F2,,Yes
Shaw Fabrics Mantra Blockout Cotton,False,White,White,White,,,Match,P10,F5,3000,Yes
Shaw Fabrics Mantra Blockout Flint,False,Black,Black,Black,,,Match,P10,F5,3000,Yes
Shaw Fabrics Mantra Blockout Opal,False,White,White,White,,,Match,P10,F5,3000,Yes
Shaw Fabrics Mantra Blockout Parchment,False,White,Anodised Silver,Nickel Steel,,,Match,P10,F5,3000,Yes
Shaw Fabrics Mantra Blockout Seagrass,False,White,Anodised Silver,Nickel Steel,,,Match,P10,F5,3000,Yes
Shaw Fabrics Mantra Blockout Seed Pearl,False,White,Anodised Silver,Nickel Steel,,,Match,P10,F5,3000,Yes
Shaw Fabrics Mantra Blockout Sesame,False,Beige,Anodised Silver,Nickel Steel,,,Match,P10,F5,3000,Yes
Shaw Fabrics Mantra Blockout Spice,False,Black,Black,Black,,,Match,P10,F5,3000,Yes
Shaw Fabrics Mantra Blockout TBA,False,,,,,,Match,P10,F5,3000,Yes
Shaw Fabrics Mantra Blockout Pebble,False,,,,,,Match,P10,F5,3000,Yes
Louvolite Marley Blockout TBA,False,,,,,,Match,P10,F2,,Yes
Wilson Fabrics Marley Blockout Charcoal,False,,,,,,Match,P10,F2,,Yes
Wilson Fabrics Marley Blockout Fossil,False,,,,,,Match,P10,F2,,Yes
Wilson Fabrics Marley Blockout Natural,False,White,White,White,,,Match,P10,F2,,Yes
Wilson Fabrics Marley Blockout Ocean,False,,,,,,Match,P10,F2,,Yes
Wilson Fabrics Marley Blockout Pewter,False,,,,,,Match,P10,F2,,Yes
Wilson Fabrics Marley Blockout Steel,False,,,,,,Match,P10,F2,,Yes
Wilson Fabrics Marley Blockout Stone,False,,,,,,Match,P10,F2,,Yes
Wilson Fabrics Marley Blockout TBA,False,,,,,,Match,P10,F2,,Yes
Wilson Fabrics Marley Blockout White,False,,,,,,Match,P10,F2,,Yes
Louvolite Matrix Blockout TBA,False,,,,,,Match,P10,F2,,Yes
Wilson Fabrics Matrix Blockout Coffee,False,,,,,,Match,P10,F2,,Yes
Wilson Fabrics Matrix Blockout Ebony,False,,,,,,Match,P10,F2,,Yes
Wilson Fabrics Matrix Blockout Grey,False,,,,,,Match,P10,F2,,Yes
Wilson Fabrics Matrix Blockout Ivory,False,,,,,,Match,P10,F2,,Yes
Wilson Fabrics Matrix Blockout Mink,False,,,,,,Match,P10,F2,,Yes
Wilson Fabrics Matrix Blockout Pearl,False,,,,,,Match,P10,F2,,Yes
Wilson Fabrics Matrix Blockout Pewter,False,,,,,,Match,P10,F2,,Yes
Wilson Fabrics Matrix Blockout Pristine,False,,,,,,Match,P10,F2,,Yes
Wilson Fabrics Matrix Blockout Stone,False,,,,,,Match,P10,F2,,Yes
Wilson Fabrics Matrix Blockout TBA,False,,,,,,Match,P10,F2,,Yes
Wilson Fabrics Matrix Blockout White,False,,,,,,Match,P10,F2,,Yes
Wilson Fabrics Mercury II Blockout Ash,False,White,Anodised Silver,Nickel Steel,,,Match,P10,F2,,Yes
Wilson Fabrics Mercury II Blockout Black,False,Black,Black,Black,,,Match,P10,F2,,Yes
Wilson Fabrics Mercury II Blockout Chinchilla,False,White,Anodised Silver,Nickel Steel,,,Match,P10,F2,,Yes
Wilson Fabrics Mercury II Blockout Cinder,False,White,Anodised Silver,Nickel Steel,,,Match,P10,F2,,Yes
Wilson Fabrics Mercury II Blockout Cream,False,White,Anodised Silver,Nickel Steel,,,Match,P10,F2,,Yes
Wilson Fabrics Mercury II Blockout Ironbark,False,White,Anodised Silver,Nickel Steel,,,Match,P10,F2,,Yes
Wilson Fabrics Mercury II Blockout Silver,False,White,Anodised Silver,Nickel Steel,,,Match,P10,F2,,Yes
Wilson Fabrics Mercury II Blockout Snow,False,White,Anodised Silver,Nickel Steel,,,Match,P10,F2,,Yes
Wilson Fabrics Mercury II Blockout Snowgum,False,White,Anodised Silver,Nickel Steel,,,Match,P10,F2,,Yes
Wilson Fabrics Mercury II Blockout Steel,False,Black,Anodised Silver,Nickel Steel,,,Match,P10,F2,,Yes
Wilson Fabrics Mercury II Blockout Stone,False,Beige,Anodised Silver,Nickel Steel,,,Match,P10,F2,,Yes
Wilson Fabrics Mercury II Blockout TBA,False,,,,,,Match,P10,F2,,Yes
Wilson Fabrics Mercury II Blockout White,False,White,White,White,,,Match,P10,F2,,Yes
Texstyle Metroshade Blockout Black,False,Black,Black,Black,,,Black,P10,W1,3000,Yes
Texstyle Metroshade Blockout Dove/White,False,White,White,White,,,White,P10,W1,3000,Yes
Texstyle Metroshade Blockout Ecru,False,White,Bone,White,,,White,P10,W1,3000,Yes
Texstyle Metroshade Blockout Ice Grey,False,White,White,White,,,White,P10,W1,3000,Yes
Texstyle Metroshade Blockout Moonstone,False,White,Anodised Silver,Nickel Steel,,,White,P10,W1,3000,Yes
Texstyle Metroshade Blockout Nougat,False,Birch White,Sandstone,Birch White,,Cream,White,P10,W1,3000,Yes
Texstyle Metroshade Blockout Pebble,False,,Anodised Silver,Nickel Steel,,,White,P10,W1,3000,Yes
Texstyle Metroshade Blockout Quill,False,White,Anodised Silver,Nickel Steel,77,,White,P10,W1,3000,Yes
Texstyle Metroshade Blockout Seal,False,Grey,Anodised Silver,Nickel Steel,,,White,P10,W1,3000,Yes
Texstyle Metroshade Blockout Slate,False,,Anodised Silver,Nickel Steel,,,White,P10,W1,3000,Yes
Texstyle Metroshade Blockout Storm,False,Black,Anodised Silver,Black,,,Black,P10,W1,3000,Yes
Texstyle Metroshade Blockout TBA,False,,,,,,Match,P10,W1,3000,Yes
Texstyle Metroshade Blockout Whitewash,False,White,White,White,,,White,P10,W1,3000,Yes
Wilson Fabrics Moma Blockout Black,False,,,,,,Match,P10,F2,,Yes
Wilson Fabrics Moma Blockout Iron,False,,,,,,Match,P10,F2,,Yes
Wilson Fabrics Moma Blockout Shitake,False,,,,,,Match,P10,F2,,Yes
Wilson Fabrics Moma Blockout Snow,False,,,,,,Match,P10,F2,,Yes
Wilson Fabrics Moma Blockout Stone,False,,,,,,Match,P10,F2,,Yes
Wilson Fabrics Moma Blockout TBA,False,,,,,,Match,P10,F2,,Yes
Wilson Fabrics Moma Blockout White,False,,,,,,Match,P10,F2,,Yes
Louvolite Night Night Blockout Glow,False,,,,,,Match,P10,F2,,Yes
Louvolite Night Safari Blockout TBA,False,,,,,,Match,P10,F2,,Yes
Texstyle One Block Blockout Black,False,Black,Black,Black,,,Match,P10,F15,3000,Yes
Texstyle One Block Blockout Charcoal,False,Black,Black,Black,,,Match,P10,F15,3000,Yes
Texstyle One Block Blockout Dune,False,Beige,Anodised Silver,Beige,,,Match,P10,F15,3000,Yes
Texstyle One Block Blockout Grey,False,White,Anodised Silver,Nickel Steel,,,Match,P10,F15,3000,Yes
Texstyle One Block Blockout Gunmetal,False,White,Anodised Silver,Nickel Steel,,,Match,P10,F15,3000,Yes
Texstyle One Block Blockout Ice,False,White,White,White,,,Match,P10,F15,3000,Yes
Texstyle One Block Blockout Linen Bronze,False,Beige,Anodised Silver,Beige,,,Match,P10,F15,3000,Yes
Texstyle One Block Blockout Mercury,False,Black,Black,Black,,,Match,P10,F15,3000,Yes
Texstyle One Block Blockout Sand,False,Beige,Anodised Silver,Beige,,,Match,P10,F15,3000,Yes
Texstyle One Block Blockout Silver Black,False,Black,Anodised Silver,Black,,,Match,P10,F15,3000,Yes
Texstyle One Block Blockout TBA,False,,,,,,Match,P10,F15,3000,Yes
Texstyle One Block Blockout Wallaby,False,Beige,Anodised Silver,Beige,,,Match,P10,F15,3000,Yes
Texstyle One Block Blockout White,False,White,Anodised Silver,Nickel Steel,,,Match,P10,F15,3000,Yes
Louvolite Ophelia Blockout TBA,False,,,,,,Match,P10,F2,,Yes
Louvolite Oxley Blockout TBA,False,,,,,,Match,P10,F2,,Yes
Louvolite Oxley Blockout French Grey,False,,,,,,Match,P10,F2,,Yes
Shaw Fabrics Palm Beach Blockout Angora,False,,,,,,Match,P10,F5,3000,Yes
Shaw Fabrics Palm Beach Blockout Dusk,False,,,,,,Match,P10,F5,3000,Yes
Shaw Fabrics Palm Beach Blockout Gull,False,Grey,Anodised Silver,,,,Match,P10,F5,3000,Yes
Shaw Fabrics Palm Beach Blockout Horizon,False,,,,,,Match,P10,F5,3000,Yes
Shaw Fabrics Palm Beach Blockout Ink,False,,,,,,Match,P10,F5,3000,Yes
Shaw Fabrics Palm Beach Blockout Iron,False,,,,,,Match,P10,F5,3000,Yes
Shaw Fabrics Palm Beach Blockout Jasmine,False,,,,,,Match,P10,F5,3000,Yes
Shaw Fabrics Palm Beach Blockout Lyric,False,,,,,,Match,P10,F5,3000,Yes
Shaw Fabrics Palm Beach Blockout Merino,False,,,,,,Match,P10,F5,3000,Yes
Shaw Fabrics Palm Beach Blockout Monsoon,False,,,,,,Match,P10,F5,3000,Yes
Shaw Fabrics Palm Beach Blockout Pearl,False,,,,,,Match,P10,F5,3000,Yes
Shaw Fabrics Palm Beach Blockout Porpoise,False,,,,,,Match,P10,F5,3000,Yes
Shaw Fabrics Palm Beach Blockout Quartz,False,,,,,,Match,P10,F5,3000,Yes
Shaw Fabrics Palm Beach Blockout Quill,False,,,,,,Match,P10,F5,3000,Yes
Shaw Fabrics Palm Beach Blockout Steel,False,,,,,,Match,P10,F5,3000,Yes
Shaw Fabrics Palm Beach Blockout Summer Storm,False,,,,,,Match,P10,F5,3000,Yes
Shaw Fabrics Palm Beach Blockout TBA,False,,,,,,Match,P10,F5,3000,Yes
Shaw Fabrics Palm Beach Blockout Thunder,False,,,,,,Match,P10,F5,3000,Yes
Shaw Fabrics Palm Beach Blockout Urban,False,,,,,,Match,P10,F5,3000,Yes
Hunter Douglas Petra Blockout TBA,False,,,,,,Match,P10,F14,,Yes
Hunter Douglas Petra Blockout Foam,False,,,,,,Match,P10,F14,,Yes
Hunter Douglas Petra Blockout Brulee,False,,,,,,Match,P10,F14,,Yes
Hunter Douglas Petra Blockout Organic,False,,,,,,Match,P10,F14,,Yes
Hunter Douglas Petra Blockout Osprey,False,,,,,,Match,P10,F14,,Yes
Hunter Douglas Petra Blockout Oyster,False,,,,,,Match,P10,F14,,Yes
Hunter Douglas Petra Blockout Shimmer,False,,,,,,Match,P10,F14,,Yes
Hunter Douglas Petra Blockout Raven,False,,,,,,Match,P10,F14,,Yes
Hunter Douglas Petra Blockout Symphony,False,,,,,,Match,P10,F14,,Yes
Louvolite Planetarium Blockout TBA,False,,,,,,Match,P10,F2,,Yes
Four Families Resene Blockout Alabaster,False,,,,,,Match,P10,F7,,Yes
Four Families Resene Blockout All Black,False,,,,,,Match,P10,F7,,Yes
Four Families Resene Blockout Baltic Sea,False,,,,,,Match,P10,F7,,Yes
Four Families Resene Blockout Black White,False,,,,,,Match,P10,F7,,Yes
Four Families Resene Blockout Bokara Grey,False,,,,,,Match,P10,F7,,Yes
Four Families Resene Blockout Concrete,False,,,,,,Match,P10,F7,,Yes
Four Families Resene Blockout Double Stack,False,,,,,,Match,P10,F7,,Yes
Four Families Resene Blockout Masala,False,,,,,,Match,P10,F7,,Yes
Four Families Resene Blockout Quarter Tea,False,,,,,,Match,P10,F7,,Yes
Four Families Resene Blockout Rice Cake,False,,,,,,Match,P10,F7,,Yes
Four Families Resene Blockout Surrender,False,,,,,,Match,P10,F7,,Yes
Four Families Resene Blockout TBA,False,,,,,,Match,P10,F7,,Yes
Four Families Resene Blockout Truffle,False,,,,,,Match,P10,F7,,Yes
Texstyle Sanctuary Blockout Baltic,False,Grey,Anodised Silver,Grey,,,Black,P10,W9,3000,Yes
Texstyle Sanctuary Blockout Ceramic,False,White,Bone,Nickel Steel,Colour No. 0 ,White,White,P10,W9,3000,Yes
Texstyle Sanctuary Blockout Fossil,False,Grey,Anodised Silver,Nickel Steel,,,White,P10,W9,3000,Yes
Texstyle Sanctuary Blockout Lava,False,Black,Black,Black,,,Black,P10,W9,3000,Yes
Texstyle Sanctuary Blockout Limestone,False,Birch White,Sandstone,Birch White,,,White,P10,W9,3000,Yes
Texstyle Sanctuary Blockout Marble,False,White,White,Nickel Steel,,,White,P10,W9,3000,Yes
Texstyle Sanctuary Blockout Mineral,False,White,White,Nickel Steel,,,White,P10,W9,3000,Yes
Texstyle Sanctuary Blockout Plaster,False,White,White,White,Colour No. 0 ,,White,P10,W9,3000,Yes
Texstyle Sanctuary Blockout Slate,False,Grey,Anodised Silver,Grey,,,White,P10,W9,3000,Yes
Texstyle Sanctuary Blockout Suede,False,Grey,Anodised Silver,Grey,,,White,P10,W9,3000,Yes
Texstyle Sanctuary Blockout TBA,False,,,,,,Match,P10,W9,3000,Yes
Texstyle Sanctuary Blockout Truffle,False,White,Anodised Silver,Nickel Steel,,,White,P10,W9,3000,Yes
Hunter Douglas Scarborough Blockout TBA,False,,,,,,Match,P10,F14,,Yes
Hunter Douglas Scarborough Blockout Sugar,False,,,,,,Match,P10,F14,,Yes
Hunter Douglas Scarborough Blockout Sorbet,False,,,,,,Match,P10,F14,,Yes
Hunter Douglas Scarborough Blockout Biscuit,False,,,,,,Match,P10,F14,,Yes
Hunter Douglas Scarborough Blockout Oyster,False,,,,,,Match,P10,F14,,Yes
Hunter Douglas Scarborough Blockout Pepper,False,,,,,,Match,P10,F14,,Yes
Hunter Douglas Scarborough Blockout Trecale,False,,,,,,Match,P10,F14,,Yes
Hunter Douglas Scarborough Blockout Cocoa,False,,,,,,Match,P10,F14,,Yes
Hunter Douglas Scarborough Blockout Liquorice,False,,,,,,Match,P10,F14,,Yes
Texstyle Serengetti Blockout Albatross,False,White,,White,,,White,P10,F10,x3000x,Yes
Texstyle Serengetti Blockout Antelope,False,Black,Black,Black,,,Black,P10,F10,x3000x,Yes
Texstyle Serengetti Blockout Caribou,False,Black,Anodised Silver,Nickel Steel,,,White,P10,F10,x3000x,Yes
Texstyle Serengetti Blockout Chamois,False,White,,Nickel Steel,,,White,P10,F10,x3000x,Yes
Texstyle Serengetti Blockout Eland,False,White,,Nickel Steel,,,White,P10,F10,x3000x,Yes
Texstyle Serengetti Blockout Hyrax,False,White,,White,,,White,P10,F10,x3000x,Yes
Texstyle Serengetti Blockout Jackal,False,White,,Nickel Steel,,,White,P10,F10,x3000x,Yes
Texstyle Serengetti Blockout Llama,False,White,White,White,,,White,P10,F10,x3000x,Yes
Texstyle Serengetti Blockout Mamba,False,Black,Black,Black,,,Black,P10,F10,x3000x,Yes
Texstyle Serengetti Blockout Onyx,False,Grey,Bone,Grey,,,White,P10,F10,x3000x,Yes
Texstyle Serengetti Blockout Owl,False,White,Bone,White,,,White,P10,F10,x3000x,Yes
Texstyle Serengetti Blockout Panther,False,Black,Black,Black,,,Black,P10,F10,x3000x,Yes
Texstyle Serengetti Blockout Polar,False,White,White,White,,,White,P10,F10,x3000x,Yes
Texstyle Serengetti Blockout TBA,False,,,,,,Match,P10,F10,x3000x,Yes
Hunter Douglas Seychelles Plus Blockout TBA,False,,,,,,Match,P10,F14,,Yes
Hunter Douglas Seychelles Plus Blockout Ceramic,False,,,,,,Match,P10,F14,,Yes
Hunter Douglas Seychelles Plus Blockout Silver Pearl,False,,,,,,Match,P10,F14,,Yes
Hunter Douglas Seychelles Plus Blockout Essence,False,,,,,,Match,P10,F14,,Yes
Hunter Douglas Seychelles Plus Blockout Angora,False,,,,,,Match,P10,F14,,Yes
Hunter Douglas Seychelles Plus Blockout Champagne,False,,,,,,Match,P10,F14,,Yes
Hunter Douglas Seychelles Plus Blockout Drizzle,False,,,,,,Match,P10,F14,,Yes
Hunter Douglas Seychelles Plus Blockout Empire,False,,,,,,Match,P10,F14,,Yes
Louvolite Shot Silk Blockout Burgundy,False,,,,,,Match,P10,F2,,Yes
Louvolite Shot Silk Blockout Champagne,False,,,,,,Match,P10,F2,,Yes
Louvolite Shot Silk Blockout Cream,False,,,,,,Match,P10,F2,,Yes
Louvolite Shot Silk Blockout Duckegg,False,,,,,,Match,P10,F2,,Yes
Louvolite Shot Silk Blockout Ivory,False,,,,,,Match,P10,F2,,Yes
Louvolite Shot Silk Blockout Latte,False,,,,,,Match,P10,F2,,Yes
Louvolite Shot Silk Blockout Mink,False,,,,,,Match,P10,F2,,Yes
Louvolite Shot Silk Blockout Olive,False,,,,,,Match,P10,F2,,Yes
Louvolite Shot Silk Blockout TBA,False,,,,,,Match,P10,F2,,Yes
Louvolite Shot Silk Blockout Teal,False,,,,,,Match,P10,F2,,Yes
Blindware Signum Blockout Anthracite,False,,,,,,Match,P10,F7,,Yes
Blindware Signum Blockout Basalt,False,,,,,,Match,P10,F7,,Yes
Blindware Signum Blockout Charcoal,False,,,,,,Match,P10,F7,,Yes
Blindware Signum Blockout Coffee,False,,,,,,Match,P10,F7,,Yes
Blindware Signum Blockout Graphite,False,,,,,,Match,P10,F7,,Yes
Blindware Signum Blockout Grass Silk,False,,,,,,Match,P10,F7,,Yes
Blindware Signum Blockout Mist,False,,,,,,Match,P10,F7,,Yes
Blindware Signum Blockout Oak,False,,,,,,Match,P10,F7,,Yes
Blindware Signum Blockout Steel,False,,,,,,Match,P10,F7,,Yes
Blindware Signum Blockout Storm,False,,,,,,Match,P10,F7,,Yes
Blindware Signum Blockout TBA,False,,,,,,Match,P10,F7,,Yes
Blindware Signum Blockout Umber,False,,,,,,Match,P10,F7,,Yes
Blindware Signum Blockout Vanilla,False,,,,,,Match,P10,F7,,Yes
Blindware Signum Blockout White,False,,,,,,Match,P10,F7,,Yes
Shaw Fabrics Skye Blockout Blazer,False,,,,,,Match,P10,F9,3000,Yes
Shaw Fabrics Skye Blockout Chiffon,False,,,,,,Match,P10,F9,3000,Yes
Shaw Fabrics Skye Blockout Chrome,False,White,White,White,,,Match,P10,F9,3000,Yes
Shaw Fabrics Skye Blockout Earl Grey,False,,,,,,Match,P10,F9,3000,Yes
Shaw Fabrics Skye Blockout Oyster,False,,,,,,Match,P10,F9,3000,Yes
Shaw Fabrics Skye Blockout Porcelain,False,White,White,White,,,Match,P10,F9,3000,Yes
Shaw Fabrics Skye Blockout Raven,False,,,,,,Match,P10,F9,3000,Yes
Shaw Fabrics Skye Blockout Sail,False,,,,,,Match,P10,F9,3000,Yes
Shaw Fabrics Skye Blockout Swan,False,White,White,White,,,White,P10,F9,3000,Yes
Louvolite Strand Blockout TBA,False,,,,,,Match,P10,F2,,Yes
Blindware Sunbloc Blockout Bronze,False,Beige,Anodised Silver,Nickel Steel,,,Match,P10,F7,,Yes
Blindware Sunbloc Blockout Charcoal,False,Black,Black,Black,,,Match,P10,F7,,Yes
Blindware Sunbloc Blockout Charcoal Apricot,False,Beige,Anodised Silver,Nickel Steel,,,Match,P10,F7,,Yes
Blindware Sunbloc Blockout Charcoal Bronze,False,Black,Black,Black,,,Match,P10,F7,,Yes
Blindware Sunbloc Blockout Charcoal Grey,False,Black,Anodised Silver,Nickel Steel,,,Match,P10,F7,,Yes
Blindware Sunbloc Blockout Charcoal Sand,False,Beige,Anodised Silver,Nickel Steel,,,Match,P10,F7,,Yes
Blindware Sunbloc Blockout Grey,False,White,Anodised Silver,Nickel Steel,,,Match,P10,F7,,Yes
Blindware Sunbloc Blockout Linen,False,Beige,Anodised Silver,Nickel Steel,,,Match,P10,F7,,Yes
Blindware Sunbloc Blockout TBA,False,,,,,,Match,P10,F7,,Yes
Blindware Sunbloc Blockout White,False,White,White,White,,,Match,P10,F7,,Yes
Blindware Sunbloc Blockout White Grey,False,White,Anodised Silver,Nickel Steel,,,Match,P10,F7,,Yes
Blindware Sunbloc Blockout White Linen,False,Birch White,Sandstone,Birch White,,,Match,P10,F7,,Yes
Blindware Sunbloc Blockout White Stone,False,Beige,Anodised Silver,Nickel Steel,,,Match,P10,F7,,Yes
Wilson Fabrics Sydney Blockout Charcoal,False,,,,,,Match,P10,F2,,Yes
Wilson Fabrics Sydney Blockout Dark Grey,False,,,,,,Match,P10,F2,,Yes
Wilson Fabrics Sydney Blockout Linen,False,,,,,,Match,P10,F2,,Yes
Wilson Fabrics Sydney Blockout Mist,False,,,,,,Match,P10,F2,,Yes
Wilson Fabrics Sydney Blockout Natural,False,,,,,,Match,P10,F2,,Yes
Wilson Fabrics Sydney Blockout Silver,False,,,,,,Match,P10,F2,,Yes
Wilson Fabrics Sydney Blockout Snow,False,,,,,,Match,P10,F2,,Yes
Wilson Fabrics Sydney Blockout TBA,False,,,,,,Match,P10,F2,,Yes
Four Families Tasman Blockout Beech,False,,,,,,Match,P10,F7,,Yes
Four Families Tasman Blockout Graphite,False,,,,,,Match,P10,F7,,Yes
Four Families Tasman Blockout Ice,False,,,,,,Match,P10,F7,,Yes
Four Families Tasman Blockout Ivory,False,,,,,,Match,P10,F7,,Yes
Four Families Tasman Blockout Platinum,False,,,,,,Match,P10,F7,,Yes
Four Families Tasman Blockout Shadow,False,,,,,,Match,P10,F7,,Yes
Four Families Tasman Blockout Skyline,False,,,,,,Match,P10,F7,,Yes
Four Families Tasman Blockout Storm,False,,,,,,Match,P10,F7,,Yes
Four Families Tasman Blockout TBA,False,,,,,,Match,P10,F7,,Yes
Wilson Fabrics Thredbo Blockout Snow,False,White,White,White,,,Match,P10,F2,,Yes
Wilson Fabrics Thredbo Blockout White,False,White,White,White,,,Match,P10,F2,,Yes
Wilson Fabrics Thredbo Blockout Ivory,False,Birch White,Sandstone,Birch White,,,Match,P10,F2,,Yes
Wilson Fabrics Thredbo Blockout Pearl,False,White,Anodised Silver,Nickel Steel,,,Match,P10,F2,,Yes
Wilson Fabrics Thredbo Blockout Snowgum,False,Birch White,Sandstone,Birch White,,,Match,P10,F2,,Yes
Wilson Fabrics Thredbo Blockout Vanilla,False,Birch White,Sandstone,Birch White,,,Match,P10,F2,,Yes
Wilson Fabrics Thredbo Blockout Cloud,False,White,Anodised Silver,Nickel Steel,,,Match,P10,F2,,Yes
Wilson Fabrics Thredbo Blockout Ice Grey,False,White,Anodised Silver,Nickel Steel,,,Match,P10,F2,,Yes
Wilson Fabrics Thredbo Blockout Mink,False,White,Anodised Silver,Nickel Steel,,,Match,P10,F2,,Yes
Wilson Fabrics Thredbo Blockout Chrome,False,White,Anodised Silver,Nickel Steel,,,Match,P10,F2,,Yes
Wilson Fabrics Thredbo Blockout Shark,False,White,Anodised Silver,Nickel Steel,,,Match,P10,F2,,Yes
Wilson Fabrics Thredbo Blockout Jet,False,White,Anodised Silver,Nickel Steel,,,Match,P10,F2,,Yes
Wilson Fabrics Thredbo Blockout Charcoal,False,Black,Black,Black,,,Match,P10,F2,,Yes
Wilson Fabrics Thredbo Blockout Ebony,False,Black,Black,Black,,,Match,P10,F2,,Yes
Wilson Fabrics Thredbo Blockout TBA,False,,,,,,Match,P10,F2,,Yes
Wilson Fabrics Tuscany II Blockout Ash,False,,,,,,Match,P10,F2,,Yes
Wilson Fabrics Tuscany II Blockout Charcoal,False,,,,,,Match,P10,F2,,Yes
Wilson Fabrics Tuscany II Blockout Eggshell,False,,,,,,Match,P10,F2,,Yes
Wilson Fabrics Tuscany II Blockout Granite,False,,,,,,Match,P10,F2,,Yes
Wilson Fabrics Tuscany II Blockout Linen,False,,,,,,Match,P10,F2,,Yes
Wilson Fabrics Tuscany II Blockout Mink,False,,,,,,Match,P10,F2,,Yes
Wilson Fabrics Tuscany II Blockout Natural,False,,,,,,Match,P10,F2,,Yes
Wilson Fabrics Tuscany II Blockout Parchment,False,,,,,,Match,P10,F2,,Yes
Wilson Fabrics Tuscany II Blockout Pewter,False,,,,,,Match,P10,F2,,Yes
Wilson Fabrics Tuscany II Blockout Silver,False,,,,,,Match,P10,F2,,Yes
Wilson Fabrics Tuscany II Blockout TBA,False,,,,,,Match,P10,F2,,Yes
Wilson Fabrics Tuscany II Blockout White,False,,,,,,Match,P10,F2,,Yes
Wilson Fabrics Uluru Blockout Charcoal,False,,,,,,Match,P10,F2,,Yes
Wilson Fabrics Uluru Blockout Dove,False,,,,,,Match,P10,F2,,Yes
Wilson Fabrics Uluru Blockout Gull,False,,,,,,Match,P10,F2,,Yes
Wilson Fabrics Uluru Blockout Light Grey,False,,,,,,Match,P10,F2,,Yes
Wilson Fabrics Uluru Blockout Natural,False,,,,,,Match,P10,F2,,Yes
Wilson Fabrics Uluru Blockout Night,False,,,,,,Match,P10,F2,,Yes
Wilson Fabrics Uluru Blockout Pebble,False,,,,,,Match,P10,F2,,Yes
Wilson Fabrics Uluru Blockout Sandstone,False,,,,,,Match,P10,F2,,Yes
Wilson Fabrics Uluru Blockout Slate,False,,,,,,Match,P10,F2,,Yes
Wilson Fabrics Uluru Blockout Stone,False,,,,,,Match,P10,F2,,Yes
Wilson Fabrics Uluru Blockout White,False,,,,,,Match,P10,F2,,Yes
Wilson Fabrics Uluru Blockout TBA,False,,,,,,Match,P10,F2,,Yes
Louvolite Valencia Blockout TBA,False,,,,,,Match,P10,F2,,Yes
Texstyle Vivid Block Blockout Black/Beige,False,,,,,,Match,P10,F15,,Yes
Texstyle Vivid Block Blockout Charcoal/Black,False,,,,,,Match,P10,F15,,Yes
Texstyle Vivid Block Blockout Charcoal/Grey,False,Black,Black,Black,,,Match,P10,F15,,Yes
Texstyle Vivid Block Blockout Linen/Bronze,False,Beige,Beige,Beige,,,Match,P10,F15,,Yes
Texstyle Vivid Block Blockout TBA,False,,,,,,Match,P10,F15,,Yes
Texstyle Vivid Block Blockout White,False,White,White,White,,,Match,P10,F15,,Yes
Texstyle Vivid Block Blockout White/Bone,False,Beige,Anodised Silver,Nickel Steel,,,Match,P10,F15,,Yes
Texstyle Vivid Block Blockout White/Grey,False,White,Anodised Silver,White,,,Match,P10,F15,,Yes
Texstyle Vivid Block Blockout White/Silver,False,White,Anodised Silver,White,,,Match,P10,F15,,Yes
Texstyle Vivid Block Blockout White/Stone,False,Beige,Anodised Silver,Nickel Steel,,,Match,P10,F15,,Yes
Hunter Douglas Westman Blockout TBA,False,,,,,,Match,P10,F14,,Yes
Hunter Douglas Westman Blockout Mist,False,,,,,,Match,P10,F14,,Yes
Hunter Douglas Westman Blockout Canvas,False,,,,,,Match,P10,F14,,Yes
Hunter Douglas Westman Blockout Aqua,False,,,,,,Match,P10,F14,,Yes
Hunter Douglas Westman Blockout Stone,False,,,,,,Match,P10,F14,,Yes
Hunter Douglas Westman Blockout Shark,False,,,,,,Match,P10,F14,,Yes
Hunter Douglas Willandra Blockout TBA,False,,,,,,Match,P10,F14,,Yes
Hunter Douglas Willandra Blockout Mist,False,,,,,,Match,P10,F14,,Yes
Hunter Douglas Willandra Blockout Spirit,False,,,,,,Match,P10,F14,,Yes
Hunter Douglas Willandra Blockout Smoke,False,,,,,,Match,P10,F14,,Yes
Hunter Douglas Willandra Blockout Charcoal,False,,,,,,Match,P10,F14,,Yes
Hunter Douglas Willandra Blockout Whisper,False,,,,,,Match,P10,F14,,Yes
Hunter Douglas Willandra Blockout Ivory,False,,,,,,Match,P10,F14,,Yes
Hunter Douglas Willandra Blockout Jarrah,False,,,,,,Match,P10,F14,,Yes
Hunter Douglas Willandra Blockout Saudi Sand,False,,,,,,Match,P10,F14,,Yes
Hunter Douglas Willandra Blockout Bison,False,,,,,,Match,P10,F14,,Yes
Hunter Douglas Willandra Blockout Storm,False,,,,,,Match,P10,F14,,Yes
Louvolite Willow Blockout Morning Mist,False,,,,,,Match,P10,F2,,Yes
Louvolite Willow Blockout TBA,False,,,,,,Match,P10,F2,,Yes
Louvolite Windsor Blockout Cobblestone,False,,,,,,Match,P10,F2,,Yes
Louvolite Windsor Blockout Forest Pine,False,,,,,,Match,P10,F2,,Yes
Louvolite Windsor Blockout Heather Fields,False,,,,,,Match,P10,F2,,Yes
Louvolite Windsor Blockout Rich Cream,False,,,,,,Match,P10,F2,,Yes
Louvolite Windsor Blockout Soothing Grey,False,,,,,,Match,P10,F2,,Yes
Louvolite Windsor Blockout TBA,False,,,,,,Match,P10,F2,,Yes
Louvolite Zen Blockout TBA,False,,,,,,Match,P10,F2,,Yes
Shaw Fabrics Yaringa Blockout Alpine,False,,,,,,Match,P10,F12,,Yes
Shaw Fabrics Yaringa Blockout Arctic,False,White,White,White,,,Match,P10,F12,,Yes
Shaw Fabrics Yaringa Blockout Blush,False,,,,,,Match,P10,F12,,Yes
Shaw Fabrics Yaringa Blockout Bondi,False,,,,,,Match,P10,F12,,Yes
Shaw Fabrics Yaringa Blockout Charm,False,,,,,,Match,P10,F12,,Yes
Shaw Fabrics Yaringa Blockout Cirrus,False,White,White,White,,,Match,P10,F12,,Yes
Shaw Fabrics Yaringa Blockout Hippo,False,,,,,,Match,P10,F12,,Yes
Shaw Fabrics Yaringa Blockout Mineral,False,,,,,,Match,P10,F12,,Yes
Shaw Fabrics Yaringa Blockout Nightfall,False,Black,Black,Black,,,Match,P10,F12,,Yes
Shaw Fabrics Yaringa Blockout Seashell,False,,,,,,Match,P10,F12,,Yes
Shaw Fabrics Yaringa Blockout Silver,False,,,,,,Match,P10,F12,,Yes
Shaw Fabrics Yaringa Blockout Soft Jade,False,,,,,,Match,P10,F12,,Yes
Shaw Fabrics Yaringa Blockout TBA,False,,,,,,Match,P10,F12,,Yes
Four Families Antigua Blockout Birch,False,,,,,,Match,P10,F7,3000,Yes
Four Families Antigua Blockout Carbon,False,,,,,,Match,P10,F7,3000,Yes
Four Families Antigua Blockout Feather,False,,,,,,Match,P10,F7,3000,Yes
Four Families Antigua Blockout Linen,False,,,,,,Match,P10,F7,3000,Yes
Four Families Antigua Blockout Natural,False,,,,,,Match,P10,F7,3000,Yes
Four Families Antigua Blockout Parchment,False,,,,,,Match,P10,F7,3000,Yes
Four Families Antigua Blockout Shell,False,,,,,,Match,P10,F7,3000,Yes
Four Families Antigua Blockout Snow,False,,,,,,Match,P10,F7,3000,Yes
Four Families Antigua Blockout TBA,False,,,,,,Match,P10,F7,3000,Yes
Basford Brands Recraft Blockout Chalk,False,,,,,,Match,P10,F7,,Yes
Basford Brands Recraft Blockout Birch,False,,,,,,Match,P10,F7,,Yes
Basford Brands Recraft Blockout Linen,False,,,,,,Match,P10,F7,,Yes
Basford Brands Recraft Blockout Angora,False,,,,,,Match,P10,F7,,Yes
Basford Brands Recraft Blockout Oyster,False,,,,,,Match,P10,F7,,Yes
Basford Brands Recraft Blockout Marble,False,,,,,,Match,P10,F7,,Yes
Basford Brands Recraft Blockout Lemongrass,False,,,,,,Match,P10,F7,,Yes
Basford Brands Recraft Blockout Charcoal,False,,,,,,Match,P10,F7,,Yes
Basford Brands Recraft Blockout TBA,False,,,,,,Match,P10,F7,,Yes
Louvolite Arlo Light Filtering TBA,False,,,,,,Match,U,F2,,Yes
Wilson Fabrics Aruba Sheer Ash,False,,,,,,Match,U,F2,,Yes
Wilson Fabrics Aruba Sheer Black,False,,,,,,Match,U,F2,,Yes
Wilson Fabrics Aruba Sheer Chinchilla,False,,,,,,Match,U,F2,,Yes
Wilson Fabrics Aruba Sheer Cinder,False,,,,,,Match,U,F2,,Yes
Wilson Fabrics Aruba Sheer Cream,False,,,,,,Match,U,F2,,Yes
Wilson Fabrics Aruba Sheer Ironbark,False,,,,,,Match,U,F2,,Yes
Wilson Fabrics Aruba Sheer Silver,False,,,,,,Match,U,F2,,Yes
Wilson Fabrics Aruba Sheer Snow,False,,,,,,Match,U,F2,,Yes
Wilson Fabrics Aruba Sheer Snowgum,False,,,,,,Match,U,F2,,Yes
Wilson Fabrics Aruba Sheer Steel,False,,,,,,Match,U,F2,,Yes
Wilson Fabrics Aruba Sheer Stone,False,,,,,,Match,U,F2,,Yes
Wilson Fabrics Aruba Sheer TBA,False,,,,,,Match,U,F2,,Yes
Wilson Fabrics Aruba Sheer White,False,,,,,,Match,U,F2,,Yes
Louvolite Aztec Light Filtering TBA,False,,,,,,Match,U,F2,,Yes
Texstyle Balmoral Light Filtering Armour,False,White,Anodised Silver,Nickel Steel,,,White,U,W8,3000,Yes
Texstyle Balmoral Light Filtering Birch,False,White,Anodised Silver,Nickel Steel,,,White,U,W8,3000,Yes
Texstyle Balmoral Light Filtering Bourneville,False,White,Anodised Silver,Nickel Steel,,,White,U,W8,3000,Yes
Texstyle Balmoral Light Filtering Chrome,False,White,Anodised Silver,Nickel Steel,,,White,U,W8,3000,Yes
Texstyle Balmoral Light Filtering Concrete,False,White,Anodised Silver,Nickel Steel,,,White,U,W8,3000,Yes
Texstyle Balmoral Light Filtering Dove,False,White,Anodised Silver,Nickel Steel,,,White,U,W8,3000,Yes
Texstyle Balmoral Light Filtering Jet,False,Black,Black,Black,,,Black,U,W8,3000,Yes
Texstyle Balmoral Light Filtering Pearl,False,White,White,White,,,White,U,W8,3000,Yes
Texstyle Balmoral Light Filtering Platinum,False,White,Anodised Silver,Nickel Steel,,,White,U,W8,3000,Yes
Texstyle Balmoral Light Filtering Putty,False,White,Anodised Silver,Nickel Steel,,,White,U,W8,3000,Yes
Texstyle Balmoral Light Filtering Pyrite,False,White,Anodised Silver,Nickel Steel,,,White,U,W8,3000,Yes
Texstyle Balmoral Light Filtering Steel,False,Black,Black,Black,,,Black,U,W8,3000,Yes
Texstyle Balmoral Light Filtering TBA,False,,,,,,Match,U,W8,3000,Yes
Texstyle Balmoral Light Filtering White,False,White,White,White,,,White,U,W8,3000,Yes
Hunter Douglas Baltic Plus Translucent TBA,False,,,,,,Match,U,F14,,Yes
Hunter Douglas Baltic Plus Translucent Froth,False,,,,,,Match,U,F14,,Yes
Hunter Douglas Baltic Plus Translucent Shake,False,,,,,,Match,U,F14,,Yes
Hunter Douglas Baltic Plus Translucent Chalk,False,,,,,,Match,U,F14,,Yes
Hunter Douglas Baltic Plus Translucent Losta,False,,,,,,Match,U,F14,,Yes
Hunter Douglas Baltic Plus Translucent Linen,False,,,,,,Match,U,F14,,Yes
Hunter Douglas Baltic Plus Translucent Pumice,False,,,,,,Match,U,F14,,Yes
Hunter Douglas Baltic Plus Translucent Nordic,False,,,,,,Match,U,F14,,Yes
Hunter Douglas Baltic Plus Translucent Cosmos,False,,,,,,Match,U,F14,,Yes
Hunter Douglas Baltic Plus Translucent Nightsky,False,,,,,,Match,U,F14,,Yes
Hunter Douglas Baltic Plus Translucent Oxford,False,,,,,,Match,U,F14,,Yes
Uniline Belice Light Filtering Pumice,False,,,,,,Match,U,F7,,Yes
Uniline Belice Light Filtering TBA,False,,,,,,Match,U,F7,,Yes
Wilson Fabrics Boston II Light Filtering Charcoal,False,Black,Black,Black,,,Match,U,F2,,Yes
Wilson Fabrics Boston II Light Filtering Chinchilla,False,Beige,Anodised Silver,Beige,,,Match,U,F2,,Yes
Wilson Fabrics Boston II Light Filtering Dawn,False,,,,,,Match,U,F2,,Yes
Wilson Fabrics Boston II Light Filtering Grey,False,,,,,,Match,U,F2,,Yes
Wilson Fabrics Boston II Light Filtering Linen,False,,,,,,Match,U,F2,,Yes
Wilson Fabrics Boston II Light Filtering Marshmellow,False,,,,,,Match,U,F2,,Yes
Wilson Fabrics Boston II Light Filtering Mist,False,White,Anodised Silver,Nickel Steel,,,Match,U,F2,,Yes
Wilson Fabrics Boston II Light Filtering Monument,False,White,Anodised Silver,Nickel Steel,,,Match,U,F2,,Yes
Wilson Fabrics Boston II Light Filtering Quartz,False,White,Anodised Silver,Nickel Steel,,,Match,U,F2,,Yes
Wilson Fabrics Boston II Light Filtering Shark,False,White,Anodised Silver,Nickel Steel,,,Match,U,F2,,Yes
Wilson Fabrics Boston II Light Filtering Silver,False,White,Anodised Silver,Nickel Steel,,,Match,U,F2,,Yes
Wilson Fabrics Boston II Light Filtering Stone,False,White,Anodised Silver,Nickel Steel,,,Match,U,F2,,Yes
Wilson Fabrics Boston II Light Filtering TBA,False,,,,,,Match,U,F2,,Yes
Wilson Fabrics Broome II Light Filtering Bluewash,False,,,,,,Match,U,F2,,Yes
Wilson Fabrics Broome II Light Filtering Fossil,False,,,,,,Match,U,F2,,Yes
Wilson Fabrics Broome II Light Filtering Ivory,False,Birch White,Cream,Birch White,,,Match,U,F2,,Yes
Wilson Fabrics Broome II Light Filtering Mink,False,,,,,,Match,U,F2,,Yes
Wilson Fabrics Broome II Light Filtering Monument,False,,,,,,Match,U,F2,,Yes
Wilson Fabrics Broome II Light Filtering Nomad,False,,,,,,Match,U,F2,,Yes
Wilson Fabrics Broome II Light Filtering Off White,False,,,,,,Match,U,F2,,Yes
Wilson Fabrics Broome II Light Filtering Parchment,False,Beige,,,,,Match,U,F2,,Yes
Wilson Fabrics Broome II Light Filtering Platinum,False,,,,,,Match,U,F2,,Yes
Wilson Fabrics Broome II Light Filtering Snow,False,White,White,White,,,Match,U,F2,,Yes
Wilson Fabrics Broome II Light Filtering Stone,False,Beige,,,,,Match,U,F2,,Yes
Wilson Fabrics Broome II Light Filtering TBA,False,,,,,,Match,U,F2,,Yes
Turnils Collage Bryson Light Filtering Coconut,False,,,,,,Match,U,F7,,Yes
Turnils Collage Bryson Light Filtering Natural Linen,False,,,,,,Match,U,F7,,Yes
Turnils Collage Bryson Light Filtering Savannah,False,,,,,,Match,U,F7,,Yes
Turnils Collage Bryson Light Filtering Pacific,False,,,,,,Match,U,F7,,Yes
Turnils Collage Bryson Light Filtering Marrakesh,False,,,,,,Match,U,F7,,Yes
Turnils Collage Bryson Light Filtering Granite,False,,,,,,Match,U,F7,,Yes
Turnils Collage Bryson Light Filtering TBA,False,,,,,,Match,U,F7,,Yes
Louvolite Carnival Light Filtering Birch,False,,,,,,Match,U,F2,,Yes
Louvolite Carnival Light Filtering Blossom,False,,,,,,Match,U,F2,,Yes
Louvolite Carnival Light Filtering Bonbon,False,,,,,,Match,U,F2,,Yes
Louvolite Carnival Light Filtering Buttercup,False,,,,,,Match,U,F2,,Yes
Louvolite Carnival Light Filtering Caramel,False,,,,,,Match,U,F2,,Yes
Louvolite Carnival Light Filtering Chartreuse,False,,,,,,Match,U,F2,,Yes
Louvolite Carnival Light Filtering Chelsea Red,False,,,,,,Match,U,F2,,Yes
Louvolite Carnival Light Filtering China White,False,,,,,,Match,U,F2,,Yes
Louvolite Carnival Light Filtering Claret,False,,,,,,Match,U,F2,,Yes
Louvolite Carnival Light Filtering Clay,False,,,,,,Match,U,F2,,Yes
Louvolite Carnival Light Filtering Coral,False,,,,,,Match,U,F2,,Yes
Louvolite Carnival Light Filtering Cornflour,False,,,,,,Match,U,F2,,Yes
Louvolite Carnival Light Filtering Cream,False,,,,,,Match,U,F2,,Yes
Louvolite Carnival Light Filtering Denim,False,,,,,,Match,U,F2,,Yes
Louvolite Carnival Light Filtering Ecru,False,,,,,,Match,U,F2,,Yes
Louvolite Carnival Light Filtering Fuschia,False,,,,,,Match,U,F2,,Yes
Louvolite Carnival Light Filtering Grape,False,,,,,,Match,U,F2,,Yes
Louvolite Carnival Light Filtering Heather,False,,,,,,Match,U,F2,,Yes
Louvolite Carnival Light Filtering Hessian,False,,,,,,Match,U,F2,,Yes
Louvolite Carnival Light Filtering Ivory,False,,,,,,Match,U,F2,,Yes
Louvolite Carnival Light Filtering Ivy,False,,,,,,Match,U,F2,,Yes
Louvolite Carnival Light Filtering Kiwi,False,,,,,,Match,U,F2,,Yes
Louvolite Carnival Light Filtering Lily,False,,,,,,Match,U,F2,,Yes
Louvolite Carnival Light Filtering Lime,False,,,,,,Match,U,F2,,Yes
Louvolite Carnival Light Filtering Luna,False,,,,,,Match,U,F2,,Yes
Louvolite Carnival Light Filtering Maraschino,False,,,,,,Match,U,F2,,Yes
Louvolite Carnival Light Filtering Mink,False,,,,,,Match,U,F2,,Yes
Louvolite Carnival Light Filtering Misty Blue,False,,,,,,Match,U,F2,,Yes
Louvolite Carnival Light Filtering Mulberry,False,,,,,,Match,U,F2,,Yes
Louvolite Carnival Light Filtering Navy,False,,,,,,Match,U,F2,,Yes
Louvolite Carnival Light Filtering Ochre,False,,,,,,Match,U,F2,,Yes
Louvolite Carnival Light Filtering Pacific,False,,,,,,Match,U,F2,,Yes
Louvolite Carnival Light Filtering Paloma,False,,,,,,Match,U,F2,,Yes
Louvolite Carnival Light Filtering Papaya,False,,,,,,Match,U,F2,,Yes
Louvolite Carnival Light Filtering Peony,False,,,,,,Match,U,F2,,Yes
Louvolite Carnival Light Filtering Pewter,False,,,,,,Match,U,F2,,Yes
Louvolite Carnival Light Filtering Powder Blue,False,,,,,,Match,U,F2,,Yes
Louvolite Carnival Light Filtering Praline,False,,,,,,Match,U,F2,,Yes
Louvolite Carnival Light Filtering Purple,False,,,,,,Match,U,F2,,Yes
Louvolite Carnival Light Filtering Raven,False,,,,,,Match,U,F2,,Yes
Louvolite Carnival Light Filtering Royal,False,,,,,,Match,U,F2,,Yes
Louvolite Carnival Light Filtering Scuba,False,,,,,,Match,U,F2,,Yes
Louvolite Carnival Light Filtering Sky,False,,,,,,Match,U,F2,,Yes
Louvolite Carnival Light Filtering Spring Green,False,,,,,,Match,U,F2,,Yes
Louvolite Carnival Light Filtering Sunset,False,,,,,,Match,U,F2,,Yes
Louvolite Carnival Light Filtering Taupe,False,,,,,,Match,U,F2,,Yes
Louvolite Carnival Light Filtering TBA,False,,,,,,Match,U,F2,,Yes
Louvolite Carnival Light Filtering Truffle,False,,,,,,Match,U,F2,,Yes
Louvolite Carnival Light Filtering Willow,False,,,,,,Match,U,F2,,Yes
Shaw Fabrics Chatsworth Light Filtering Cavlar,False,,,,,,Match,U,F12,,Yes
Shaw Fabrics Chatsworth Light Filtering Doe,False,,,,,,Match,U,F12,,Yes
Shaw Fabrics Chatsworth Light Filtering Espresso,False,,,,,,Match,U,F12,,Yes
Shaw Fabrics Chatsworth Light Filtering Glow,False,,,,,,Match,U,F12,,Yes
Shaw Fabrics Chatsworth Light Filtering Halo,False,,,,,,Match,U,F12,,Yes
Shaw Fabrics Chatsworth Light Filtering Icicle,False,,,,,,Match,U,F12,,Yes
Shaw Fabrics Chatsworth Light Filtering Mirage,False,White,White,White,,,Match,U,F12,,Yes
Shaw Fabrics Chatsworth Light Filtering Nutmeg,False,,,,,,Match,U,F12,,Yes
Shaw Fabrics Chatsworth Light Filtering Oasis,False,,,,,,Match,U,F12,,Yes
Shaw Fabrics Chatsworth Light Filtering Oyster,False,,,,,,Match,U,F12,,Yes
Shaw Fabrics Chatsworth Light Filtering Pearl,False,,,,,,Match,U,F12,,Yes
Shaw Fabrics Chatsworth Light Filtering TBA,False,,,,,,Match,U,F12,,Yes
Shaw Fabrics Chatsworth Light Filtering Walnut,False,,,,,,Match,U,F12,,Yes
Hunter Douglas Chester Translucent TBA,False,,,,,,Match,U,F14,,Yes
Hunter Douglas Chester Translucent Adobe,False,,,,,,Match,U,F14,,Yes
Hunter Douglas Chester Translucent Scandi,False,,,,,,Match,U,F14,,Yes
Hunter Douglas Chester Translucent Cedar,False,,,,,,Match,U,F14,,Yes
Hunter Douglas Chester Translucent Felt,False,,,,,,Match,U,F14,,Yes
Hunter Douglas Chester Translucent Metro,False,,,,,,Match,U,F14,,Yes
Hunter Douglas Chester Translucent Crude,False,,,,,,Match,U,F14,,Yes
Louvolite Cheviot Light Filtering TBA,False,,,,,,Match,U,F2,,Yes
Louvolite Como Light Filtering TBA,False,,,,,,Match,U,F2,,Yes
Wilson Fabrics Concord II Light Filtering Antique,False,,,,,,Match,U,F2,,Yes
Wilson Fabrics Concord II Light Filtering Ash,False,White,Anodised Silver,Nickel Steel,,,Match,U,F2,,Yes
Wilson Fabrics Concord II Light Filtering Concrete,False,,,,,,Match,U,F2,,Yes
Wilson Fabrics Concord II Light Filtering Ecru,False,,,,,,Match,U,F2,,Yes
Wilson Fabrics Concord II Light Filtering Egret,False,,,,,,Match,U,F2,,Yes
Wilson Fabrics Concord II Light Filtering Fog,False,,,,,,Match,U,F2,,Yes
Wilson Fabrics Concord II Light Filtering Ironbark,False,,,,,,Match,U,F2,,Yes
Wilson Fabrics Concord II Light Filtering Pebble,False,Birch White,Cream,Birch White,,,Match,U,F2,,Yes
Wilson Fabrics Concord II Light Filtering Silver,False,,,,,,Match,U,F2,,Yes
Wilson Fabrics Concord II Light Filtering Slate,False,Black,Black,Black,,,Match,U,F2,,Yes
Wilson Fabrics Concord II Light Filtering Stone,False,,,,,,Match,U,F2,,Yes
Wilson Fabrics Concord II Light Filtering TBA,False,,,,,,Match,U,F2,,Yes
Louvolite Crush Light Filtering TBA,False,,,,,,Match,U,F2,,Yes
Shaw Fabrics Duo Light Filtering Bright White,False,,,,,,Match,U,F12,,Yes
Shaw Fabrics Duo Light Filtering Mid Grey,False,,,,,,Match,U,F12,,Yes
Shaw Fabrics Duo Light Filtering TBA,False,,,,,,Match,U,F12,,Yes
Shaw Fabrics Duo Light Filtering Warm White,False,,,,,,Match,U,F12,,Yes
Hunter Douglas Elements Translucent TBA,False,,,,,,Match,U,F14,,Yes
Hunter Douglas Elements Translucent White,False,,,,,,Match,U,F14,,Yes
Hunter Douglas Elements Translucent Pearl,False,,,,,,Match,U,F14,,Yes
Hunter Douglas Elements Translucent Linen,False,,,,,,Match,U,F14,,Yes
Hunter Douglas Elements Translucent Weathered Stone,False,,,,,,Match,U,F14,,Yes
Hunter Douglas Elements Translucent Storm Wheat BV,False,,,,,,Match,U,F14,,Yes
Hunter Douglas Elements Translucent Midnight Storm,False,,,,,,Match,U,F14,,Yes
Hunter Douglas Elements Translucent Zurich,False,,,,,,Match,U,F14,,Yes
Hunter Douglas Elements Translucent Pure White,False,,,,,,Match,U,F14,,Yes
Texstyle Enviroshade Light Filtering Arctic (Metallised),False,,,,,,Match,U,F15,,Yes
Texstyle Enviroshade Light Filtering Arctic (Non Metallised),False,,,,,,Match,U,F15,,Yes
Texstyle Enviroshade Light Filtering Beige (Metallised),False,,,,,,Match,U,F15,,Yes
Texstyle Enviroshade Light Filtering Beige (Non Metallised),False,,,,,,Match,U,F15,,Yes
Texstyle Enviroshade Light Filtering Bronze/Pearl (Metallised),False,,,,,,Match,U,F15,,Yes
Texstyle Enviroshade Light Filtering Bronze/Pearl (Non Metallised),False,,,,,,Match,U,F15,,Yes
Texstyle Enviroshade Light Filtering Icon (Metallised),False,,,,,,Match,U,F15,,Yes
Texstyle Enviroshade Light Filtering Icon (Non Metallised),False,,,,,,Match,U,F15,,Yes
Texstyle Enviroshade Light Filtering Mercury (Metallised),False,,,,,,Match,U,F15,,Yes
Texstyle Enviroshade Light Filtering Mercury (Non Metallised),False,,,,,,Match,U,F15,,Yes
Texstyle Enviroshade Light Filtering Raven (Metallised),False,,,,,,Match,U,F15,,Yes
Texstyle Enviroshade Light Filtering Raven (Non Metallised),False,,,,,,Match,U,F15,,Yes
Texstyle Enviroshade Light Filtering Shimmer (Metallised),False,,,,,,Match,U,F15,,Yes
Texstyle Enviroshade Light Filtering Shimmer (Non Metallised),False,,,,,,Match,U,F15,,Yes
Texstyle Enviroshade Light Filtering Stone (Metallised),False,,,,,,Match,U,F15,,Yes
Texstyle Enviroshade Light Filtering Stone (Non Metallised),False,,,,,,Match,U,F15,,Yes
Texstyle Enviroshade Light Filtering TBA (Metallised),False,,,,,,Match,U,F15,,Yes
Texstyle Enviroshade Light Filtering TBA (Non Metallised),False,,,,,,Match,U,F15,,Yes
Texstyle Enviroshade Light Filtering Walnut (Metallised),False,,,,,,Match,U,F15,,Yes
Texstyle Enviroshade Light Filtering Walnut (Non Metallised),False,,,,,,Match,U,F15,,Yes
Four Families Euro St Lucia Light Filtering Bianca,False,,,,,,Match,U,F7,,Yes
Four Families Euro St Lucia Light Filtering Charcoal,False,,,,,,Match,U,F7,,Yes
Four Families Euro St Lucia Light Filtering Ice,False,,,,,,Match,U,F7,,Yes
Four Families Euro St Lucia Light Filtering Silver,False,,,,,,Match,U,F7,,Yes
Four Families Euro St Lucia Light Filtering Steel,False,,,,,,Match,U,F7,,Yes
Four Families Euro St Lucia Light Filtering Stones,False,,,,,,Match,U,F7,,Yes
Four Families Euro St Lucia Light Filtering TBA,False,,,,,,Match,U,F7,,Yes
Four Families Euro St Lucia Light Filtering White,False,,,,,,Match,U,F7,,Yes
Maurice Kain Euro St Lucia Light Filtering Bianca,False,,,,,,Match,U,F7,,Yes
Maurice Kain Euro St Lucia Light Filtering Charcoal,False,,,,,,Match,U,F7,,Yes
Maurice Kain Euro St Lucia Light Filtering Ice,False,,,,,,Match,U,F7,,Yes
Maurice Kain Euro St Lucia Light Filtering Silver,False,,,,,,Match,U,F7,,Yes
Maurice Kain Euro St Lucia Light Filtering Steel,False,,,,,,Match,U,F7,,Yes
Maurice Kain Euro St Lucia Light Filtering Stone,False,,,,,,Match,U,F7,,Yes
Maurice Kain Euro St Lucia Light Filtering TBA,False,,,,,,Match,U,F7,,Yes
Maurice Kain Euro St Lucia Light Filtering White,False,,,,,,Match,U,F7,,Yes
Louvolite Flores Light Filtering TBA,False,,,,,,Match,U,F2,,Yes
Louvolite Grove Light Filtering TBA,False,,,,,,Match,U,F2,,Yes
Louvolite Hampton Light Filtering TBA,False,,,,,,Match,U,F2,,Yes
Wilson Fabrics Husk II Light Filtering Granite,False,,,,,,Match,U,F2,,Yes
Wilson Fabrics Husk II Light Filtering Grey,False,,,,,,Match,U,F2,,Yes
Wilson Fabrics Husk II Light Filtering Ironbark,False,,,,,,Match,U,F2,,Yes
Wilson Fabrics Husk II Light Filtering Latte,False,,,,,,Match,U,F2,,Yes
Wilson Fabrics Husk II Light Filtering Linen,False,,,,,,Match,U,F2,,Yes
Wilson Fabrics Husk II Light Filtering Parchment,False,,,,,,Match,U,F2,,Yes
Wilson Fabrics Husk II Light Filtering Pearl,False,,,,,,Match,U,F2,,Yes
Wilson Fabrics Husk II Light Filtering Platinum,False,,,,,,Match,U,F2,,Yes
Wilson Fabrics Husk II Light Filtering Shark,False,,,,,,Match,U,F2,,Yes
Wilson Fabrics Husk II Light Filtering Silver,False,,,,,,Match,U,F2,,Yes
Wilson Fabrics Husk II Light Filtering Snow,False,,,,,,Match,U,F2,,Yes
Wilson Fabrics Husk II Light Filtering Snowgum,False,,,,,,Match,U,F2,,Yes
Louvolite Ikat Light Filtering TBA,False,,,,,,Match,U,F2,,Yes
Louvolite Iona Light Filtering TBA,False,,,,,,Match,U,F2,,Yes
Texstyle Jersey Light Filtering Opal,False,White,White,White,,,White,U,W7,3000,Yes
Texstyle Jersey Light Filtering Organic,False,White,Anodised Silver,Nickel Steel,,,White,U,W7,3000,Yes
Texstyle Jersey Light Filtering Pavement,False,Black,Black,Black,,,Black,U,W7,3000,Yes
Texstyle Jersey Light Filtering Render,False,Birch White,Cream,Birch White,,,White,U,W7,3000,Yes
Texstyle Jersey Light Filtering Steel,False,White,Anodised Silver,Nickel Steel,Colour No. 77,,White,U,W7,3000,Yes
Texstyle Jersey Light Filtering Stone,False,Birch White,Cream,Birch White,,,White,U,W7,3000,Yes
Texstyle Jersey Light Filtering TBA,False,,,,,,Match,U,W7,3000,Yes
Texstyle Jersey Light Filtering Timber,False,Beige,Anodised Silver,Beige,Colour No. 9,,White,U,W7,3000,Yes
Texstyle Jersey Light Filtering Lace,False,White,Bone,White,,,White,U,W7,3000,Yes
Texstyle Jersey Light Filtering Mink,False,Grey,Anodised Silver,Grey,,,Match,U,W7,3000,Yes
Texstyle Jersey Light Filtering Ashen,False,Grey,Anodised Silver,Nickel Steel,,,Match,U,W7,3000,Yes
Texstyle Jersey Light Filtering Willow,False,White,White,Nickel Steel,,,Match,U,W7,3000,Yes
Texstyle Jersey Light Filtering Cinder,False,Grey,Anodised Silver,Grey,,,Match,U,W7,3000,Yes
Texstyle Jersey Light Filtering Sable,False,Black,Black,Nickel Steel,,,Match,U,W7,3000,Yes
Texstyle Jersey Light Filtering Basalt,False,Black,Black,Black,,,Match,U,W7,3000,Yes
Texstyle Jersey Light Filtering Ember,False,Black ,Black,Black,,,Match,U,W7,3000,Yes
Hunter Douglas Kenross Translucent TBA,False,,,,,,Match,U,F14,,Yes
Hunter Douglas Kenross Translucent Lace,False,,,,,,Match,U,F14,,Yes
Hunter Douglas Kenross Translucent Light Cream,False,,,,,,Match,U,F14,,Yes
Hunter Douglas Kenross Translucent Gazelle,False,,,,,,Match,U,F14,,Yes
Hunter Douglas Kenross Translucent Fog,False,,,,,,Match,U,F14,,Yes
Hunter Douglas Kenross Translucent Natural,False,,,,,,Match,U,F14,,Yes
Hunter Douglas Kenross Translucent Haze,False,,,,,,Match,U,F14,,Yes
Hunter Douglas Kenross Translucent Dove,False,,,,,,Match,U,F14,,Yes
Hunter Douglas Kenross Translucent Slate,False,,,,,,Match,U,F14,,Yes
Hunter Douglas Kenross Translucent Graphite,False,,,,,,Match,U,F14,,Yes
Louvolite Kenzo Light Filtering TBA,False,,,,,,Match,U,F2,,Yes
Shaw Fabrics Le Reve Light Filtering Chalk,False,,,,,,Match,U,F6,3000,Yes
Shaw Fabrics Le Reve Light Filtering Concrete,False,,,,,,Match,U,F6,3000,Yes
Shaw Fabrics Le Reve Light Filtering Crystal,False,White,White,White,,,Match,U,F6,3000,Yes
Shaw Fabrics Le Reve Light Filtering Graphite,False,,,,,,Match,U,F6,3000,Yes
Shaw Fabrics Le Reve Light Filtering Marble,False,Beige,Anodised Silver,Nickle Steel,,,Match,U,F6,3000,Yes
Shaw Fabrics Le Reve Light Filtering Mink,False,White,Anodised Silver,Nickle Steel,,,Match,U,F6,3000,Yes
Shaw Fabrics Le Reve Light Filtering Onyx,False,,,,,,Match,U,F6,3000,Yes
Shaw Fabrics Le Reve Light Filtering Pewter,False,Black,Anodised Silver,Nickle Steel,,,Match,U,F6,3000,Yes
Shaw Fabrics Le Reve Light Filtering Sand,False,Beige,Anodised Silver,Nickle Steel,,,Match,U,F6,3000,Yes
Shaw Fabrics Le Reve Light Filtering Shell,False,White,White,White,,,Match,U,F6,3000,Yes
Shaw Fabrics Le Reve Light Filtering TBA,False,,,,,,Match,U,F6,3000,Yes
Louvolite Lily Light Filtering TBA,False,,,,,,Match,U,F2,,Yes
Louvolite Lily Light Filtering Mellow Sage,False,White,White,White,,,Match,U,F2,,Yes
Shaw Fabrics Linesque Light Filtering Chestnut,False,,,,,,Match,U,F11,3000,Yes
Shaw Fabrics Linesque Light Filtering Delta,False,,,,,,Match,U,F11,3000,Yes
Shaw Fabrics Linesque Light Filtering Granite,False,,,,,,Match,U,F11,3000,Yes
Shaw Fabrics Linesque Light Filtering Hazelnut,False,,,,,,Match,U,F11,3000,Yes
Shaw Fabrics Linesque Light Filtering Levi,False,,,,,,Match,U,F11,3000,Yes
Shaw Fabrics Linesque Light Filtering Lily,False,White,,White,,White,White,U,F11,3000,Yes
Shaw Fabrics Linesque Light Filtering Oatcake,False,,,,,,Match,U,F11,3000,Yes
Shaw Fabrics Linesque Light Filtering Owl,False,,,,,,Match,U,F11,3000,Yes
Shaw Fabrics Linesque Light Filtering Stonewash,False,,,,,,Match,U,F11,3000,Yes
Shaw Fabrics Linesque Light Filtering TBA,False,,,,,,Match,U,F11,3000,Yes
Shaw Fabrics Linesque Light Filtering Trellis,False,,,,,,Match,U,F11,3000,Yes
Shaw Fabrics Linesque Light Filtering Wicker,False,,,,,,Match,U,F11,3000,Yes
Shaw Fabrics Linesque Light Filtering Winter,False,,,,,,Match,U,F11,3000,Yes
Shaw Fabrics Mantra Light Filtering Cotton,False,White,White,White,,,Match,U,F5,3000,Yes
Shaw Fabrics Mantra Light Filtering Parchment,False,White,Anodised Silver,Nickel Steel,,,Match,U,F5,3000,Yes
Shaw Fabrics Mantra Light Filtering Seagrass,False,White,Anodised Silver,Nickel Steel,,,Match,U,F5,3000,Yes
Shaw Fabrics Mantra Light Filtering Seed Pearl,False,White,Anodised Silver,Nickel Steel,,,Match,U,F5,3000,Yes
Shaw Fabrics Mantra Light Filtering Sesame,False,Beige,Anodised Silver,Nickel Steel,,,Match,U,F5,3000,Yes
Shaw Fabrics Mantra Light Filtering TBA,False,,,,,,Match,U,F5,3000,Yes
Shaw Fabrics Mantra Light Filtering Pebble,False,,,,,,Match,U,F5,3000,Yes
Wilson Fabrics Marley Light Filtering Charcoal,False,,,,,,Match,U,F2,,Yes
Wilson Fabrics Marley Light Filtering Fossil,False,,,,,,Match,U,F2,,Yes
Wilson Fabrics Marley Light Filtering Natural,False,,,,,,Match,U,F2,,Yes
Wilson Fabrics Marley Light Filtering Ocean,False,,,,,,Match,U,F2,,Yes
Wilson Fabrics Marley Light Filtering Pewter,False,,,,,,Match,U,F2,,Yes
Wilson Fabrics Marley Light Filtering Steel,False,,,,,,Match,U,F2,,Yes
Wilson Fabrics Marley Light Filtering Stone,False,,,,,,Match,U,F2,,Yes
Wilson Fabrics Marley Light Filtering TBA,False,,,,,,Match,U,F2,,Yes
Wilson Fabrics Marley Light Filtering White,False,,,,,,Match,U,F2,,Yes
Wilson Fabrics Matrix Light Filtering Coffee,False,,,,,,Match,U,F2,,Yes
Wilson Fabrics Matrix Light Filtering Ebony,False,,,,,,Match,U,F2,,Yes
Wilson Fabrics Matrix Light Filtering Grey,False,,,,,,Match,U,F2,,Yes
Wilson Fabrics Matrix Light Filtering Ivory,False,,,,,,Match,U,F2,,Yes
Wilson Fabrics Matrix Light Filtering Mink,False,,,,,,Match,U,F2,,Yes
Wilson Fabrics Matrix Light Filtering Pearl,False,,,,,,Match,U,F2,,Yes
Wilson Fabrics Matrix Light Filtering Pewter,False,,,,,,Match,U,F2,,Yes
Wilson Fabrics Matrix Light Filtering Pristine,False,,,,,,Match,U,F2,,Yes
Wilson Fabrics Matrix Light Filtering Stone,False,,,,,,Match,U,F2,,Yes
Wilson Fabrics Matrix Light Filtering TBA,False,,,,,,Match,U,F2,,Yes
Wilson Fabrics Matrix Light Filtering White,False,,,,,,Match,U,F2,,Yes
Wilson Fabrics Mercury II Light Filtering Ash,False,White,Anodised Silver,Nickel Steel,,,Match,U,F2,,Yes
Wilson Fabrics Mercury II Light Filtering Black,False,Black,Black,Black,,,Match,U,F2,,Yes
Wilson Fabrics Mercury II Light Filtering Chinchilla,False,White,Anodised Silver,Nickel Steel,,,Match,U,F2,,Yes
Wilson Fabrics Mercury II Light Filtering Cinder,False,White,Anodised Silver,Nickel Steel,,,Match,U,F2,,Yes
Wilson Fabrics Mercury II Light Filtering Cream,False,White,Anodised Silver,Nickel Steel,,,Match,U,F2,,Yes
Wilson Fabrics Mercury II Light Filtering Ironbark,False,White,Anodised Silver,Nickel Steel,,,Match,U,F2,,Yes
Wilson Fabrics Mercury II Light Filtering Silver,False,White,Anodised Silver,Nickel Steel,,,Match,U,F2,,Yes
Wilson Fabrics Mercury II Light Filtering Snow,False,White,Anodised Silver,Nickel Steel,,,Match,U,F2,,Yes
Wilson Fabrics Mercury II Light Filtering Snowgum,False,White,Anodised Silver,Nickel Steel,,,Match,U,F2,,Yes
Wilson Fabrics Mercury II Light Filtering Steel,False,Black,Anodised Silver,Nickel Steel,,,Match,U,F2,,Yes
Wilson Fabrics Mercury II Light Filtering Stone,False,Beige,Anodised Silver,Nickel Steel,,,Match,U,F2,,Yes
Wilson Fabrics Mercury II Light Filtering TBA,False,,,,,,Match,U,F2,,Yes
Wilson Fabrics Mercury II Light Filtering White,False,White,White,White,,,Match,U,F2,,Yes
Texstyle Metroshade Light Filtering Dove/White,False,White,White,White,,,White,U,W1,3000,Yes
Texstyle Metroshade Light Filtering Ecru,False,White,Bone,White,,,White,U,W1,3000,Yes
Texstyle Metroshade Light Filtering Ice Grey,False,White,White,White,,,White,U,W1,3000,Yes
Texstyle Metroshade Light Filtering Moonstone,False,White,Anodised Silver,Nickel Steel,,,White,U,W1,3000,Yes
Texstyle Metroshade Light Filtering Nougat,False,Birch White,Sandstone,Birch White,,,White,U,W1,3000,Yes
Texstyle Metroshade Light Filtering Quill,False,White,Anodised Silver,Nickel Steel,,,White,U,W1,3000,Yes
Texstyle Metroshade Light Filtering TBA,False,,,,,,Match,U,W1,3000,Yes
Wilson Fabrics Moma Light Filtering Black,False,,,,,,Match,U,F2,,Yes
Wilson Fabrics Moma Light Filtering Iron,False,,,,,,Match,U,F2,,Yes
Wilson Fabrics Moma Light Filtering Shitake,False,,,,,,Match,U,F2,,Yes
Wilson Fabrics Moma Light Filtering Snow,False,,,,,,Match,U,F2,,Yes
Wilson Fabrics Moma Light Filtering Stone,False,,,,,,Match,U,F2,,Yes
Wilson Fabrics Moma Light Filtering TBA,False,,,,,,Match,U,F2,,Yes
Wilson Fabrics Moma Light Filtering White,False,,,,,,Match,U,F2,,Yes
Louvolite Monterey Light Filtering TBA,False,,,,,,Match,U,F2,,Yes
Shaw Fabrics Orora FR Sheer Biscotti,False,,,,,,Match,U,F12,,Yes
Shaw Fabrics Orora FR Sheer Chia,False,,,,,,Match,U,F12,,Yes
Shaw Fabrics Orora FR Sheer Frost,False,,,,,,Match,U,F12,,Yes
Shaw Fabrics Orora FR Sheer Merlin,False,,,,,,Match,U,F12,,Yes
Shaw Fabrics Orora FR Sheer Osprey,False,White,White,White,,,Match,U,F12,,Yes
Shaw Fabrics Orora FR Sheer Pearl,False,,,,,,Match,U,F12,,Yes
Shaw Fabrics Orora FR Sheer Steel,False,,,,,,Match,U,F12,,Yes
Shaw Fabrics Orora FR Sheer Stone Wash,False,,,,,,Match,U,F12,,Yes
Shaw Fabrics Orora FR Sheer TBA,False,,,,,,Match,U,F12,,Yes
Shaw Fabrics Orora FR Sheer Wild Rice,False,,,,,,Match,U,F12,,Yes
Louvolite Oslo Light Filtering TBA,False,,,,,,Match,U,F2,,Yes
Louvolite Oxley Light Filtering TBA,False,,,,,,Match,U,F2,,Yes
Shaw Fabrics Palm Beach Light Filtering Angora,False,,,,,,Match,U,F5,3000,Yes
Shaw Fabrics Palm Beach Light Filtering Horizon,False,,,,,,Match,U,F5,3000,Yes
Shaw Fabrics Palm Beach Light Filtering Ink,False,,,,,,Match,U,F5,3000,Yes
Shaw Fabrics Palm Beach Light Filtering Melody,False,,,,,,Match,U,F5,3000,Yes
Shaw Fabrics Palm Beach Light Filtering Monsoon,False,,,,,,Match,U,F5,3000,Yes
Shaw Fabrics Palm Beach Light Filtering Pearl,False,,,,,,Match,U,F5,3000,Yes
Shaw Fabrics Palm Beach Light Filtering Steel,False,,,,,,Match,U,F5,3000,Yes
Shaw Fabrics Palm Beach Light Filtering TBA,False,,,,,,Match,U,F5,3000,Yes
Texstyle Sanctuary Light Filtering Plaster,False,White,White,White,Colour No. 0 ,,Black,U,W9,3000,Yes
Texstyle Sanctuary Light Filtering Marble,False,Birch White,Sandstone,Birch White,,,White,U,W9,3000,Yes
Texstyle Sanctuary Light Filtering Limestone,False,Birch White,Sandstone,Birch White,,,White,U,W9,3000,Yes
Texstyle Sanctuary Light Filtering Ceramic,False,White,Anodised Silver,Nickel Steel,,,Black,U,W9,3000,Yes
Texstyle Sanctuary Light Filtering Truffle,False,White,Anodised Silver,Nickel Steel,,,White,U,W9,3000,Yes
Texstyle Sanctuary Light Filtering Fossil,False,White,Anodised Silver,Nickel Steel,,,White,U,W9,3000,Yes
Texstyle Sanctuary Light Filtering Suede,False,White,Anodised Silver,Nickel Steel,,,White,U,W9,3000,Yes
Texstyle Sanctuary Light Filtering Mineral,False,White,Anodised Silver,Nickel Steel,,,White,U,W9,3000,Yes
Texstyle Sanctuary Light Filtering Slate,False,White,Anodised Silver,Nickel Steel,,,White,U,W9,3000,Yes
Texstyle Sanctuary Light Filtering Baltic,False,White,Anodised Silver,Nickel Steel,,,White,U,W9,3000,Yes
Texstyle Sanctuary Light Filtering Lava,False,Lava,Black,Black,,,Match,U,W9,3000,Yes
Texstyle Sanctuary Light Filtering TBA,False,,,,,,White,U,W9,3000,Yes
Maurice Kain SB-Southport Light Filtering Arctic,False,,,,,,Match,U,F7,,Yes
Maurice Kain SB-Southport Light Filtering Ash,False,,,,,,Match,U,F7,,Yes
Maurice Kain SB-Southport Light Filtering Baltic Sea,False,,,,,,Match,U,F7,,Yes
Maurice Kain SB-Southport Light Filtering Blackjack,False,,,,,,Match,U,F7,,Yes
Maurice Kain SB-Southport Light Filtering Bounty,False,,,,,,Match,U,F7,,Yes
Maurice Kain SB-Southport Light Filtering Cream,False,,,,,,Match,U,F7,,Yes
Maurice Kain SB-Southport Light Filtering Cumulus,False,,,,,,Match,U,F7,,Yes
Maurice Kain SB-Southport Light Filtering Dusk,False,,,,,,Match,U,F7,,Yes
Maurice Kain SB-Southport Light Filtering Fog,False,,,,,,Match,U,F7,,Yes
Maurice Kain SB-Southport Light Filtering Iron,False,,,,,,Match,U,F7,,Yes
Maurice Kain SB-Southport Light Filtering Linen,False,,,,,,Match,U,F7,,Yes
Maurice Kain SB-Southport Light Filtering Merino,False,,,,,,Match,U,F7,,Yes
Maurice Kain SB-Southport Light Filtering Porcelain,False,,,,,,Match,U,F7,,Yes
Maurice Kain SB-Southport Light Filtering Putty,False,,,,,,Match,U,F7,,Yes
Maurice Kain SB-Southport Light Filtering Seal,False,,,,,,Match,U,F7,,Yes
Maurice Kain SB-Southport Light Filtering Spray,False,,,,,,Match,U,F7,,Yes
Maurice Kain SB-Southport Light Filtering Stone,False,,,,,,Match,U,F7,,Yes
Maurice Kain SB-Southport Light Filtering Storm,False,,,,,,Match,U,F7,,Yes
Maurice Kain SB-Southport Light Filtering TBA,False,,,,,,Match,U,F7,,Yes
Maurice Kain SB-Southport Light Filtering Tea,False,,,,,,Match,U,F7,,Yes
Hunter Douglas Scarborough Translucent TBA,False,,,,,,Match,U,F14,,Yes
Hunter Douglas Scarborough Translucent Sugar,False,,,,,,Match,U,F14,,Yes
Hunter Douglas Scarborough Translucent Sorbet,False,,,,,,Match,U,F14,,Yes
Hunter Douglas Scarborough Translucent Biscuit,False,,,,,,Match,U,F14,,Yes
Hunter Douglas Scarborough Translucent Oyster,False,,,,,,Match,U,F14,,Yes
Hunter Douglas Scarborough Translucent Pepper,False,,,,,,Match,U,F14,,Yes
Hunter Douglas Scarborough Translucent Trecale,False,,,,,,Match,U,F14,,Yes
Hunter Douglas Scarborough Translucent Cocoa,False,,,,,,Match,U,F14,,Yes
Hunter Douglas Scarborough Translucent Liquorice,False,,,,,,Match,U,F14,,Yes
Texstyle Serengetti Light Filtering Albatross,False,White,Anodised Silver,White,,,White,U,F10,x3000x,Yes
Texstyle Serengetti Light Filtering Antelope,False,Black,Black,Black,,,Black,U,F10,x3000x,Yes
Texstyle Serengetti Light Filtering Caribou,False,Black,Anodised Silver,Nickel Steel,,,White,U,F10,x3000x,Yes
Texstyle Serengetti Light Filtering Chamois,False,White,,,,,White,U,F10,x3000x,Yes
Texstyle Serengetti Light Filtering Eland,False,White,,,,,White,U,F10,x3000x,Yes
Texstyle Serengetti Light Filtering Hyrax,False,White,,White,,,White,U,F10,x3000x,Yes
Texstyle Serengetti Light Filtering Jackal,False,White,,,,,White,U,F10,x3000x,Yes
Texstyle Serengetti Light Filtering Llama,False,White,White,White,,,White,U,F10,x3000x,Yes
Texstyle Serengetti Light Filtering Mamba,False,Black,Black,Black,,,Black,U,F10,x3000x,Yes
Texstyle Serengetti Light Filtering Onyx,False,Grey,Bone,Grey,,,White,U,F10,x3000x,Yes
Texstyle Serengetti Light Filtering Owl,False,White,Bone,White,,,White,U,F10,x3000x,Yes
Texstyle Serengetti Light Filtering Panther,False,Black,Black,Black,,,Black,U,F10,x3000x,Yes
Texstyle Serengetti Light Filtering Polar,False,White,White,White,,,White,U,F10,x3000x,Yes
Texstyle Serengetti Light Filtering TBA,False,,,,,,Match,U,F10,x3000x,Yes
Shaw Fabrics Skye Light Filtering Blazer,False,,,,,,Match,U,F9,,Yes
Shaw Fabrics Skye Light Filtering Chiffon,False,,,,,,Match,U,F9,,Yes
Shaw Fabrics Skye Light Filtering Chrome,False,,,,,,Match,U,F9,,Yes
Shaw Fabrics Skye Light Filtering Earl Grey,False,,,,,,Match,U,F9,,Yes
Shaw Fabrics Skye Light Filtering Oyster,False,,,,,,Match,U,F9,,Yes
Shaw Fabrics Skye Light Filtering Porcelain,False,,,,,,Match,U,F9,,Yes
Shaw Fabrics Skye Light Filtering Raven,False,,,,,,Match,U,F9,,Yes
Shaw Fabrics Skye Light Filtering Sail,False,,,,,,Match,U,F9,,Yes
Shaw Fabrics Skye Light Filtering Swan,False,,,,,,Match,U,F9,,Yes
Shaw Fabrics Spectre Sheer Cotswold,False,,,,,,Match,U,F12,,Yes
Shaw Fabrics Spectre Sheer Cumin,False,,,,,,Match,U,F12,,Yes
Shaw Fabrics Spectre Sheer Driftwood,False,,,,,,Match,U,F12,,Yes
Shaw Fabrics Spectre Sheer Ebony,False,,,,,,Match,U,F12,,Yes
Shaw Fabrics Spectre Sheer Flaxen,False,,,,,,Match,U,F12,,Yes
Shaw Fabrics Spectre Sheer Iron,False,,,,,,Match,U,F12,,Yes
Shaw Fabrics Spectre Sheer Ombre,False,,,,,,Match,U,F12,,Yes
Shaw Fabrics Spectre Sheer Pepper,False,,,,,,Match,U,F12,,Yes
Shaw Fabrics Spectre Sheer Quarry,False,,,,,,Match,U,F12,,Yes
Shaw Fabrics Spectre Sheer Seaspray,False,,,,,,Match,U,F12,,Yes
Shaw Fabrics Spectre Sheer TBA,False,,,,,,Match,U,F12,,Yes
Shaw Fabrics Spectre Sheer WoodSmoke,False,,,,,,Match,U,F12,,Yes
Four Families St Lucia Light Filtering Ivory,False,,,,,,Match,U,F7,,Yes
Four Families St Lucia Light Filtering White,False,,,,,,Match,U,F7,,Yes
Four Families St Lucia Light Filtering TBA,False,,,,,,Match,U,F7,,Yes
Louvolite Swedish Birch Light Filtering TBA,False,,,,,,Match,U,F2,,Yes
Louvolite Sweet Pea Light Filtering TBA,False,,,,,,Match,U,F2,,Yes
Louvolite Sweet Pea Light Filtering Dew,False,White,White,White,,,Match,U,F2,,Yes
Wilson Fabrics Sydney Light Filtering Charcoal,False,,,,,,Match,U,F2,,Yes
Wilson Fabrics Sydney Light Filtering Dark Grey,False,,,,,,Match,U,F2,,Yes
Wilson Fabrics Sydney Light Filtering Linen,False,,,,,,Match,U,F2,,Yes
Wilson Fabrics Sydney Light Filtering Mist,False,,,,,,Match,U,F2,,Yes
Wilson Fabrics Sydney Light Filtering Natural,False,,,,,,Match,U,F2,,Yes
Wilson Fabrics Sydney Light Filtering Silver,False,,,,,,Match,U,F2,,Yes
Wilson Fabrics Sydney Light Filtering Snow,False,,,,,,Match,U,F2,,Yes
Wilson Fabrics Sydney Light Filtering TBA,False,,,,,,Match,U,F2,,Yes
Sonata Symphony Light Filtering White,False,White,White,White,,,Match,U,F13,2500,Yes
Uniline Tapestry Light Filtering TBA,False,,,,,,Match,U,F7,,Yes
Uniline Tapestry Light Filtering Cloud,False,,,,,,Match,U,F7,,Yes
Uniline Tapestry Light Filtering White Wash,False,,,,,,Match,U,F7,,Yes
Uniline Tapestry Light Filtering Seagull,False,,,,,,Match,U,F7,,Yes
Uniline Tapestry Light Filtering Buff,False,,,,,,Match,U,F7,,Yes
Uniline Tapestry Light Filtering Concrete,False,,,,,,Match,U,F7,,Yes
Uniline Tapestry Light Filtering Portland,False,,,,,,Match,U,F7,,Yes
Uniline Tapestry Light Filtering Dove,False,,,,,,Match,U,F7,,Yes
Uniline Tapestry Light Filtering Gunmetal,False,,,,,,Match,U,F7,,Yes
Uniline Tapestry Light Filtering Tuxedo,False,,,,,,Match,U,F7,,Yes
Wilson Fabrics Thredbo Translucent Snow,False,White,Whtie,White,,,Match,U,F2,,Yes
Wilson Fabrics Thredbo Translucent White,False,White,White,White,,,Match,U,F2,,Yes
Wilson Fabrics Thredbo Translucent Ivory,False,Birch White,Sandstone,Birch White,,,Match,U,F2,,Yes
Wilson Fabrics Thredbo Translucent Pearl,False,White,Anodised Silver,Nickel Steel,,,Match,U,F2,,Yes
Wilson Fabrics Thredbo Translucent Snowgum,False,Birch White,Sandstone,Birch White,,,Match,U,F2,,Yes
Wilson Fabrics Thredbo Translucent Vanilla,False,Birch White,Sandstone,Birch White,,,Match,U,F2,,Yes
Wilson Fabrics Thredbo Translucent Cloud,False,White,Anodised Silver,Nickel Steel,,,Match,U,F2,,Yes
Wilson Fabrics Thredbo Translucent Ice Grey,False,White,Anodised Silver,Nickel Steel,,,Match,U,F2,,Yes
Wilson Fabrics Thredbo Translucent Mink,False,White,Anodised Silver,Nickel Steel,,,Match,U,F2,,Yes
Wilson Fabrics Thredbo Translucent Chrome,False,White,Anodised Silver,Nickel Steel,,,Match,U,F2,,Yes
Wilson Fabrics Thredbo Translucent Shark,False,White,Anodised Silver,Nickel Steel,,,Match,U,F2,,Yes
Wilson Fabrics Thredbo Translucent Jet,False,White,Anodised Silver,Nickel Steel,,,Match,U,F2,,Yes
Wilson Fabrics Thredbo Translucent Charcoal,False,Black,Black,Black,,,Match,U,F2,,Yes
Wilson Fabrics Thredbo Translucent Ebony,False,Black,Black,Black,,,Match,U,F2,,Yes
Wilson Fabrics Thredbo Translucent TBA,False,,,,,,Match,U,F2,,Yes
Wilson Fabrics Tuscany II Light Filtering Ash,False,,,,,,Match,U,F2,,Yes
Wilson Fabrics Tuscany II Light Filtering Charcoal,False,,,,,,Match,U,F2,,Yes
Wilson Fabrics Tuscany II Light Filtering Eggshell,False,,,,,,Match,U,F2,,Yes
Wilson Fabrics Tuscany II Light Filtering Granite,False,,,,,,Match,U,F2,,Yes
Wilson Fabrics Tuscany II Light Filtering Linen,False,,,,,,Match,U,F2,,Yes
Wilson Fabrics Tuscany II Light Filtering Mink,False,,,,,,Match,U,F2,,Yes
Wilson Fabrics Tuscany II Light Filtering Natural,False,,,,,,Match,U,F2,,Yes
Wilson Fabrics Tuscany II Light Filtering Parchment,False,,,,,,Match,U,F2,,Yes
Wilson Fabrics Tuscany II Light Filtering Pewter,False,,,,,,Match,U,F2,,Yes
Wilson Fabrics Tuscany II Light Filtering Silver,False,,,,,,Match,U,F2,,Yes
Wilson Fabrics Tuscany II Light Filtering White,False,,,,,,Match,U,F2,,Yes
Hunter Douglas Westman Translucent TBA,False,,,,,,Match,U,F14,,Yes
Hunter Douglas Westman Translucent Mist,False,,,,,,Match,U,F14,,Yes
Hunter Douglas Westman Translucent Canvas,False,,,,,,Match,U,F14,,Yes
Hunter Douglas Westman Translucent Aqua,False,,,,,,Match,U,F14,,Yes
Hunter Douglas Westman Translucent Stone,False,,,,,,Match,U,F14,,Yes
Hunter Douglas Westman Translucent Shark,False,,,,,,Match,U,F14,,Yes
Wilson Fabrics Whitsundays Light Filtering Arctic White,False,White,White,White,,,Match,U,F2,,Yes
Wilson Fabrics Whitsundays Light Filtering Whitewash,False,White,White,White,,,Match,U,F2,,Yes
Wilson Fabrics Whitsundays Light Filtering Blonde,False,White,White,White,,,Match,U,F2,,Yes
Wilson Fabrics Whitsundays Light Filtering Morning,False,White,White,White,,,Match,U,F2,,Yes
Wilson Fabrics Whitsundays Light Filtering Marble,False,Birch White,Sandstone,Birch White,,,Match,U,F2,,Yes
Wilson Fabrics Whitsundays Light Filtering Flaxen,False,Birch White,Sandstone,Birch White,,,Match,U,F2,,Yes
Wilson Fabrics Whitsundays Light Filtering Clay,False,White,Anodised Silver,Nickel Steel,,,Match,U,F2,,Yes
Wilson Fabrics Whitsundays Light Filtering Hampton Blue,False,White,Anodised Silver,Nickel Steel,,,Match,U,F2,,Yes
Wilson Fabrics Whitsundays Light Filtering Silver Gum,False,White,Anodised Silver,Nickel Steel,,,Match,U,F2,,Yes
Wilson Fabrics Whitsundays Light Filtering Gravel,False,Black,Black,Black,,,Match,U,F2,,Yes
Wilson Fabrics Whitsundays Light Filtering TBA,False,,,,,,Match,U,F2,,Yes
Hunter Douglas Willandra Light Filtering TBA,False,,,,,,Match,U,F14,,Yes
Hunter Douglas Willandra Light Filtering Mist,False,,,,,,Match,U,F14,,Yes
Hunter Douglas Willandra Light Filtering Spirit,False,,,,,,Match,U,F14,,Yes
Hunter Douglas Willandra Light Filtering Smoke,False,,,,,,Match,U,F14,,Yes
Hunter Douglas Willandra Light Filtering Charcoal,False,,,,,,Match,U,F14,,Yes
Hunter Douglas Willandra Light Filtering Whisper,False,,,,,,Match,U,F14,,Yes
Hunter Douglas Willandra Light Filtering Ivory,False,,,,,,Match,U,F14,,Yes
Hunter Douglas Willandra Light Filtering Jarrah,False,,,,,,Match,U,F14,,Yes
Hunter Douglas Willandra Light Filtering Saudi Sand,False,,,,,,Match,U,F14,,Yes
Hunter Douglas Willandra Light Filtering Bison,False,,,,,,Match,U,F14,,Yes
Hunter Douglas Willandra Light Filtering Storm,False,,,,,,Match,U,F14,,Yes
Louvolite Windsor Light Filtering TBA,False,,,,,,Match,U,F2,,Yes
Maurice Kain Woolamai Light Filtering Basalt,False,Black,Black,Black,,,Match,U,F7,,Yes
Maurice Kain Woolamai Light Filtering Cloud,False,White,White,White,,,Match,U,F7,,Yes
Maurice Kain Woolamai Light Filtering Driftwood,False,Birch White,Sandstone,Birch White,,,Match,U,F7,,Yes
Maurice Kain Woolamai Light Filtering Onyx,False,Black,Black,Black,,,Match,U,F7,,Yes
Maurice Kain Woolamai Light Filtering Sand,False,White,White,White,,,Match,U,F7,,Yes
Maurice Kain Woolamai Light Filtering Silver,False,White,White,White,,,Match,U,F7,,Yes
Maurice Kain Woolamai Light Filtering Stone,False,Beige,Anodised Silver,Beige,,,Match,U,F7,,Yes
Maurice Kain Woolamai Light Filtering Storm,False,White,White,White,,,Match,U,F7,,Yes
Maurice Kain Woolamai Light Filtering TBA,False,White,White,White,,,Match,U,F7,,Yes
Blindware Signum Metallic Sunscreen Anthracite,False,,,,,,Match,P10,F7,,No
Blindware Signum Metallic Sunscreen Basalt,False,,,,,,Match,P10,F7,,No
Blindware Signum Metallic Sunscreen Charcoal,False,,,,,,Match,P10,F7,,No
Blindware Signum Metallic Sunscreen Coffee,False,,,,,,Match,P10,F7,,No
Blindware Signum Metallic Sunscreen Graphite,False,,,,,,Match,P10,F7,,No
Blindware Signum Metallic Sunscreen Grass Silk,False,,,,,,Match,P10,F7,,No
Blindware Signum Metallic Sunscreen Mist,False,,,,,,Match,P10,F7,,No
Blindware Signum Metallic Sunscreen Oak,False,,,,,,Match,P10,F7,,No
Blindware Signum Metallic Sunscreen Silver,False,,,,,,Match,P10,F7,,No
Blindware Signum Metallic Sunscreen Steel,False,,,,,,Match,P10,F7,,No
Blindware Signum Metallic Sunscreen Storm,False,,,,,,Match,P10,F7,,No
Blindware Signum Metallic Sunscreen TBA,False,,,,,,Match,P10,F7,,No
Blindware Signum Metallic Sunscreen Umber,False,,,,,,Match,P10,F7,,No
Blindware Signum Metallic Sunscreen Vanilla,False,,,,,,Match,P10,F7,,No
Blindware Signum Metallic Sunscreen White,False,,,,,,Match,P10,F7,,No
Blindware Signum Sunscreen Anthracite,False,,,,,,Match,P10,F7,,No
Blindware Signum Sunscreen Basalt,False,,,,,,Match,P10,F7,,No
Blindware Signum Sunscreen Charcoal,False,,,,,,Match,P10,F7,,No
Blindware Signum Sunscreen Coffee,False,,,,,,Match,P10,F7,,No
Blindware Signum Sunscreen Graphite,False,,,,,,Match,P10,F7,,No
Blindware Signum Sunscreen Grass Silk,False,,,,,,Match,P10,F7,,No
Blindware Signum Sunscreen Mist,False,,,,,,Match,P10,F7,,No
Blindware Signum Sunscreen Oak,False,,,,,,Match,P10,F7,,No
Blindware Signum Sunscreen Steel,False,,,,,,Match,P10,F7,,No
Blindware Signum Sunscreen Storm,False,,,,,,Match,P10,F7,,No
Blindware Signum Sunscreen TBA,False,,,,,,Match,P10,F7,,No
Blindware Signum Sunscreen Umber,False,,,,,,Match,P10,F7,,No
Blindware Signum Sunscreen Vanilla,False,,,,,,Match,P10,F7,,No
Blindware Signum Sunscreen White,False,,,,,,Match,P10,F7,,No
Louvolite Perspective Screen TBA,False,,,,,,Match,P10,F2,,No
Louvolite Secoura Sunscreen Ash,False,,,,,,Match,P10,F2,,No
Louvolite Secoura Sunscreen Iron Grey,False,,,,,,Match,P10,F2,,No
Louvolite Secoura Sunscreen Liquorice,False,,,,,,Match,P10,F2,,No
Louvolite Secoura Sunscreen Sandstone,False,,,,,,Match,P10,F2,,No
Louvolite Secoura Sunscreen TBA,False,,,,,,Match,P10,F2,,No
Louvolite Secoura Sunscreen White,False,,,,,,Match,P10,F2,,No
Hunter Douglas M Screen Sunscreen Charcoal/Charcoal,False,,,,,,Match,P10,F14,,No
Hunter Douglas M Screen Sunscreen Charcoal/Cocoa,False,,,,,,Match,P10,F14,,No
Hunter Douglas M Screen Sunscreen Charcoal/Grey,False,,,,,,Match,P10,F14,,No
Hunter Douglas M Screen Sunscreen Charcoal/Linen,False,,,,,,Match,P10,F14,,No
Hunter Douglas M Screen Sunscreen Charcoal/Lotus,False,,,,,,Match,P10,F14,,No
Hunter Douglas M Screen Sunscreen Charcoal/Pearl-Grey,False,,,,,,Match,P10,F14,,No
Hunter Douglas M Screen Sunscreen Charcoal/Sable,False,,,,,,Match,P10,F14,,No
Hunter Douglas M Screen Sunscreen Flagstone,False,,,,,,Match,P10,F14,,No
Hunter Douglas M Screen Sunscreen Granite,False,,,,,,Match,P10,F14,,No
Hunter Douglas M Screen Sunscreen Linen/Stone,False,,,,,,Match,P10,F14,,No
Hunter Douglas M Screen Sunscreen Oyster Shell,False,,,,,,Match,P10,F14,,No
Hunter Douglas M Screen Sunscreen Pearl/Linen,False,,,,,,Match,P10,F14,,No
Hunter Douglas M Screen Sunscreen Pearl/Pearl,False,,,,,,Match,P10,F14,,No
Hunter Douglas M Screen Sunscreen River Rock,False,,,,,,Match,P10,F14,,No
Hunter Douglas M Screen Sunscreen Silver Frost,False,,,,,,Match,P10,F14,,No
Hunter Douglas M Screen Sunscreen TBA,False,,,,,,Match,P10,F14,,No
Hunter Douglas M Screen Sunscreen Tumbleweed,False,,,,,,Match,P10,F14,,No
Hunter Douglas M Screen Sunscreen White/Linen,False,,,,,,Match,P10,F14,,No
Hunter Douglas M Screen Sunscreen White/Lotus,False,,,,,,Match,P10,F14,,No
Hunter Douglas M Screen Sunscreen White/Stone,False,,,,,,Match,P10,F14,,No
Hunter Douglas M Screen Sunscreen White/White,False,,,,,,Match,P10,F14,,No
Shaw Fabrics Duo Sunscreen Blue Grey,False,,,,,,Match,P10,F12,2500 / 3200,No
Shaw Fabrics Duo Sunscreen Charcoal,False,,,,,,Match,P10,F12,2500 / 3200,No
Shaw Fabrics Duo Sunscreen Charcoal Grey,False,,,,,,Match,P10,F12,2500 / 3200,No
Shaw Fabrics Duo Sunscreen Charcoal Slate,False,,,,,,Match,P10,F12,2500 / 3200,No
Shaw Fabrics Duo Sunscreen Dune Grey,False,,,,,,Match,P10,F12,2500 / 3200,No
Shaw Fabrics Duo Sunscreen TBA,False,,,,,,Match,P10,F12,2500 / 3200,No
Shaw Fabrics Duo Sunscreen White,False,,,,,,Match,P10,F12,2500 / 3200,No
Shaw Fabrics Duo Sunscreen White Grey,False,,,,,,Match,P10,F12,2500 / 3200,No
Shaw Fabrics Duo Sunscreen White Linen,False,,,,,,Match,P10,F12,2500 / 3200,No
Shaw Fabrics Duo Sunscreen White Stone,False,Birch White,Sandstone,Birch White,,,Match,P10,F12,2500 / 3200,No
Shaw Fabrics Sheerweave Ecolibrium 4300 - 3% Sunscreen Charcoal,False,,,,,,Match,P10,F12,,No
Shaw Fabrics Sheerweave Ecolibrium 4300 - 3% Sunscreen Charcoal Gold,False,,,,,,Match,P10,F12,,No
Shaw Fabrics Sheerweave Ecolibrium 4300 - 3% Sunscreen Sandstone,False,,,,,,Match,P10,F12,,No
Shaw Fabrics Sheerweave Ecolibrium 4300 - 3% Sunscreen Slate Stone,False,,,,,,Match,P10,F12,,No
Shaw Fabrics Sheerweave Ecolibrium 4300 - 3% Sunscreen TBA,False,,,,,,Match,P10,F12,,No
Shaw Fabrics Sheerweave Ecolibrium 4300 - 3% Sunscreen White,False,,,,,,Match,P10,F12,,No
Shaw Fabrics Sheerweave Ecolibrium 4300 - 3% Sunscreen White Stone,False,,,,,,Match,P10,F12,,No
Shaw Fabrics Sheerweave 2390 Perf+ 5% Sunscreen Beige,False,,,,,,Match,P10,F12,,No
Shaw Fabrics Sheerweave 2390 Perf+ 5% Sunscreen Charcoal,False,,,,,,Match,P10,F12,,No
Shaw Fabrics Sheerweave 2390 Perf+ 5% Sunscreen Charcoal Chestnut,False,,,,,,Match,P10,F12,,No
Shaw Fabrics Sheerweave 2390 Perf+ 5% Sunscreen Charcoal Gold,False,,,,,,Match,P10,F12,,No
Shaw Fabrics Sheerweave 2390 Perf+ 5% Sunscreen Charcoal Grey,False,,,,,,Match,P10,F12,,No
Shaw Fabrics Sheerweave 2390 Perf+ 5% Sunscreen Oyster,False,,,,,,Match,P10,F12,,No
Shaw Fabrics Sheerweave 2390 Perf+ 5% Sunscreen Oyster Beige,False,,,,,,Match,P10,F12,,No
Shaw Fabrics Sheerweave 2390 Perf+ 5% Sunscreen TBA,False,,,,,,Match,P10,F12,,No
Shaw Fabrics Sheerweave 2410 Perf+ 3% Sunscreen Beige,False,,,,,,Match,P10,F12,,No
Shaw Fabrics Sheerweave 2410 Perf+ 3% Sunscreen Charcoal,False,,,,,,Match,P10,F12,,No
Shaw Fabrics Sheerweave 2410 Perf+ 3% Sunscreen Charcoal Chestnut,False,,,,,,Match,P10,F12,,No
Shaw Fabrics Sheerweave 2410 Perf+ 3% Sunscreen Charcoal Gold,False,,,,,,Match,P10,F12,,No
Shaw Fabrics Sheerweave 2410 Perf+ 3% Sunscreen Charcoal Grey,False,,,,,,Match,P10,F12,,No
Shaw Fabrics Sheerweave 2410 Perf+ 3% Sunscreen Oyster,False,,,,,,Match,P10,F12,,No
Shaw Fabrics Sheerweave 2410 Perf+ 3% Sunscreen Oyster Beige,False,,,,,,Match,P10,F12,,No
Shaw Fabrics Sheerweave 2410 Perf+ 3% Sunscreen TBA,False,,,,,,Match,P10,F12,,No
Shaw Fabrics Sheerweave Ecolibrium 4500 - 5% Sunscreen Charcoal,False,Black,Black,Black,,,Match,P10,F12,,No
Shaw Fabrics Sheerweave Ecolibrium 4500 - 5% Sunscreen Charcoal Bronze,False,Black,Black,Black,,,Match,P10,F12,,No
Shaw Fabrics Sheerweave Ecolibrium 4500 - 5% Sunscreen Charcoal Gold,False,Black,Black,Black,,,Match,P10,F12,,No
Shaw Fabrics Sheerweave Ecolibrium 4500 - 5% Sunscreen Charcoal Grey,False,Black,Black,Black,,,Match,P10,F12,,No
Shaw Fabrics Sheerweave Ecolibrium 4500 - 5% Sunscreen Ice,False,White,White,White,,,Match,P10,F12,,No
Shaw Fabrics Sheerweave Ecolibrium 4500 - 5% Sunscreen Linen,False,Beige,Beige,Beige,,,Match,P10,F12,,No
Shaw Fabrics Sheerweave Ecolibrium 4500 - 5% Sunscreen Sandstone,False,White,White,White,,,Match,P10,F12,,No
Shaw Fabrics Sheerweave Ecolibrium 4500 - 5% Sunscreen TBA,False,,,,,,Match,P10,F12,,No
Shaw Fabrics Sheerweave Ecolibrium 4500 - 5% Sunscreen White,False,White,White,White,,,Match,P10,F12,,No
Shaw Fabrics Sheerweave Ecolibrium 4500 - 5% Sunscreen White Grey,False,White,White,White,,,Match,P10,F12,,No
Shaw Fabrics Sheerweave Ecolibrium 4500 - 5% Sunscreen White Linen,False,Birch White,Sandstone,Birch White,,,Match,P10,F12,,No
Shaw Fabrics Sheerweave Ecolibrium 4500 - 5% Sunscreen White Stone,False,White,White,White,,,Match,P10,F12,,No
Shaw Fabrics Sheerweave Ecolibrium 4510 - 10% Sunscreen Charcoal,False,,,,,,Match,P10,F12,,No
Shaw Fabrics Sheerweave Ecolibrium 4510 - 10% Sunscreen Charcoal Grey,False,,,,,,Match,P10,F12,,No
Shaw Fabrics Sheerweave Ecolibrium 4510 - 10% Sunscreen White,False,,,,,,Match,P10,F12,,No
Shaw Fabrics Sheerweave Ecolibrium 4510 - 10% Sunscreen White Grey,False,,,,,,Match,P10,F12,,No
Shaw Fabrics Sheerweave Ecolibrium 4510 - 10% Sunscreen White Linen,False,,,,,,Match,P10,F12,,No
Shaw Fabrics Sheerweave Ecolibrium 4510 - 10% Sunscreen White Stone,False,,,,,,Match,P10,F12,,No
Shaw Fabrics Sheerweave Ecolibrium 4510 - 10%Sunscreen TBA,False,,,,,,Match,P10,F12,,No
Texstyle Dakota Sunscreen Coal,False,,,,,,Match,P10,F15,,No
Texstyle Dakota Sunscreen Flint,False,,,,,,Match,P10,F15,,No
Texstyle Dakota Sunscreen Granite,False,,,,,,Match,P10,F15,,No
Texstyle Dakota Sunscreen Marble,False,,,,,,Match,P10,F15,,No
Texstyle Dakota Sunscreen Ore,False,,,,,,Match,P10,F15,,No
Texstyle Dakota Sunscreen Quartz,False,,,,,,Match,P10,F15,,No
Texstyle Dakota Sunscreen TBA,False,,,,,,Match,P10,F15,,No
Texstyle Kleenscreen Sunscreen Alloy,True,Grey,Anodised Silver,Grey,,,White,P10,W3,3000,No
Texstyle Kleenscreen Sunscreen Barley,True,Birch White,Sandstone,Birch White,,,White,P10,W3,3000,No
Texstyle Kleenscreen Sunscreen Black,True,Black,Black,Black,,,Black,P10,W3,3000,No
Texstyle Kleenscreen Sunscreen Black Pearl,True,Black,Black,Black,,,Black,P10,W3,3000,No
Texstyle Kleenscreen Sunscreen Charcoal,True,Black,Black,Black,,,Black,P10,W3,3000,No
Texstyle Kleenscreen Sunscreen Graphite,True,Black,Black,Black,,,Black,P10,W3,3000,No
Texstyle Kleenscreen Sunscreen Ivory,True,White,White,White,,,White,P10,W3,3000,No
Texstyle Kleenscreen Sunscreen Pewter,True,Grey,Anodised Silver,Grey,,,White,P10,W3,3000,No
Texstyle Kleenscreen Sunscreen Pumice,True,White,White,White,,,White,P10,W3,3000,No
Texstyle Kleenscreen Sunscreen Pure White,True,White,White,White,,,White,P10,W3,3000,No
Texstyle Kleenscreen Sunscreen Shale,True,Grey,Anodised Silver,Grey,,,White,P10,W3,3000,No
Texstyle Kleenscreen Sunscreen TBA,False,,,,,,Match,P10,W3,3000,No
Texstyle One Screen Sunscreen Black,False,Black,Black,Black,,,Black,P10,F8,2200 / 3000,No
Texstyle One Screen Sunscreen Charcoal,False,Black,Black,Black,,,Black,P10,F8,2200 / 3000,No
Texstyle One Screen Sunscreen Dune,False,Beige,Anodised Silver,Beige,,,White,P10,F8,2200 / 3000,No
Texstyle One Screen Sunscreen Grey,False,White,Anodised Silver,Nickel Steel,,,White,P10,F8,2200 / 3000,No
Texstyle One Screen Sunscreen Gunmetal,False,White,Anodised Silver,Nickel Steel,,,White,P10,F8,2200 / 3000,No
Texstyle One Screen Sunscreen Ice,False,White,White,White,,,White,P10,F8,2200 / 3000,No
Texstyle One Screen Sunscreen Linen Bronze,False,Beige,Anodised Silver,Beige,,,White,P10,F8,2200 / 3000,No
Texstyle One Screen Sunscreen Mercury,False,Black,Black,Black,,,Black,P10,F8,2200 / 3000,No
Texstyle One Screen Sunscreen Sand,False,Birch White,Anodised Silver,Birch White,,,White,P10,F8,2200 / 3000,No
Texstyle One Screen Sunscreen Silver Black,False,Black,Anodised Silver,Black,,,Black,P10,F8,2200 / 3000,No
Texstyle One Screen Sunscreen TBA,False,,,,,,Match,P10,F8,2200 / 3000,No
Texstyle One Screen Sunscreen Wallaby,False,Beige,Anodised Silver,Beige,,,White,P10,F8,2200 / 3000,No
Texstyle One Screen Sunscreen White,False,White,Anodised Silver,Nickel Steel,,,White,P10,F8,2200 / 3000,No
Texstyle Solar View Sunscreen Alabaster,False,White,Anodised Silver,Nickel Steel,,,Match,U5,F15,3000,No
Texstyle Solar View Sunscreen Black,False,Black,Black,Black,,,Match,U5,F15,3000,No
Texstyle Solar View Sunscreen Black/Copper,False,Black,Black,Black,,,Match,U5,F15,3000,No
Texstyle Solar View Sunscreen Bone/Off White,False,Beige,Anodised Silver,Beige,,,Match,U5,F15,3000,No
Texstyle Solar View Sunscreen Bronze/Charcoal,False,Black,Black,Black,,,Match,U5,F15,3000,No
Texstyle Solar View Sunscreen Charcoal,False,Black,Black,Black,,,Match,U5,F15,3000,No
Texstyle Solar View Sunscreen Cotton,False,Beige,Anodised Silver,Beige,,,Match,U5,F15,3000,No
Texstyle Solar View Sunscreen Grey,False,White,Anodised Silver,Nickel Steel,,,Match,U5,F15,3000,No
Texstyle Solar View Sunscreen Off White,False,White,White,White,,,Match,U5,F15,3000,No
Texstyle Solar View Sunscreen Platinum,False,Black,Black,Black,,,Match,U5,F15,3000,No
Texstyle Solar View Sunscreen Taupe,False,Beige,Anodised Silver,Beige,,,Match,U5,F15,3000,No
Texstyle Solar View Sunscreen TBA,False,,,,,,Match,U5,F15,3000,No
Texstyle Solar View Sunscreen White,False,White,White,White,,,Match,U5,F15,3000,No
Texstyle Vivid Shade Sunscreen Black,False,Black,Black,Black,,,Match,P10,F15,,No
Texstyle Vivid Shade Sunscreen Black/Beige,False,,,,,,Match,P10,F15,,No
Texstyle Vivid Shade Sunscreen Black/Bronze,False,Black,Black,Black,,,Match,P10,F15,,No
Texstyle Vivid Shade Sunscreen Black/Sable,False,Black,Black,Black,,,Match,P10,F15,,No
Texstyle Vivid Shade Sunscreen Bronze/Grey,False,,,,,,Match,P10,F15,,No
Texstyle Vivid Shade Sunscreen Charcoal,False,Black,Black,Black,,,Match,P10,F15,,No
Texstyle Vivid Shade Sunscreen Charcoal/Grey,False,Black,Black,Black,,,Match,P10,F15,,No
Texstyle Vivid Shade Sunscreen Linen/Bronze,False,Beige,Beige,Beige,,,Match,P10,F15,,No
Texstyle Vivid Shade Sunscreen Silver/Grey,False,,,,,,Match,P10,F15,,No
Texstyle Vivid Shade Sunscreen Silver/Linen,False,,,,,,Match,P10,F15,,No
Texstyle Vivid Shade Sunscreen TBA,False,,,,,,Match,P10,F15,,No
Texstyle Vivid Shade Sunscreen White,False,White,White,White,,,Match,P10,F15,,No
Texstyle Vivid Shade Sunscreen White/Bone,False,Beige,Anodised Silver,Nickel Steel,,,Match,P10,F15,,No
Texstyle Vivid Shade Sunscreen White/Grey,False,White,Anodised Silver,White,,,Match,P10,F15,,No
Texstyle Vivid Shade Sunscreen White/Lily,False,,,,,,Match,P10,F15,,No
Texstyle Vivid Shade Sunscreen White/Silver,False,White,Anodised Silver,White,,,Match,P10,F15,,No
Texstyle Vivid Shade Sunscreen White/Stone,False,Beige,Anodised Silver,Nickel Steel,,,Match,P10,F15,,No
Hunter Douglas E Screen 6% Sunscreen TBA,False,,,,,,Match,P10,F14,,No
Hunter Douglas E Screen 6% Sunscreen White,False,,,,,,Match,P10,F14,,No
Hunter Douglas E Screen 6% Sunscreen Whisper,False,,,,,,Match,P10,F14,,No
Hunter Douglas E Screen 6% Sunscreen White Pearl,False,,,,,,Match,P10,F14,,No
Hunter Douglas E Screen 6% Sunscreen Grey Midnight Linen,False,,,,,,Match,P10,F14,,No
Hunter Douglas E Screen 6% Sunscreen Gravity,False,,,,,,Match,P10,F14,,No
Hunter Douglas E Screen 6% Sunscreen Cucmberland,False,,,,,,Match,P10,F14,,No
Hunter Douglas E Screen 6% Sunscreen Charcoal Cocoa,False,,,,,,Match,P10,F14,,No
Hunter Douglas E Screen 6% Sunscreen Charcoal Grey,False,,,,,,Match,P10,F14,,No
Hunter Douglas E Screen 6% Sunscreen Midnight,False,,,,,,Match,P10,F14,,No
Hunter Douglas E Screen 10% Sunscreen TBA,False,,,,,,Match,P10,F14,,No
Hunter Douglas E Screen 10% Sunscreen White/White,False,,,,,,Match,P10,F14,,No
Hunter Douglas E Screen 10% Sunscreen White/Pearl,False,,,,,,Match,P10,F14,,No
Hunter Douglas E Screen 10% Sunscreen Charcoal/Grey,False,,,,,,Match,P10,F14,,No
Hunter Douglas E Screen 10% Sunscreen Charcoal/Charcoal,False,,,,,,Match,P10,F14,,No
Hunter Douglas E Screen 10% Sunscreen Charcoal/Cocoa,False,,,,,,Match,P10,F14,,No
Hunter Douglas Optimascreen Plus Sunscreen White,False,,,,,,Match,P10,F14,,No
Hunter Douglas Optimascreen Plus Sunscreen TBA,False,,,,,,Match,P10,F14,,No
Hunter Douglas Optimascreen Plus Sunscreen White/Linen,False,,,,,,Match,P10,F14,,No
Hunter Douglas Optimascreen Plus Sunscreen White/Pearl/White/Grey,False,,,,,,Match,P10,F14,,No
Hunter Douglas Optimascreen Plus Sunscreen White/Sand,False,,,,,,Match,P10,F14,,No
Hunter Douglas Optimascreen Plus Sunscreen Black/Pearl,False,,,,,,Match,P10,F14,,No
Hunter Douglas Optimascreen Plus Sunscreen Black/Grey,False,,,,,,Match,P10,F14,,No
Hunter Douglas Optimascreen Plus Sunscreen Black,False,,,,,,Match,P10,F14,,No
Shann Window Fabrics S-View Sunscreen Polar,False,,,,,,Match,P10,F7,,No
Shann Window Fabrics S-View Sunscreen Desert,False,,,,,,Match,P10,F7,,No
Shann Window Fabrics S-View Sunscreen Taupe,False,,,,,,Match,P10,F7,,No
Shann Window Fabrics S-View Sunscreen Espresso,False,,,,,,Match,P10,F7,,No
Shann Window Fabrics S-View Sunscreen Chocolate,False,,,,,,Match,P10,F7,,No
Shann Window Fabrics S-View Sunscreen Linen,False,,,,,,Match,P10,F7,,No
Shann Window Fabrics S-View Sunscreen Charcoal Sand,False,,,,,,Match,P10,F7,,No
Shann Window Fabrics S-View Sunscreen Basalt,False,,,,,,Match,P10,F7,,No
Shann Window Fabrics S-View Sunscreen Silver Grey,False,,,,,,Match,P10,F7,,No
Shann Window Fabrics S-View Sunscreen White Liquorice,False,,,,,,Match,P10,F7,,No
Shann Window Fabrics S-View Sunscreen Black,False,,,,,,Match,P10,F7,,No
Shann Window Fabrics S-View Sunscreen TBA,False,,,,,,Match,P10,F7,,No
,,,,,,,,,,,
,,,,,,,,,,,
,,,,,,,,,,,
,,,,,,,,,,,
,,,,,,,,,,,
,,,,,,,,,,,
,,,,,,,,,,,
,,,,,,,,,,,
,,,,,,,,,,,
,,,,,,,,,,,
,,,,,,,,,,,
,,,,,,,,,,,
,,,,,,,,,,,
,,,,,,,,,,,
,,,,,,,,,,,
,,,,,,,,,,,
,,,,,,,,,,,
,,,,,,,,,,,
,,,,,,,,,,,
,,,,,,,,,,,
,,,,,,,,,,,
,,,,,,,,,,,
,,,,,,,,,,,
,,,,,,,,,,,
,,,,,,,,,,,
,,,,,,,,,,,
,,,,,,,,,,,
,,,,,,,,,,,
,,,,,,,,,,,
,,,,,,,,,,,
,,,,,,,,,,,
,,,,,,,,,,,
,,,,,,,,,,,
,,,,,,,,,,,
,,,,,,,,,,,
,,,,,,,,,,,
,,,,,,,,,,,
,,,,,,,,,,,
,,,,,,,,,,,
,,,,,,,,,,,
,,,,,,,,,,,
,,,,,,,,,,,
,,,,,,,,,,,
,,,,,,,,,,,
,,,,,,,,,,,
,,,,,,,,,,,
,,,,,,,,,,,
,,,,,,,,,,,
,,,,,,,,,,,
,,,,,,,,,,,
,,,,,,,,,,,
,,,,,,,,,,,
,,,,,,,,,,,
,,,,,,,,,,,
,,,,,,,,,,,
,,,,,,,,,,,
,,,,,,,,,,,
,,,,,,,,,,,
,,,,,,,,,,,
,,,,,,,,,,,
,,,,,,,,,,,
,,,,,,,,,,,
,,,,,,,,,,,
,,,,,,,,,,,
,,,,,,,,,,,
,,,,,,,,,,,
,,,,,,,,,,,
,,,,,,,,,,,
,,,,,,,,,,,
,,,,,,,,,,,
,,,,,,,,,,,
,,,,,,,,,,,
,,,,,,,,,,,
,,,,,,,,,,,
,,,,,,,,,,,
,,,,,,,,,,,
,,,,,,,,,,,
,,,,,,,,,,,
,,,,,,,,,,,
,,,,,,,,,,,
,,,,,,,,,,,
,,,,,,,,,,,
,,,,,,,,,,,
,,,,,,,,,,,
,,,,,,,,,,,
,,,,,,,,,,,
,,,,,,,,,,,
,,,,,,,,,,,
,,,,,,,,,,,
,,,,,,,,,,,
,,,,,,,,,,,
,,,,,,,,,,,
,,,,,,,,,,,
,,,,,,,,,,,
,,,,,,,,,,,
,,,,,,,,,,,
,,,,,,,,,,,
,,,,,,,,,,,
,,,,,,,,,,,
,,,,,,,,,,,
,,,,,,,,,,,
,,,,,,,,,,,
,,,,,,,,,,,
,,,,,,,,,,,
,,,,,,,,,,,
,,,,,,,,,,,
,,,,,,,,,,,
,,,,,,,,,,,
,,,,,,,,,,,
,,,,,,,,,,,
,,,,,,,,,,,
,,,,,,,,,,,
,,,,,,,,,,,
,,,,,,,,,,,
,,,,,,,,,,,
,,,,,,,,,,,
,,,,,,,,,,,
,,,,,,,,,,,
,,,,,,,,,,,
,,,,,,,,,,,
,,,,,,,,,,,
,,,,,,,,,,,
,,,,,,,,,,,
,,,,,,,,,,,
,,,,,,,,,,,
,,,,,,,,,,,
,,,,,,,,,,,
,,,,,,,,,,,
,,,,,,,,,,,
,,,,,,,,,,,
,,,,,,,,,,,
,,,,,,,,,,,
,,,,,,,,,,,
,,,,,,,,,,,
,,,,,,,,,,,
,,,,,,,,,,,
,,,,,,,,,,,
,,,,,,,,,,,
,,,,,,,,,,,
,,,,,,,,,,,
,,,,,,,,,,,
,,,,,,,,,,,
,,,,,,,,,,,
,,,,,,,,,,,
,,,,,,,,,,,
,,,,,,,,,,,
,,,,,,,,,,,
,,,,,,,,,,,
,,,,,,,,,,,
,,,,,,,,,,,
,,,,,,,,,,,
,,,,,,,,,,,
,,,,,,,,,,,
,,,,,,,,,,,
,,,,,,,,,,,
,,,,,,,,,,,
,,,,,,,,,,,
,,,,,,,,,,,
,,,,,,,,,,,
,,,,,,,,,,,
,,,,,,,,,,,
,,,,,,,,,,,
,,,,,,,,,,,
,,,,,,,,,,,
,,,,,,,,,,,
,,,,,,,,,,,
,,,,,,,,,,,
,,,,,,,,,,,
,,,,,,,,,,,
,,,,,,,,,,,
,,,,,,,,,,,
,,,,,,,,,,,
,,,,,,,,,,,
,,,,,,,,,,,
,,,,,,,,,,,
,,,,,,,,,,,
,,,,,,,,,,,
,,,,,,,,,,,
,,,,,,,,,,,
,,,,,,,,,,,
,,,,,,,,,,,
,,,,,,,,,,,
,,,,,,,,,,,
,,,,,,,,,,,
,,,,,,,,,,,
,,,,,,,,,,,
,,,,,,,,,,,
,,,,,,,,,,,
,,,,,,,,,,,
,,,,,,,,,,,
,,,,,,,,,,,
,,,,,,,,,,,
,,,,,,,,,,,
,,,,,,,,,,,
,,,,,,,,,,,
,,,,,,,,,,,
,,,,,,,,,,,
,,,,,,,,,,,
,,,,,,,,,,,
,,,,,,,,,,,
,,,,,,,,,,,
,,,,,,,,,,,
,,,,,,,,,,,
,,,,,,,,,,,
,,,,,,,,,,,
,,,,,,,,,,,
,,,,,,,,,,,
,,,,,,,,,,,
,,,,,,,,,,,
,,,,,,,,,,,
,,,,,,,,,,,
,,,,,,,,,,,
,,,,,,,,,,,
,,,,,,,,,,,
,,,,,,,,,,,
,,,,,,,,,,,
,,,,,,,,,,,
,,,,,,,,,,,
,,,,,,,,,,,
,,,,,,,,,,,
,,,,,,,,,,,
,,,,,,,,,,,
,,,,,,,,,,,
,,,,,,,,,,,
,,,,,,,,,,,
,,,,,,,,,,,
,,,,,,,,,,,
,,,,,,,,,,,
,,,,,,,,,,,
,,,,,,,,,,,
,,,,,,,,,,,
,,,,,,,,,,,
,,,,,,,,,,,
,,,,,,,,,,,
,,,,,,,,,,,
,,,,,,,,,,,
,,,,,,,,,,,
,,,,,,,,,,,
,,,,,,,,,,,
,,,,,,,,,,,
,,,,,,,,,,,
,,,,,,,,,,,
,,,,,,,,,,,
,,,,,,,,,,,
,,,,,,,,,,,
,,,,,,,,,,,
,,,,,,,,,,,
,,,,,,,,,,,
,,,,,,,,,,,
,,,,,,,,,,,
,,,,,,,,,,,
,,,,,,,,,,,
,,,,,,,,,,,
,,,,,,,,,,,
,,,,,,,,,,,
,,,,,,,,,,,
,,,,,,,,,,,
,,,,,,,,,,,
,,,,,,,,,,,
,,,,,,,,,,,
,,,,,,,,,,,
,,,,,,,,,,,
,,,,,,,,,,,
,,,,,,,,,,,
,,,,,,,,,,,
,,,,,,,,,,,
,,,,,,,,,,,
,,,,,,,,,,,
,,,,,,,,,,,
,,,,,,,,,,,
,,,,,,,,,,,
,,,,,,,,,,,
,,,,,,,,,,,
,,,,,,,,,,,
,,,,,,,,,,,
,,,,,,,,,,,
,,,,,,,,,,,
,,,,,,,,,,,
,,,,,,,,,,,
,,,,,,,,,,,
,,,,,,,,,,,
,,,,,,,,,,,
,,,,,,,,,,,
,,,,,,,,,,,
,,,,,,,,,,,
,,,,,,,,,,,
,,,,,,,,,,,
,,,,,,,,,,,
,,,,,,,,,,,
,,,,,,,,,,,
,,,,,,,,,,,
,,,,,,,,,,,
,,,,,,,,,,,
,,,,,,,,,,,
,,,,,,,,,,,
,,,,,,,,,,,
,,,,,,,,,,,
,,,,,,,,,,,
,,,,,,,,,,,
,,,,,,,,,,,
,,,,,,,,,,,
,,,,,,,,,,,
,,,,,,,,,,,
,,,,,,,,,,,
,,,,,,,,,,,
,,,,,,,,,,,
,,,,,,,,,,,
,,,,,,,,,,,
,,,,,,,,,,,
,,,,,,,,,,,
,,,,,,,,,,,
,,,,,,,,,,,
,,,,,,,,,,,
,,,,,,,,,,,
,,,,,,,,,,,
,,,,,,,,,,,
,,,,,,,,,,,
,,,,,,,,,,,
,,,,,,,,,,,
,,,,,,,,,,,
,,,,,,,,,,,
,,,,,,,,,,,
,,,,,,,,,,,
,,,,,,,,,,,
,,,,,,,,,,,
,,,,,,,,,,,
,,,,,,,,,,,
,,,,,,,,,,,
,,,,,,,,,,,
,,,,,,,,,,,
,,,,,,,,,,,
,,,,,,,,,,,
,,,,,,,,,,,
,,,,,,,,,,,
,,,,,,,,,,,
,,,,,,,,,,,
,,,,,,,,,,,
,,,,,,,,,,,
,,,,,,,,,,,
,,,,,,,,,,,
,,,,,,,,,,,
,,,,,,,,,,,
,,,,,,,,,,,
,,,,,,,,,,,
,,,,,,,,,,,
,,,,,,,,,,,
,,,,,,,,,,,
,,,,,,,,,,,
,,,,,,,,,,,
,,,,,,,,,,,
,,,,,,,,,,,
,,,,,,,,,,,
,,,,,,,,,,,
,,,,,,,,,,,
,,,,,,,,,,,
,,,,,,,,,,,
,,,,,,,,,,,
,,,,,,,,,,,
,,,,,,,,,,,
,,,,,,,,,,,
,,,,,,,,,,,
,,,,,,,,,,,
,,,,,,,,,,,
,,,,,,,,,,,
,,,,,,,,,,,
,,,,,,,,,,,
,,,,,,,,,,,
,,,,,,,,,,,
,,,,,,,,,,,
,,,,,,,,,,,
,,,,,,,,,,,
,,,,,,,,,,,
,,,,,,,,,,,
,,,,,,,,,,,
,,,,,,,,,,,
,,,,,,,,,,,
,,,,,,,,,,,
,,,,,,,,,,,
,,,,,,,,,,,
,,,,,,,,,,,
,,,,,,,,,,,
,,,,,,,,,,,
,,,,,,,,,,,
,,,,,,,,,,,
,,,,,,,,,,,
,,,,,,,,,,,
,,,,,,,,,,,
,,,,,,,,,,,
,,,,,,,,,,,
,,,,,,,,,,,
,,,,,,,,,,,
,,,,,,,,,,,
,,,,,,,,,,,
,,,,,,,,,,,
,,,,,,,,,,,
,,,,,,,,,,,
,,,,,,,,,,,
,,,,,,,,,,,
,,,,,,,,,,,
,,,,,,,,,,,
,,,,,,,,,,,
,,,,,,,,,,,
,,,,,,,,,,,
,,,,,,,,,,,
,,,,,,,,,,,
,,,,,,,,,,,
,,,,,,,,,,,
,,,,,,,,,,,
,,,,,,,,,,,
,,,,,,,,,,,
,,,,,,,,,,,
,,,,,,,,,,,
,,,,,,,,,,,
,,,,,,,,,,,
,,,,,,,,,,,
,,,,,,,,,,,
,,,,,,,,,,,
,,,,,,,,,,,
,,,,,,,,,,,
,,,,,,,,,,,
,,,,,,,,,,,
,,,,,,,,,,,
,,,,,,,,,,,
,,,,,,,,,,,
,,,,,,,,,,,
,,,,,,,,,,,
,,,,,,,,,,,
,,,,,,,,,,,
,,,,,,,,,,,
,,,,,,,,,,,
,,,,,,,,,,,
,,,,,,,,,,,
,,,,,,,,,,,
,,,,,,,,,,,
,,,,,,,,,,,
,,,,,,,,,,,
,,,,,,,,,,,
,,,,,,,,,,,
,,,,,,,,,,,
,,,,,,,,,,,
,,,,,,,,,,,
,,,,,,,,,,,
,,,,,,,,,,,
,,,,,,,,,,,
,,,,,,,,,,,
,,,,,,,,,,,
,,,,,,,,,,,
,,,,,,,,,,,
,,,,,,,,,,,
,,,,,,,,,,,
,,,,,,,,,,,
,,,,,,,,,,,
,,,,,,,,,,,
,,,,,,,,,,,
,,,,,,,,,,,
,,,,,,,,,,,
,,,,,,,,,,,
,,,,,,,,,,,
,,,,,,,,,,,
,,,,,,,,,,,
,,,,,,,,,,,
,,,,,,,,,,,
,,,,,,,,,,,
,,,,,,,,,,,
,,,,,,,,,,,
,,,,,,,,,,,
,,,,,,,,,,,
,,,,,,,,,,,
,,,,,,,,,,,
,,,,,,,,,,,
,,,,,,,,,,,
,,,,,,,,,,,
,,,,,,,,,,,
,,,,,,,,,,,
,,,,,,,,,,,
,,,,,,,,,,,
,,,,,,,,,,,
,,,,,,,,,,,
,,,,,,,,,,,
,,,,,,,,,,,
,,,,,,,,,,,
,,,,,,,,,,,
,,,,,,,,,,,
,,,,,,,,,,,
,,,,,,,,,,,
,,,,,,,,,,,
,,,,,,,,,,,
,,,,,,,,,,,
,,,,,,,,,,,
,,,,,,,,,,,
,,,,,,,,,,,
,,,,,,,,,,,
,,,,,,,,,,,
,,,,,,,,,,,
,,,,,,,,,,,
,,,,,,,,,,,
,,,,,,,,,,,
,,,,,,,,,,,
,,,,,,,,,,,
,,,,,,,,,,,
,,,,,,,,,,,
,,,,,,,,,,,
,,,,,,,,,,,
,,,,,,,,,,,
,,,,,,,,,,,
,,,,,,,,,,,
,,,,,,,,,,,
,,,,,,,,,,,
,,,,,,,,,,,
,,,,,,,,,,,
,,,,,,,,,,,
,,,,,,,,,,,
,,,,,,,,,,,
,,,,,,,,,,,
,,,,,,,,,,,
,,,,,,,,,,,
,,,,,,,,,,,
,,,,,,,,,,,
,,,,,,,,,,,
,,,,,,,,,,,
,,,,,,,,,,,
,,,,,,,,,,,
,,,,,,,,,,,
,,,,,,,,,,,
,,,,,,,,,,,
,,,,,,,,,,,
,,,,,,,,,,,
,,,,,,,,,,,
,,,,,,,,,,,
,,,,,,,,,,,
,,,,,,,,,,,
,,,,,,,,,,,
,,,,,,,,,,,
,,,,,,,,,,,
,,,,,,,,,,,
,,,,,,,,,,,
,,,,,,,,,,,
,,,,,,,,,,,
,,,,,,,,,,,
,,,,,,,,,,,
,,,,,,,,,,,
,,,,,,,,,,,
,,,,,,,,,,,
,,,,,,,,,,,
,,,,,,,,,,,
,,,,,,,,,,,
,,,,,,,,,,,
,,,,,,,,,,,
,,,,,,,,,,,
,,,,,,,,,,,
,,,,,,,,,,,
,,,,,,,,,,,
,,,,,,,,,,,
,,,,,,,,,,,
,,,,,,,,,,,
,,,,,,,,,,,
,,,,,,,,,,,
,,,,,,,,,,,
,,,,,,,,,,,
,,,,,,,,,,,
,,,,,,,,,,,
,,,,,,,,,,,
,,,,,,,,,,,
,,,,,,,,,,,
,,,,,,,,,,,
,,,,,,,,,,,
,,,,,,,,,,,
,,,,,,,,,,,
,,,,,,,,,,,
,,,,,,,,,,,
,,,,,,,,,,,
,,,,,,,,,,,
,,,,,,,,,,,
,,,,,,,,,,,
,,,,,,,,,,,
,,,,,,,,,,,
,,,,,,,,,,,
,,,,,,,,,,,
,,,,,,,,,,,
,,,,,,,,,,,
,,,,,,,,,,,
,,,,,,,,,,,
,,,,,,,,,,,
,,,,,,,,,,,
,,,,,,,,,,,
,,,,,,,,,,,
,,,,,,,,,,,
,,,,,,,,,,,
,,,,,,,,,,,
,,,,,,,,,,,
,,,,,,,,,,,
,,,,,,,,,,,
,,,,,,,,,,,
,,,,,,,,,,,
,,,,,,,,,,,
,,,,,,,,,,,
,,,,,,,,,,,
,,,,,,,,,,,
,,,,,,,,,,,
,,,,,,,,,,,
,,,,,,,,,,,
,,,,,,,,,,,
,,,,,,,,,,,
,,,,,,,,,,,
,,,,,,,,,,,
,,,,,,,,,,,
,,,,,,,,,,,
,,,,,,,,,,,
,,,,,,,,,,,
,,,,,,,,,,,
,,,,,,,,,,,
,,,,,,,,,,,
,,,,,,,,,,,
,,,,,,,,,,,
,,,,,,,,,,,
,,,,,,,,,,,
,,,,,,,,,,,
,,,,,,,,,,,
,,,,,,,,,,,
,,,,,,,,,,,
,,,,,,,,,,,
,,,,,,,,,,,
,,,,,,,,,,,
,,,,,,,,,,,
,,,,,,,,,,,
,,,,,,,,,,,
,,,,,,,,,,,
,,,,,,,,,,,
,,,,,,,,,,,
,,,,,,,,,,,
,,,,,,,,,,,
,,,,,,,,,,,
,,,,,,,,,,,
,,,,,,,,,,,
,,,,,,,,,,,
,,,,,,,,,,,
,,,,,,,,,,,
,,,,,,,,,,,
,,,,,,,,,,,
,,,,,,,,,,,
,,,,,,,,,,,
,,,,,,,,,,,
,,,,,,,,,,,
,,,,,,,,,,,
,,,,,,,,,,,
,,,,,,,,,,,
,,,,,,,,,,,
,,,,,,,,,,,
,,,,,,,,,,,
,,,,,,,,,,,
,,,,,,,,,,,
,,,,,,,,,,,
,,,,,,,,,,,
,,,,,,,,,,,
,,,,,,,,,,,
,,,,,,,,,,,
,,,,,,,,,,,
,,,,,,,,,,,
,,,,,,,,,,,
,,,,,,,,,,,
,,,,,,,,,,,
,,,,,,,,,,,
,,,,,,,,,,,
,,,,,,,,,,,
,,,,,,,,,,,
,,,,,,,,,,,
,,,,,,,,,,,
,,,,,,,,,,,
,,,,,,,,,,,
,,,,,,,,,,,
,,,,,,,,,,,
,,,,,,,,,,,
,,,,,,,,,,,
,,,,,,,,,,,
,,,,,,,,,,,
,,,,,,,,,,,
,,,,,,,,,,,
,,,,,,,,,,,
,,,,,,,,,,,
,,,,,,,,,,,
,,,,,,,,,,,
,,,,,,,,,,,
,,,,,,,,,,,
,,,,,,,,,,,
,,,,,,,,,,,
,,,,,,,,,,,
,,,,,,,,,,,
,,,,,,,,,,,
,,,,,,,,,,,
,,,,,,,,,,,
,,,,,,,,,,,
,,,,,,,,,,,
,,,,,,,,,,,
,,,,,,,,,,,
,,,,,,,,,,,
,,,,,,,,,,,
,,,,,,,,,,,
,,,,,,,,,,,
,,,,,,,,,,,
,,,,,,,,,,,
,,,,,,,,,,,
,,,,,,,,,,,
,,,,,,,,,,,
,,,,,,,,,,,
,,,,,,,,,,,
,,,,,,,,,,,
,,,,,,,,,,,
,,,,,,,,,,,
,,,,,,,,,,,
,,,,,,,,,,,
,,,,,,,,,,,
,,,,,,,,,,,
,,,,,,,,,,,
,,,,,,,,,,,
,,,,,,,,,,,
,,,,,,,,,,,
,,,,,,,,,,,
,,,,,,,,,,,
,,,,,,,,,,,
,,,,,,,,,,,
,,,,,,,,,,,
,,,,,,,,,,,
,,,,,,,,,,,
,,,,,,,,,,,
,,,,,,,,,,,
,,,,,,,,,,,
,,,,,,,,,,,
,,,,,,,,,,,
,,,,,,,,,,,
,,,,,,,,,,,
,,,,,,,,,,,
,,,,,,,,,,,
,,,,,,,,,,,
,,,,,,,,,,,
,,,,,,,,,,,
,,,,,,,,,,,
,,,,,,,,,,,
,,,,,,,,,,,
,,,,,,,,,,,
,,,,,,,,,,,
,,,,,,,,,,,
,,,,,,,,,,,
,,,,,,,,,,,
,,,,,,,,,,,
,,,,,,,,,,,
,,,,,,,,,,,
,,,,,,,,,,,
,,,,,,,,,,,
,,,,,,,,,,,
,,,,,,,,,,,
,,,,,,,,,,,
,,,,,,,,,,,
,,,,,,,,,,,
,,,,,,,,,,,
,,,,,,,,,,,
,,,,,,,,,,,
,,,,,,,,,,,
,,,,,,,,,,,
,,,,,,,,,,,
,,,,,,,,,,,
,,,,,,,,,,,
,,,,,,,,,,,
,,,,,,,,,,,
,,,,,,,,,,,
,,,,,,,,,,,
,,,,,,,,,,,
,,,,,,,,,,,
,,,,,,,,,,,
,,,,,,,,,,,
,,,,,,,,,,,
,,,,,,,,,,,
,,,,,,,,,,,
,,,,,,,,,,,
,,,,,,,,,,,
,,,,,,,,,,,
,,,,,,,,,,,
,,,,,,,,,,,
,,,,,,,,,,,
,,,,,,,,,,,
,,,,,,,,,,,
,,,,,,,,,,,
,,,,,,,,,,,
,,,,,,,,,,,
,,,,,,,,,,,
,,,,,,,,,,,
,,,,,,,,,,,
,,,,,,,,,,,
,,,,,,,,,,,
,,,,,,,,,,,
,,,,,,,,,,,
,,,,,,,,,,,
,,,,,,,,,,,
,,,,,,,,,,,
,,,,,,,,,,,
,,,,,,,,,,,
,,,,,,,,,,,
,,,,,,,,,,,
,,,,,,,,,,,
,,,,,,,,,,,
,,,,,,,,,,,
,,,,,,,,,,,
,,,,,,,,,,,
,,,,,,,,,,,
,,,,,,,,,,,
,,,,,,,,,,,
,,,,,,,,,,,
,,,,,,,,,,,
,,,,,,,,,,,
,,,,,,,,,,,
,,,,,,,,,,,
,,,,,,,,,,,
,,,,,,,,,,,
,,,,,,,,,,,
,,,,,,,,,,,
,,,,,,,,,,,
,,,,,,,,,,,
,,,,,,,,,,,
,,,,,,,,,,,
,,,,,,,,,,,
,,,,,,,,,,,
,,,,,,,,,,,
,,,,,,,,,,,
,,,,,,,,,,,
,,,,,,,,,,,
,,,,,,,,,,,
,,,,,,,,,,,
,,,,,,,,,,,
,,,,,,,,,,,
,,,,,,,,,,,
,,,,,,,,,,,
,,,,,,,,,,,
,,,,,,,,,,,
,,,,,,,,,,,
,,,,,,,,,,,
,,,,,,,,,,,
,,,,,,,,,,,
,,,,,,,,,,,
,,,,,,,,,,,
,,,,,,,,,,,
,,,,,,,,,,,
,,,,,,,,,,,
,,,,,,,,,,,
,,,,,,,,,,,
,,,,,,,,,,,
,,,,,,,,,,,
,,,,,,,,,,,
,,,,,,,,,,,
,,,,,,,,,,,
,,,,,,,,,,,
,,,,,,,,,,,
,,,,,,,,,,,
,,,,,,,,,,,
,,,,,,,,,,,
,,,,,,,,,,,
,,,,,,,,,,,
,,,,,,,,,,,
,,,,,,,,,,,
,,,,,,,,,,,
,,,,,,,,,,,
,,,,,,,,,,,
,,,,,,,,,,,
,,,,,,,,,,,
,,,,,,,,,,,
,,,,,,,,,,,
,,,,,,,,,,,
,,,,,,,,,,,
,,,,,,,,,,,
,,,,,,,,,,,
,,,,,,,,,,,
,,,,,,,,,,,
,,,,,,,,,,,
,,,,,,,,,,,
,,,,,,,,,,,
,,,,,,,,,,,
,,,,,,,,,,,
,,,,,,,,,,,
,,,,,,,,,,,
,,,,,,,,,,,
,,,,,,,,,,,
,,,,,,,,,,,
,,,,,,,,,,,
,,,,,,,,,,,
,,,,,,,,,,,
,,,,,,,,,,,
,,,,,,,,,,,
,,,,,,,,,,,
,,,,,,,,,,,
,,,,,,,,,,,
,,,,,,,,,,,
,,,,,,,,,,,
,,,,,,,,,,,
,,,,,,,,,,,
,,,,,,,,,,,
,,,,,,,,,,,
,,,,,,,,,,,
,,,,,,,,,,,
,,,,,,,,,,,
,,,,,,,,,,,
,,,,,,,,,,,
,,,,,,,,,,,
,,,,,,,,,,,
,,,,,,,,,,,
,,,,,,,,,,,
,,,,,,,,,,,
,,,,,,,,,,,
,,,,,,,,,,,
,,,,,,,,,,,
,,,,,,,,,,,
,,,,,,,,,,,
,,,,,,,,,,,
,,,,,,,,,,,
,,,,,,,,,,,
,,,,,,,,,,,
,,,,,,,,,,,
,,,,,,,,,,,
,,,,,,,,,,,
,,,,,,,,,,,
,,,,,,,,,,,
,,,,,,,,,,,
,,,,,,,,,,,
,,,,,,,,,,,
,,,,,,,,,,,
,,,,,,,,,,,
,,,,,,,,,,,
,,,,,,,,,,,
,,,,,,,,,,,
,,,,,,,,,,,
,,,,,,,,,,,
,,,,,,,,,,,
,,,,,,,,,,,
,,,,,,,,,,,
,,,,,,,,,,,
,,,,,,,,,,,
,,,,,,,,,,,
,,,,,,,,,,,
,,,,,,,,,,,
,,,,,,,,,,,
,,,,,,,,,,,
,,,,,,,,,,,
,,,,,,,,,,,
,,,,,,,,,,,
,,,,,,,,,,,
,,,,,,,,,,,
,,,,,,,,,,,
,,,,,,,,,,,
,,,,,,,,,,,
,,,,,,,,,,,
,,,,,,,,,,,
,,,,,,,,,,,
,,,,,,,,,,,
,,,,,,,,,,,
,,,,,,,,,,,
,,,,,,,,,,,
,,,,,,,,,,,
,,,,,,,,,,,
,,,,,,,,,,,
,,,,,,,,,,,
,,,,,,,,,,,
,,,,,,,,,,,
,,,,,,,,,,,
,,,,,,,,,,,
,,,,,,,,,,,
,,,,,,,,,,,
,,,,,,,,,,,
,,,,,,,,,,,
,,,,,,,,,,,
,,,,,,,,,,,
,,,,,,,,,,,
,,,,,,,,,,,
,,,,,,,,,,,
,,,,,,,,,,,
,,,,,,,,,,,
,,,,,,,,,,,
,,,,,,,,,,,
,,,,,,,,,,,
,,,,,,,,,,,
,,,,,,,,,,,
,,,,,,,,,,,
,,,,,,,,,,,
,,,,,,,,,,,
,,,,,,,,,,,
,,,,,,,,,,,
,,,,,,,,,,,
,,,,,,,,,,,
,,,,,,,,,,,
,,,,,,,,,,,
,,,,,,,,,,,
,,,,,,,,,,,
,,,,,,,,,,,
,,,,,,,,,,,
,,,,,,,,,,,
,,,,,,,,,,,
,,,,,,,,,,,
,,,,,,,,,,,
,,,,,,,,,,,
,,,,,,,,,,,
,,,,,,,,,,,
,,,,,,,,,,,
,,,,,,,,,,,
,,,,,,,,,,,
,,,,,,,,,,,
,,,,,,,,,,,
,,,,,,,,,,,
,,,,,,,,,,,
,,,,,,,,,,,
,,,,,,,,,,,
,,,,,,,,,,,
,,,,,,,,,,,
,,,,,,,,,,,
,,,,,,,,,,,
,,,,,,,,,,,
,,,,,,,,,,,
,,,,,,,,,,,
,,,,,,,,,,,
,,,,,,,,,,,
,,,,,,,,,,,
,,,,,,,,,,,
,,,,,,,,,,,
,,,,,,,,,,,
,,,,,,,,,,,
,,,,,,,,,,,
,,,,,,,,,,,
,,,,,,,,,,,
,,,,,,,,,,,
,,,,,,,,,,,
,,,,,,,,,,,
,,,,,,,,,,,
,,,,,,,,,,,
,,,,,,,,,,,
,,,,,,,,,,,
,,,,,,,,,,,
,,,,,,,,,,,
,,,,,,,,,,,
,,,,,,,,,,,
,,,,,,,,,,,
,,,,,,,,,,,
,,,,,,,,,,,
,,,,,,,,,,,
,,,,,,,,,,,
,,,,,,,,,,,
,,,,,,,,,,,
,,,,,,,,,,,
,,,,,,,,,,,
,,,,,,,,,,,
,,,,,,,,,,,
,,,,,,,,,,,
,,,,,,,,,,,
,,,,,,,,,,,
,,,,,,,,,,,
,,,,,,,,,,,
,,,,,,,,,,,
,,,,,,,,,,,
,,,,,,,,,,,
,,,,,,,,,,,
,,,,,,,,,,,
,,,,,,,,,,,
,,,,,,,,,,,
,,,,,,,,,,,
,,,,,,,,,,,
,,,,,,,,,,,
,,,,,,,,,,,
,,,,,,,,,,,
,,,,,,,,,,,
,,,,,,,,,,,
,,,,,,,,,,,
,,,,,,,,,,,
,,,,,,,,,,,
,,,,,,,,,,,
,,,,,,,,,,,
,,,,,,,,,,,
,,,,,,,,,,,
,,,,,,,,,,,
,,,,,,,,,,,
,,,,,,,,,,,
,,,,,,,,,,,
,,,,,,,,,,,
,,,,,,,,,,,
,,,,,,,,,,,
,,,,,,,,,,,
,,,,,,,,,,,
,,,,,,,,,,,
,,,,,,,,,,,
,,,,,,,,,,,
,,,,,,,,,,,
,,,,,,,,,,,
,,,,,,,,,,,
,,,,,,,,,,,
,,,,,,,,,,,
,,,,,,,,,,,
,,,,,,,,,,,
,,,,,,,,,,,
,,,,,,,,,,,
,,,,,,,,,,,
,,,,,,,,,,,
,,,,,,,,,,,
,,,,,,,,,,,
,,,,,,,,,,,
,,,,,,,,,,,
,,,,,,,,,,,
,,,,,,,,,,,
,,,,,,,,,,,
,,,,,,,,,,,
,,,,,,,,,,,
,,,,,,,,,,,
,,,,,,,,,,,
,,,,,,,,,,,
,,,,,,,,,,,
,,,,,,,,,,,
,,,,,,,,,,,
,,,,,,,,,,,
,,,,,,,,,,,
,,,,,,,,,,,
,,,,,,,,,,,
,,,,,,,,,,,
,,,,,,,,,,,
,,,,,,,,,,,
,,,,,,,,,,,
,,,,,,,,,,,
,,,,,,,,,,,
,,,,,,,,,,,
,,,,,,,,,,,
,,,,,,,,,,,
,,,,,,,,,,,
,,,,,,,,,,,
,,,,,,,,,,,
,,,,,,,,,,,
,,,,,,,,,,,
,,,,,,,,,,,
,,,,,,,,,,,
,,,,,,,,,,,
,,,,,,,,,,,
,,,,,,,,,,,
,,,,,,,,,,,
,,,,,,,,,,,
,,,,,,,,,,,
,,,,,,,,,,,
,,,,,,,,,,,
,,,,,,,,,,,
,,,,,,,,,,,
,,,,,,,,,,,
,,,,,,,,,,,
,,,,,,,,,,,
,,,,,,,,,,,
,,,,,,,,,,,
,,,,,,,,,,,
,,,,,,,,,,,
,,,,,,,,,,,
,,,,,,,,,,,
,,,,,,,,,,,
,,,,,,,,,,,
,,,,,,,,,,,
,,,,,,,,,,,
,,,,,,,,,,,
,,,,,,,,,,,
,,,,,,,,,,,
,,,,,,,,,,,
,,,,,,,,,,,
,,,,,,,,,,,
,,,,,,,,,,,
,,,,,,,,,,,
,,,,,,,,,,,
,,,,,,,,,,,
,,,,,,,,,,,
,,,,,,,,,,,
,,,,,,,,,,,
,,,,,,,,,,,
,,,,,,,,,,,
,,,,,,,,,,,
,,,,,,,,,,,
,,,,,,,,,,,
,,,,,,,,,,,
,,,,,,,,,,,
,,,,,,,,,,,
,,,,,,,,,,,
,,,,,,,,,,,
,,,,,,,,,,,
,,,,,,,,,,,
,,,,,,,,,,,
,,,,,,,,,,,
,,,,,,,,,,,
,,,,,,,,,,,
,,,,,,,,,,,
,,,,,,,,,,,
,,,,,,,,,,,
,,,,,,,,,,,
,,,,,,,,,,,
,,,,,,,,,,,
,,,,,,,,,,,
,,,,,,,,,,,
,,,,,,,,,,,
,,,,,,,,,,,
,,,,,,,,,,,
,,,,,,,,,,,
,,,,,,,,,,,
,,,,,,,,,,,
,,,,,,,,,,,
,,,,,,,,,,,
,,,,,,,,,,,
,,,,,,,,,,,
,,,,,,,,,,,
,,,,,,,,,,,
,,,,,,,,,,,
,,,,,,,,,,,
,,,,,,,,,,,
,,,,,,,,,,,
,,,,,,,,,,,
,,,,,,,,,,,
,,,,,,,,,,,
,,,,,,,,,,,
,,,,,,,,,,,
,,,,,,,,,,,
,,,,,,,,,,,
,,,,,,,,,,,
,,,,,,,,,,,
,,,,,,,,,,,
,,,,,,,,,,,
,,,,,,,,,,,
,,,,,,,,,,,
,,,,,,,,,,,
,,,,,,,,,,,
,,,,,,,,,,,
,,,,,,,,,,,
,,,,,,,,,,,
,,,,,,,,,,,
,,,,,,,,,,,
,,,,,,,,,,,
,,,,,,,,,,,
,,,,,,,,,,,
,,,,,,,,,,,
,,,,,,,,,,,
,,,,,,,,,,,
,,,,,,,,,,,
,,,,,,,,,,,
,,,,,,,,,,,
,,,,,,,,,,,
,,,,,,,,,,,
,,,,,,,,,,,
,,,,,,,,,,,
,,,,,,,,,,,
,,,,,,,,,,,
,,,,,,,,,,,
,,,,,,,,,,,
,,,,,,,,,,,
,,,,,,,,,,,
,,,,,,,,,,,
,,,,,,,,,,,
,,,,,,,,,,,
,,,,,,,,,,,
,,,,,,,,,,,
,,,,,,,,,,,
,,,,,,,,,,,
,,,,,,,,,,,
,,,,,,,,,,,
,,,,,,,,,,,
,,,,,,,,,,,
,,,,,,,,,,,
,,,,,,,,,,,
,,,,,,,,,,,
,,,,,,,,,,,
,,,,,,,,,,,
,,,,,,,,,,,
,,,,,,,,,,,
,,,,,,,,,,,
,,,,,,,,,,,
,,,,,,,,,,,
,,,,,,,,,,,
,,,,,,,,,,,
,,,,,,,,,,,
,,,,,,,,,,,
,,,,,,,,,,,
,,,,,,,,,,,
,,,,,,,,,,,
,,,,,,,,,,,
,,,,,,,,,,,
,,,,,,,,,,,
,,,,,,,,,,,
,,,,,,,,,,,
,,,,,,,,,,,
,,,,,,,,,,,
,,,,,,,,,,,
,,,,,,,,,,,
,,,,,,,,,,,
,,,,,,,,,,,
,,,,,,,,,,,
,,,,,,,,,,,
,,,,,,,,,,,
,,,,,,,,,,,
,,,,,,,,,,,
,,,,,,,,,,,
,,,,,,,,,,,
,,,,,,,,,,,
,,,,,,,,,,,
,,,,,,,,,,,
,,,,,,,,,,,
,,,,,,,,,,,
,,,,,,,,,,,
,,,,,,,,,,,
,,,,,,,,,,,
,,,,,,,,,,,
,,,,,,,,,,,
,,,,,,,,,,,
,,,,,,,,,,,
,,,,,,,,,,,
,,,,,,,,,,,
,,,,,,,,,,,
,,,,,,,,,,,
,,,,,,,,,,,
,,,,,,,,,,,
,,,,,,,,,,,
,,,,,,,,,,,
,,,,,,,,,,,
,,,,,,,,,,,
,,,,,,,,,,,
,,,,,,,,,,,
,,,,,,,,,,,
,,,,,,,,,,,
,,,,,,,,,,,
,,,,,,,,,,,
,,,,,,,,,,,
,,,,,,,,,,,
,,,,,,,,,,,
,,,,,,,,,,,
,,,,,,,,,,,
,,,,,,,,,,,
,,,,,,,,,,,
,,,,,,,,,,,
,,,,,,,,,,,
,,,,,,,,,,,
,,,,,,,,,,,
,,,,,,,,,,,
,,,,,,,,,,,
,,,,,,,,,,,
,,,,,,,,,,,
,,,,,,,,,,,
,,,,,,,,,,,
,,,,,,,,,,,
,,,,,,,,,,,
,,,,,,,,,,,
,,,,,,,,,,,
,,,,,,,,,,,
,,,,,,,,,,,
,,,,,,,,,,,
,,,,,,,,,,,
,,,,,,,,,,,
,,,,,,,,,,,
,,,,,,,,,,,
,,,,,,,,,,,
,,,,,,,,,,,
,,,,,,,,,,,
,,,,,,,,,,,
,,,,,,,,,,,
,,,,,,,,,,,
,,,,,,,,,,,
,,,,,,,,,,,
,,,,,,,,,,,
,,,,,,,,,,,
,,,,,,,,,,,
,,,,,,,,,,,
,,,,,,,,,,,
,,,,,,,,,,,
,,,,,,,,,,,
,,,,,,,,,,,
,,,,,,,,,,,
,,,,,,,,,,,
,,,,,,,,,,,
,,,,,,,,,,,
,,,,,,,,,,,
,,,,,,,,,,,
,,,,,,,,,,,
,,,,,,,,,,,
,,,,,,,,,,,
,,,,,,,,,,,
,,,,,,,,,,,
,,,,,,,,,,,
,,,,,,,,,,,
,,,,,,,,,,,
,,,,,,,,,,,
,,,,,,,,,,,
,,,,,,,,,,,
,,,,,,,,,,,
,,,,,,,,,,,
,,,,,,,,,,,
,,,,,,,,,,,
,,,,,,,,,,,
,,,,,,,,,,,
,,,,,,,,,,,
,,,,,,,,,,,
,,,,,,,,,,,
,,,,,,,,,,,
,,,,,,,,,,,
,,,,,,,,,,,
,,,,,,,,,,,
,,,,,,,,,,,
,,,,,,,,,,,
,,,,,,,,,,,
,,,,,,,,,,,
,,,,,,,,,,,
,,,,,,,,,,,
,,,,,,,,,,,
,,,,,,,,,,,
,,,,,,,,,,,
,,,,,,,,,,,
,,,,,,,,,,,
,,,,,,,,,,,
,,,,,,,,,,,
,,,,,,,,,,,
,,,,,,,,,,,
,,,,,,,,,,,
,,,,,,,,,,,
,,,,,,,,,,,
,,,,,,,,,,,
,,,,,,,,,,,
,,,,,,,,,,,
,,,,,,,,,,,
,,,,,,,,,,,
,,,,,,,,,,,
,,,,,,,,,,,
,,,,,,,,,,,
,,,,,,,,,,,
,,,,,,,,,,,
,,,,,,,,,,,
,,,,,,,,,,,
,,,,,,,,,,,
,,,,,,,,,,,
,,,,,,,,,,,
,,,,,,,,,,,
,,,,,,,,,,,
,,,,,,,,,,,
,,,,,,,,,,,
,,,,,,,,,,,
,,,,,,,,,,,
,,,,,,,,,,,
,,,,,,,,,,,
,,,,,,,,,,,
,,,,,,,,,,,
,,,,,,,,,,,
,,,,,,,,,,,
,,,,,,,,,,,
,,,,,,,,,,,
,,,,,,,,,,,
,,,,,,,,,,,
,,,,,,,,,,,
,,,,,,,,,,,
,,,,,,,,,,,
,,,,,,,,,,,
,,,,,,,,,,,
,,,,,,,,,,,
,,,,,,,,,,,
,,,,,,,,,,,
,,,,,,,,,,,
,,,,,,,,,,,
,,,,,,,,,,,
,,,,,,,,,,,
,,,,,,,,,,,
,,,,,,,,,,,
,,,,,,,,,,,
,,,,,,,,,,,
,,,,,,,,,,,
,,,,,,,,,,,
,,,,,,,,,,,
,,,,,,,,,,,
,,,,,,,,,,,
,,,,,,,,,,,
,,,,,,,,,,,
,,,,,,,,,,,
,,,,,,,,,,,
,,,,,,,,,,,
,,,,,,,,,,,
,,,,,,,,,,,
,,,,,,,,,,,
,,,,,,,,,,,
,,,,,,,,,,,
,,,,,,,,,,,
,,,,,,,,,,,
,,,,,,,,,,,
,,,,,,,,,,,
,,,,,,,,,,,
,,,,,,,,,,,
,,,,,,,,,,,
,,,,,,,,,,,
,,,,,,,,,,,
,,,,,,,,,,,
,,,,,,,,,,,
,,,,,,,,,,,
,,,,,,,,,,,
,,,,,,,,,,,
,,,,,,,,,,,
,,,,,,,,,,,
,,,,,,,,,,,
,,,,,,,,,,,
,,,,,,,,,,,
,,,,,,,,,,,
,,,,,,,,,,,
,,,,,,,,,,,
,,,,,,,,,,,
,,,,,,,,,,,
,,,,,,,,,,,
,,,,,,,,,,,
,,,,,,,,,,,
,,,,,,,,,,,
,,,,,,,,,,,
,,,,,,,,,,,
,,,,,,,,,,,
,,,,,,,,,,,
,,,,,,,,,,,
,,,,,,,,,,,
,,,,,,,,,,,
,,,,,,,,,,,
,,,,,,,,,,,
,,,,,,,,,,,
,,,,,,,,,,,
,,,,,,,,,,,
,,,,,,,,,,,
,,,,,,,,,,,
,,,,,,,,,,,
,,,,,,,,,,,
,,,,,,,,,,,
,,,,,,,,,,,
,,,,,,,,,,,
,,,,,,,,,,,
,,,,,,,,,,,
,,,,,,,,,,,
,,,,,,,,,,,
,,,,,,,,,,,
,,,,,,,,,,,
,,,,,,,,,,,
,,,,,,,,,,,
,,,,,,,,,,,
,,,,,,,,,,,
,,,,,,,,,,,
,,,,,,,,,,,
,,,,,,,,,,,
,,,,,,,,,,,
,,,,,,,,,,,
,,,,,,,,,,,
,,,,,,,,,,,
,,,,,,,,,,,
,,,,,,,,,,,
,,,,,,,,,,,
,,,,,,,,,,,
,,,,,,,,,,,
,,,,,,,,,,,
,,,,,,,,,,,
,,,,,,,,,,,
,,,,,,,,,,,
,,,,,,,,,,,
,,,,,,,,,,,
,,,,,,,,,,,
,,,,,,,,,,,
,,,,,,,,,,,
,,,,,,,,,,,
,,,,,,,,,,,
,,,,,,,,,,,
,,,,,,,,,,,
,,,,,,,,,,,
,,,,,,,,,,,
,,,,,,,,,,,
,,,,,,,,,,,
,,,,,,,,,,,
,,,,,,,,,,,
,,,,,,,,,,,
,,,,,,,,,,,
,,,,,,,,,,,
,,,,,,,,,,,
,,,,,,,,,,,
,,,,,,,,,,,
,,,,,,,,,,,
,,,,,,,,,,,
,,,,,,,,,,,
,,,,,,,,,,,
,,,,,,,,,,,
,,,,,,,,,,,
,,,,,,,,,,,
,,,,,,,,,,,
,,,,,,,,,,,
,,,,,,,,,,,
,,,,,,,,,,,
,,,,,,,,,,,
,,,,,,,,,,,
,,,,,,,,,,,
,,,,,,,,,,,
,,,,,,,,,,,
,,,,,,,,,,,
,,,,,,,,,,,
,,,,,,,,,,,
,,,,,,,,,,,
,,,,,,,,,,,
,,,,,,,,,,,
,,,,,,,,,,,
,,,,,,,,,,,
,,,,,,,,,,,
,,,,,,,,,,,
,,,,,,,,,,,
,,,,,,,,,,,
,,,,,,,,,,,
,,,,,,,,,,,
,,,,,,,,,,,
,,,,,,,,,,,
,,,,,,,,,,,
,,,,,,,,,,,
,,,,,,,,,,,
,,,,,,,,,,,
,,,,,,,,,,,
,,,,,,,,,,,
,,,,,,,,,,,
,,,,,,,,,,,
,,,,,,,,,,,
,,,,,,,,,,,
,,,,,,,,,,,
,,,,,,,,,,,
,,,,,,,,,,,
,,,,,,,,,,,
,,,,,,,,,,,
,,,,,,,,,,,
,,,,,,,,,,,
,,,,,,,,,,,
,,,,,,,,,,,
,,,,,,,,,,,
,,,,,,,,,,,
,,,,,,,,,,,
,,,,,,,,,,,
,,,,,,,,,,,
,,,,,,,,,,,
,,,,,,,,,,,
,,,,,,,,,,,
,,,,,,,,,,,
,,,,,,,,,,,
,,,,,,,,,,,
,,,,,,,,,,,
,,,,,,,,,,,
,,,,,,,,,,,
,,,,,,,,,,,
,,,,,,,,,,,
,,,,,,,,,,,
,,,,,,,,,,,
,,,,,,,,,,,
,,,,,,,,,,,
,,,,,,,,,,,
,,,,,,,,,,,
,,,,,,,,,,,
,,,,,,,,,,,
,,,,,,,,,,,
,,,,,,,,,,,
,,,,,,,,,,,
,,,,,,,,,,,
,,,,,,,,,,,
,,,,,,,,,,,
,,,,,,,,,,,
,,,,,,,,,,,
,,,,,,,,,,,
,,,,,,,,,,,
,,,,,,,,,,,
,,,,,,,,,,,
,,,,,,,,,,,
,,,,,,,,,,,
,,,,,,,,,,,
,,,,,,,,,,,
,,,,,,,,,,,
,,,,,,,,,,,
,,,,,,,,,,,
,,,,,,,,,,,
,,,,,,,,,,,
,,,,,,,,,,,
,,,,,,,,,,,
,,,,,,,,,,,
,,,,,,,,,,,
,,,,,,,,,,,
,,,,,,,,,,,
,,,,,,,,,,,
,,,,,,,,,,,
,,,,,,,,,,,
,,,,,,,,,,,
,,,,,,,,,,,
,,,,,,,,,,,
,,,,,,,,,,,
,,,,,,,,,,,
,,,,,,,,,,,
,,,,,,,,,,,
,,,,,,,,,,,
,,,,,,,,,,,
,,,,,,,,,,,
,,,,,,,,,,,
,,,,,,,,,,,
,,,,,,,,,,,
,,,,,,,,,,,
,,,,,,,,,,,
,,,,,,,,,,,
,,,,,,,,,,,
,,,,,,,,,,,
,,,,,,,,,,,
,,,,,,,,,,,
,,,,,,,,,,,
,,,,,,,,,,,
,,,,,,,,,,,
,,,,,,,,,,,
,,,,,,,,,,,
,,,,,,,,,,,
,,,,,,,,,,,
,,,,,,,,,,,
,,,,,,,,,,,
,,,,,,,,,,,
,,,,,,,,,,,
,,,,,,,,,,,
,,,,,,,,,,,
,,,,,,,,,,,
,,,,,,,,,,,
,,,,,,,,,,,
,,,,,,,,,,,
,,,,,,,,,,,
,,,,,,,,,,,
,,,,,,,,,,,
,,,,,,,,,,,
,,,,,,,,,,,
,,,,,,,,,,,
,,,,,,,,,,,
,,,,,,,,,,,
,,,,,,,,,,,
,,,,,,,,,,,
,,,,,,,,,,,
,,,,,,,,,,,
,,,,,,,,,,,
,,,,,,,,,,,
,,,,,,,,,,,
,,,,,,,,,,,
,,,,,,,,,,,
,,,,,,,,,,,
,,,,,,,,,,,
,,,,,,,,,,,
,,,,,,,,,,,
,,,,,,,,,,,
,,,,,,,,,,,
,,,,,,,,,,,
,,,,,,,,,,,
,,,,,,,,,,,
,,,,,,,,,,,
,,,,,,,,,,,
,,,,,,,,,,,
,,,,,,,,,,,
,,,,,,,,,,,
,,,,,,,,,,,
,,,,,,,,,,,
,,,,,,,,,,,
,,,,,,,,,,,
,,,,,,,,,,,
,,,,,,,,,,,
,,,,,,,,,,,
,,,,,,,,,,,
,,,,,,,,,,,
,,,,,,,,,,,
,,,,,,,,,,,
,,,,,,,,,,,
,,,,,,,,,,,
,,,,,,,,,,,
,,,,,,,,,,,
,,,,,,,,,,,
,,,,,,,,,,,
,,,,,,,,,,,
,,,,,,,,,,,
,,,,,,,,,,,
,,,,,,,,,,,
,,,,,,,,,,,
,,,,,,,,,,,
,,,,,,,,,,,
,,,,,,,,,,,
,,,,,,,,,,,
,,,,,,,,,,,
,,,,,,,,,,,
,,,,,,,,,,,
,,,,,,,,,,,
,,,,,,,,,,,
,,,,,,,,,,,
,,,,,,,,,,,
,,,,,,,,,,,
,,,,,,,,,,,
,,,,,,,,,,,
,,,,,,,,,,,
,,,,,,,,,,,
,,,,,,,,,,,
,,,,,,,,,,,
,,,,,,,,,,,
,,,,,,,,,,,
,,,,,,,,,,,
,,,,,,,,,,,
,,,,,,,,,,,
,,,,,,,,,,,
,,,,,,,,,,,
,,,,,,,,,,,
,,,,,,,,,,,
,,,,,,,,,,,
,,,,,,,,,,,
,,,,,,,,,,,
,,,,,,,,,,,
,,,,,,,,,,,
,,,,,,,,,,,
,,,,,,,,,,,
,,,,,,,,,,,
,,,,,,,,,,,
,,,,,,,,,,,
,,,,,,,,,,,
,,,,,,,,,,,
,,,,,,,,,,,
,,,,,,,,,,,
,,,,,,,,,,,
,,,,,,,,,,,
,,,,,,,,,,,
,,,,,,,,,,,
,,,,,,,,,,,
,,,,,,,,,,,
,,,,,,,,,,,
,,,,,,,,,,,
,,,,,,,,,,,
,,,,,,,,,,,
,,,,,,,,,,,
,,,,,,,,,,,
,,,,,,,,,,,
,,,,,,,,,,,
,,,,,,,,,,,
,,,,,,,,,,,
,,,,,,,,,,,
,,,,,,,,,,,
,,,,,,,,,,,
,,,,,,,,,,,
,,,,,,,,,,,
,,,,,,,,,,,
,,,,,,,,,,,
,,,,,,,,,,,
,,,,,,,,,,,
,,,,,,,,,,,
,,,,,,,,,,,
,,,,,,,,,,,
,,,,,,,,,,,
,,,,,,,,,,,
,,,,,,,,,,,
,,,,,,,,,,,
,,,,,,,,,,,
,,,,,,,,,,,
,,,,,,,,,,,
,,,,,,,,,,,
,,,,,,,,,,,
,,,,,,,,,,,
,,,,,,,,,,,
,,,,,,,,,,,
,,,,,,,,,,,
,,,,,,,,,,,
,,,,,,,,,,,
,,,,,,,,,,,
,,,,,,,,,,,
,,,,,,,,,,,
,,,,,,,,,,,
,,,,,,,,,,,
,,,,,,,,,,,
,,,,,,,,,,,
,,,,,,,,,,,
,,,,,,,,,,,
,,,,,,,,,,,
,,,,,,,,,,,
,,,,,,,,,,,
,,,,,,,,,,,
,,,,,,,,,,,
,,,,,,,,,,,
,,,,,,,,,,,
,,,,,,,,,,,
,,,,,,,,,,,
,,,,,,,,,,,
,,,,,,,,,,,
,,,,,,,,,,,
,,,,,,,,,,,
,,,,,,,,,,,
,,,,,,,,,,,
,,,,,,,,,,,
,,,,,,,,,,,
,,,,,,,,,,,
,,,,,,,,,,,
,,,,,,,,,,,
,,,,,,,,,,,
,,,,,,,,,,,
,,,,,,,,,,,
,,,,,,,,,,,
,,,,,,,,,,,
,,,,,,,,,,,
,,,,,,,,,,,
,,,,,,,,,,,
,,,,,,,,,,,
,,,,,,,,,,,
,,,,,,,,,,,
,,,,,,,,,,,
,,,,,,,,,,,
,,,,,,,,,,,
,,,,,,,,,,,
,,,,,,,,,,,
,,,,,,,,,,,
,,,,,,,,,,,
,,,,,,,,,,,
,,,,,,,,,,,
,,,,,,,,,,,
,,,,,,,,,,,
,,,,,,,,,,,
,,,,,,,,,,,
,,,,,,,,,,,
,,,,,,,,,,,
,,,,,,,,,,,
,,,,,,,,,,,
,,,,,,,,,,,
,,,,,,,,,,,
,,,,,,,,,,,
,,,,,,,,,,,
,,,,,,,,,,,
,,,,,,,,,,,
,,,,,,,,,,,
,,,,,,,,,,,
,,,,,,,,,,,
,,,,,,,,,,,
,,,,,,,,,,,
,,,,,,,,,,,
,,,,,,,,,,,
,,,,,,,,,,,
,,,,,,,,,,,
,,,,,,,,,,,
,,,,,,,,,,,
,,,,,,,,,,,
,,,,,,,,,,,
,,,,,,,,,,,
,,,,,,,,,,,
,,,,,,,,,,,
,,,,,,,,,,,
,,,,,,,,,,,
,,,,,,,,,,,
,,,,,,,,,,,
,,,,,,,,,,,
,,,,,,,,,,,
,,,,,,,,,,,
,,,,,,,,,,,
,,,,,,,,,,,
,,,,,,,,,,,
,,,,,,,,,,,
,,,,,,,,,,,
,,,,,,,,,,,
,,,,,,,,,,,
,,,,,,,,,,,
,,,,,,,,,,,
,,,,,,,,,,,
,,,,,,,,,,,
,,,,,,,,,,,
,,,,,,,,,,,
,,,,,,,,,,,
,,,,,,,,,,,
,,,,,,,,,,,
,,,,,,,,,,,
,,,,,,,,,,,
,,,,,,,,,,,
,,,,,,,,,,,
,,,,,,,,,,,
,,,,,,,,,,,
,,,,,,,,,,,
,,,,,,,,,,,
,,,,,,,,,,,
,,,,,,,,,,,
,,,,,,,,,,,
,,,,,,,,,,,
,,,,,,,,,,,
,,,,,,,,,,,
,,,,,,,,,,,
,,,,,,,,,,,
,,,,,,,,,,,
,,,,,,,,,,,
,,,,,,,,,,,
,,,,,,,,,,,
,,,,,,,,,,,
,,,,,,,,,,,
,,,,,,,,,,,
,,,,,,,,,,,
,,,,,,,,,,,
,,,,,,,,,,,
,,,,,,,,,,,
,,,,,,,,,,,
,,,,,,,,,,,
,,,,,,,,,,,
,,,,,,,,,,,
,,,,,,,,,,,
,,,,,,,,,,,
,,,,,,,,,,,
,,,,,,,,,,,
,,,,,,,,,,,
,,,,,,,,,,,
,,,,,,,,,,,
,,,,,,,,,,,
,,,,,,,,,,,
,,,,,,,,,,,
,,,,,,,,,,,
,,,,,,,,,,,
,,,,,,,,,,,
,,,,,,,,,,,
,,,,,,,,,,,
,,,,,,,,,,,
,,,,,,,,,,,
,,,,,,,,,,,
,,,,,,,,,,,
,,,,,,,,,,,
,,,,,,,,,,,
,,,,,,,,,,,
,,,,,,,,,,,
,,,,,,,,,,,
,,,,,,,,,,,
,,,,,,,,,,,
,,,,,,,,,,,
,,,,,,,,,,,
,,,,,,,,,,,
,,,,,,,,,,,
,,,,,,,,,,,
,,,,,,,,,,,
,,,,,,,,,,,
,,,,,,,,,,,
,,,,,,,,,,,
,,,,,,,,,,,
,,,,,,,,,,,
,,,,,,,,,,,
,,,,,,,,,,,
