,,,,,,,,
Aluminium PelmetFaceChain Winder,6,6,N/A,N/A,Yes,No,Yes,N/A
Aluminium PelmetFaceHD Chain Winder,6,6,N/A,N/A,Yes,No,Yes,N/A
Aluminium PelmetFaceChain Winder 60mm,6,6,N/A,N/A,Yes,No,Yes,N/A
Aluminium PelmetFaceChain Winder Fixed Guide,6,6,N/A,N/A,Yes,No,Yes,N/A
Aluminium PelmetFaceLinked,6,6,N/A,N/A,Yes,No,Yes,N/A
Aluminium PelmetFaceLinked - HD,6,6,N/A,N/A,Yes,No,Yes,N/A
Aluminium PelmetFaceStandard Spring,6,6,N/A,N/A,Yes,No,Yes,N/A
Aluminium PelmetFaceSmall Spring,6,6,N/A,N/A,No,No,Yes,N/A
Aluminium PelmetFaceUniline Spring (Old Style),6,6,N/A,N/A,Yes,No,Yes,N/A
Aluminium PelmetFaceBecker Remote Motor,6,6,N/A,N/A,Yes,No,Yes,N/A
Aluminium PelmetFaceBecker CBUS Motor,6,6,N/A,N/A,Yes,No,Yes,N/A
Aluminium PelmetFaceBecker External Remote Motor,0,0,N/A,N/A,No,No,Yes,N/A
Aluminium PelmetFaceBecker External CBUS Motor,0,0,N/A,N/A,No,No,Yes,N/A
Aluminium PelmetFace1.1nm 12v Acmeda Motor,6,6,N/A,N/A,Yes,No,Yes,N/A
Aluminium PelmetFace2nm 12v Acmeda Motor,6,6,N/A,N/A,Yes,No,Yes,N/A
Aluminium PelmetFaceAcmeda 12v 6nm Motor,6,6,N/A,N/A,Yes,No,Yes,N/A
Aluminium PelmetFace0.7nm 12v Acmeda Motor,6,6,N/A,N/A,Yes,No,Yes,N/A
Aluminium PelmetFace1.1nm 12v Acmeda DCRF Motor with External Battery,6,6,N/A,N/A,Yes,No,Yes,N/A
Aluminium PelmetFace1.1nm 12v Acmeda DCRF Motor,6,6,N/A,N/A,Yes,No,Yes,N/A
Aluminium PelmetFace2nm 12v Acmeda DCRF Motor,6,6,N/A,N/A,Yes,No,Yes,N/A
Aluminium PelmetFaceSomfy Remote Sonesse Motor,6,6,N/A,N/A,Yes,No,Yes,N/A
Aluminium PelmetFaceSomfy 12v Remote Sonesse Motor,0,0,N/A,N/A,No,No,Yes,N/A
Aluminium PelmetFaceSomfy CBUS Motor,6,6,N/A,N/A,Yes,No,Yes,N/A
Aluminium PelmetFaceHD Somfy Remote Sonesse Motor,6,6,N/A,N/A,Yes,No,Yes,N/A
Aluminium PelmetFaceHD Somfy 12v Remote Sonesse Motor,0,0,N/A,N/A,No,No,Yes,N/A
Aluminium PelmetFaceHD Somfy CBUS Motor,6,6,N/A,N/A,Yes,No,Yes,N/A
Aluminium PelmetFaceAcmeda E6 Motor,6,6,N/A,N/A,Yes,No,Yes,N/A
Aluminium PelmetFaceAcmeda M6 Motor,6,6,N/A,N/A,Yes,No,Yes,N/A
Aluminium PelmetFaceUniline Remote Motor,6,6,N/A,N/A,Yes,No,Yes,N/A
Aluminium PelmetFaceUniline Cbus Motor,6,6,N/A,N/A,Yes,No,Yes,N/A
Aluminium PelmetFaceNice Remote Motor,6,6,N/A,N/A,Yes,No,Yes,N/A
Aluminium PelmetFaceNice CBus Motor,6,6,N/A,N/A,Yes,No,Yes,N/A
Aluminium PelmetFaceSunboss Chain Winder 38mm Tube,6,6,N/A,N/A,Yes,No,Yes,N/A
Aluminium PelmetFaceSunboss Chain Winder 43mm Tube,6,6,N/A,N/A,Yes,No,Yes,N/A
Aluminium PelmetFaceTBS Remote Motor,6,6,N/A,N/A,Yes,No,Yes,N/A
Aluminium PelmetFaceTBS Cbus Motor,6,6,N/A,N/A,Yes,No,Yes,N/A
Aluminium PelmetFaceAcmeda External Motor,6,6,N/A,N/A,Yes,No,Yes,N/A
Aluminium PelmetFaceAcmeda External 12v Motor,0,0,N/A,N/A,No,No,Yes,N/A
Aluminium PelmetFaceSomfy External CBUS Motor,0,0,N/A,N/A,No,No,Yes,N/A
Aluminium PelmetFaceSomfy External Remote Motor,0,0,N/A,N/A,No,No,Yes,N/A
Aluminium PelmetFaceHD Somfy External CBUS Motor,0,0,N/A,N/A,No,No,Yes,N/A
Aluminium PelmetFaceHD Somfy External Remote Motor,0,0,N/A,N/A,No,No,Yes,N/A
Aluminium PelmetTop FixChain Winder,6,6,N/A,N/A,Yes,No,Yes,N/A
Aluminium PelmetTop FixHD Chain Winder,6,6,N/A,N/A,Yes,No,Yes,N/A
Aluminium PelmetTop FixChain Winder 60mm,6,6,N/A,N/A,Yes,No,Yes,N/A
Aluminium PelmetTop FixChain Winder Fixed Guide,6,6,N/A,N/A,Yes,No,Yes,N/A
Aluminium PelmetTop FixLinked,6,6,N/A,N/A,Yes,No,Yes,N/A
Aluminium PelmetTop FixLinked - HD,6,6,N/A,N/A,Yes,No,Yes,N/A
Aluminium PelmetTop FixStandard Spring,6,6,N/A,N/A,Yes,No,Yes,N/A
Aluminium PelmetTop FixSmall Spring,6,6,N/A,N/A,No,No,Yes,N/A
Aluminium PelmetTop FixUniline Spring (Old Style),6,6,N/A,N/A,Yes,No,Yes,N/A
Aluminium PelmetTop FixBecker Remote Motor,6,6,N/A,N/A,Yes,No,Yes,N/A
Aluminium PelmetTop FixBecker CBUS Motor,6,6,N/A,N/A,Yes,No,Yes,N/A
Aluminium PelmetTop FixBecker External Remote Motor,0,0,N/A,N/A,No,No,Yes,N/A
Aluminium PelmetTop FixBecker External CBUS Motor,0,0,N/A,N/A,No,No,Yes,N/A
Aluminium PelmetTop Fix1.1nm 12v Acmeda Motor,6,6,N/A,N/A,Yes,No,Yes,N/A
Aluminium PelmetTop Fix2nm 12v Acmeda Motor,6,6,N/A,N/A,Yes,No,Yes,N/A
Aluminium PelmetTop FixAcmeda 12v 6nm Motor,6,6,N/A,N/A,Yes,No,Yes,N/A
Aluminium PelmetTop Fix0.7nm 12v Acmeda Motor,6,6,N/A,N/A,Yes,No,Yes,N/A
Aluminium PelmetTop Fix1.1nm 12v Acmeda DCRF Motor with External Battery,6,6,N/A,N/A,Yes,No,Yes,N/A
Aluminium PelmetTop Fix1.1nm 12v Acmeda DCRF Motor,6,6,N/A,N/A,Yes,No,Yes,N/A
Aluminium PelmetTop Fix2nm 12v Acmeda DCRF Motor,6,6,N/A,N/A,Yes,No,Yes,N/A
Aluminium PelmetTop FixSomfy Remote Sonesse Motor,6,6,N/A,N/A,Yes,No,Yes,N/A
Aluminium PelmetTop FixSomfy 12v Remote Sonesse Motor,0,0,N/A,N/A,No,No,Yes,N/A
Aluminium PelmetTop FixSomfy CBUS Motor,6,6,N/A,N/A,Yes,No,Yes,N/A
Aluminium PelmetTop FixHD Somfy Remote Sonesse Motor,6,6,N/A,N/A,Yes,No,Yes,N/A
Aluminium PelmetTop FixHD Somfy 12v Remote Sonesse Motor,0,0,N/A,N/A,No,No,Yes,N/A
Aluminium PelmetTop FixHD Somfy CBUS Motor,6,6,N/A,N/A,Yes,No,Yes,N/A
Aluminium PelmetTop FixAcmeda E6 Motor,6,6,N/A,N/A,Yes,No,Yes,N/A
Aluminium PelmetTop FixAcmeda M6 Motor,6,6,N/A,N/A,Yes,No,Yes,N/A
Aluminium PelmetTop FixUniline Remote Motor,6,6,N/A,N/A,Yes,No,Yes,N/A
Aluminium PelmetTop FixUniline Cbus Motor,6,6,N/A,N/A,Yes,No,Yes,N/A
Aluminium PelmetTop FixNice Remote Motor,6,6,N/A,N/A,Yes,No,Yes,N/A
Aluminium PelmetTop FixNice CBus Motor,6,6,N/A,N/A,Yes,No,Yes,N/A
Aluminium PelmetTop FixSunboss Chain Winder 38mm Tube,6,6,N/A,N/A,Yes,No,Yes,N/A
Aluminium PelmetTop FixSunboss Chain Winder 43mm Tube,6,6,N/A,N/A,Yes,No,Yes,N/A
Aluminium PelmetTop FixTBS Remote Motor,6,6,N/A,N/A,Yes,No,Yes,N/A
Aluminium PelmetTop FixTBS Cbus Motor,6,6,N/A,N/A,Yes,No,Yes,N/A
Aluminium PelmetTop FixAcmeda External Motor,6,6,N/A,N/A,Yes,No,Yes,N/A
Aluminium PelmetTop FixAcmeda External 12v Motor,0,0,N/A,N/A,No,No,Yes,N/A
Aluminium PelmetTop FixSomfy External CBUS Motor,0,0,N/A,N/A,No,No,Yes,N/A
Aluminium PelmetTop FixSomfy External Remote Motor,0,0,N/A,N/A,No,No,Yes,N/A
Aluminium PelmetTop FixSomfy External CBUS Motor,0,0,N/A,N/A,No,No,Yes,N/A
Aluminium PelmetTop FixHD Somfy External Remote Motor,0,0,N/A,N/A,No,No,Yes,N/A
Aluminium PelmetInside Window MountChain Winder,0,0,N/A,N/A,No,No,Yes,N/A
Aluminium PelmetInside Window MountChain Winder,0,0,N/A,N/A,No,No,Yes,N/A
Aluminium PelmetInside Window MountHD Chain Winder,0,0,N/A,N/A,No,No,Yes,N/A
Aluminium PelmetInside Window MountHD Chain Winder,0,0,N/A,N/A,No,No,Yes,N/A
Aluminium PelmetInside Window MountChain Winder 60mm,0,0,N/A,N/A,No,No,Yes,N/A
Aluminium PelmetInside Window MountChain Winder Fixed Guide,0,0,N/A,N/A,No,No,Yes,N/A
Aluminium PelmetInside Window MountLinked,0,0,N/A,N/A,No,No,Yes,N/A
Aluminium PelmetInside Window MountLinked - HD,0,0,N/A,N/A,No,No,Yes,N/A
Aluminium PelmetInside Window MountStandard Spring,0,0,N/A,N/A,No,No,Yes,N/A
Aluminium PelmetInside Window MountSmall Spring,0,0,N/A,N/A,No,No,Yes,N/A
Aluminium PelmetInside Window MountUniline Spring (Old Style),0,0,N/A,N/A,No,No,Yes,N/A
Aluminium PelmetInside Window MountBecker Remote Motor,0,0,N/A,N/A,No,No,Yes,N/A
Aluminium PelmetInside Window MountBecker CBUS Motor,0,0,N/A,N/A,No,No,Yes,N/A
Aluminium PelmetInside Window MountBecker External Remote Motor,0,0,N/A,N/A,No,No,Yes,N/A
Aluminium PelmetInside Window MountBecker External CBUS Motor,0,0,N/A,N/A,No,No,Yes,N/A
Aluminium PelmetInside Window Mount1.1nm 12v Acmeda Motor,0,0,N/A,N/A,No,No,Yes,N/A
Aluminium PelmetInside Window Mount2nm 12v Acmeda Motor,0,0,N/A,N/A,No,No,Yes,N/A
Aluminium PelmetInside Window MountAcmeda 12v 6nm Motor,0,0,N/A,N/A,No,No,Yes,N/A
Aluminium PelmetInside Window Mount0.7nm 12v Acmeda Motor,0,0,N/A,N/A,No,No,Yes,N/A
Aluminium PelmetInside Window Mount1.1nm 12v Acmeda DCRF Motor with External Battery,0,0,N/A,N/A,No,No,Yes,N/A
Aluminium PelmetInside Window Mount1.1nm 12v Acmeda DCRF Motor,0,0,N/A,N/A,No,No,Yes,N/A
Aluminium PelmetInside Window Mount2nm 12v Acmeda DCRF Motor,0,0,N/A,N/A,No,No,Yes,N/A
Aluminium PelmetInside Window MountSomfy Remote Sonesse Motor,0,0,N/A,N/A,No,No,Yes,N/A
Aluminium PelmetInside Window MountSomfy 12v Remote Sonesse Motor,0,0,N/A,N/A,No,No,Yes,N/A
Aluminium PelmetInside Window MountSomfy CBUS Motor,0,0,N/A,N/A,No,No,Yes,N/A
Aluminium PelmetInside Window MountHD Somfy Remote Sonesse Motor,0,0,N/A,N/A,No,No,Yes,N/A
Aluminium PelmetInside Window MountHD Somfy 12v Remote Sonesse Motor,0,0,N/A,N/A,No,No,Yes,N/A
Aluminium PelmetInside Window MountHD Somfy CBUS Motor,0,0,N/A,N/A,No,No,Yes,N/A
Aluminium PelmetInside Window MountAcmeda E6 Motor,0,0,N/A,N/A,No,No,Yes,N/A
Aluminium PelmetInside Window MountAcmeda M6 Motor,0,0,N/A,N/A,No,No,Yes,N/A
Aluminium PelmetInside Window MountUniline Remote Motor,0,0,N/A,N/A,No,No,Yes,N/A
Aluminium PelmetInside Window MountUniline Cbus Motor,0,0,N/A,N/A,No,No,Yes,N/A
Aluminium PelmetInside Window MountNice Remote Motor,0,0,N/A,N/A,No,No,Yes,N/A
Aluminium PelmetInside Window MountNice CBus Motor,0,0,N/A,N/A,No,No,Yes,N/A
Aluminium PelmetInside Window MountSunboss Chain Winder 38mm Tube,0,0,N/A,N/A,No,No,Yes,N/A
Aluminium PelmetInside Window MountSunboss Chain Winder 43mm Tube,0,0,N/A,N/A,No,No,Yes,N/A
Aluminium PelmetInside Window MountTBS Remote Motor,0,0,N/A,N/A,No,No,Yes,N/A
Aluminium PelmetInside Window MountTBS Cbus Motor,0,0,N/A,N/A,No,No,Yes,N/A
Aluminium PelmetInside Window MountAcmeda External Motor,0,0,N/A,N/A,No,No,Yes,N/A
Aluminium PelmetInside Window MountAcmeda External 12v Motor,0,0,N/A,N/A,No,No,Yes,N/A
Aluminium PelmetInside Window MountSomfy External CBUS Motor,0,0,N/A,N/A,No,No,Yes,N/A
Aluminium PelmetInside Window MountSomfy External Remote Motor,0,0,N/A,N/A,No,No,Yes,N/A
Aluminium PelmetInside Window MountHD Somfy External CBUS Motor,0,0,N/A,N/A,No,No,Yes,N/A
Aluminium PelmetInside Window MountHD Somfy External Remote Motor,0,0,N/A,N/A,No,No,Yes,N/A
Aluminium PelmetOutside Window MountChain Winder,6,6,N/A,N/A,Yes,No,Yes,N/A
Aluminium PelmetOutside Window MountHD Chain Winder,0,0,N/A,N/A,Yes,No,Yes,N/A
Aluminium PelmetOutside Window MountChain Winder 60mm,0,0,N/A,N/A,Yes,No,Yes,N/A
Aluminium PelmetOutside Window MountChain Winder Fixed Guide,0,0,N/A,N/A,Yes,No,Yes,N/A
Aluminium PelmetOutside Window MountLinked,0,0,N/A,N/A,Yes,No,Yes,N/A
Aluminium PelmetOutside Window MountLinked - HD,0,0,N/A,N/A,Yes,No,Yes,N/A
Aluminium PelmetOutside Window MountStandard Spring,0,0,N/A,N/A,Yes,No,Yes,N/A
Aluminium PelmetOutside Window MountSmall Spring,0,0,N/A,N/A,Yes,No,Yes,N/A
Aluminium PelmetOutside Window MountUniline Spring (Old Style),0,0,N/A,N/A,Yes,No,Yes,N/A
Aluminium PelmetOutside Window MountBecker Remote Motor,0,0,N/A,N/A,Yes,No,Yes,N/A
Aluminium PelmetOutside Window MountBecker CBUS Motor,0,0,N/A,N/A,Yes,No,Yes,N/A
Aluminium PelmetOutside Window MountBecker External Remote Motor,0,0,N/A,N/A,No,No,Yes,N/A
Aluminium PelmetOutside Window MountBecker External CBUS Motor,0,0,N/A,N/A,No,No,Yes,N/A
Aluminium PelmetOutside Window Mount1.1nm 12v Acmeda Motor,0,0,N/A,N/A,Yes,No,Yes,N/A
Aluminium PelmetOutside Window Mount2nm 12v Acmeda Motor,0,0,N/A,N/A,Yes,No,Yes,N/A
Aluminium PelmetOutside Window MountAcmeda 12v 6nm Motor,0,0,N/A,N/A,Yes,No,Yes,N/A
Aluminium PelmetOutside Window Mount0.7nm 12v Acmeda Motor,0,0,N/A,N/A,Yes,No,Yes,N/A
Aluminium PelmetOutside Window Mount1.1nm 12v Acmeda DCRF Motor with External Battery,0,0,N/A,N/A,Yes,No,Yes,N/A
Aluminium PelmetOutside Window Mount1.1nm 12v Acmeda DCRF Motor,0,0,N/A,N/A,Yes,No,Yes,N/A
Aluminium PelmetOutside Window Mount2nm 12v Acmeda DCRF Motor,0,0,N/A,N/A,Yes,No,Yes,N/A
Aluminium PelmetOutside Window MountSomfy Remote Sonesse Motor,0,0,N/A,N/A,Yes,No,Yes,N/A
Aluminium PelmetOutside Window MountSomfy 12v Remote Sonesse Motor,0,0,N/A,N/A,Yes,No,Yes,N/A
Aluminium PelmetOutside Window MountSomfy CBUS Motor,0,0,N/A,N/A,Yes,No,Yes,N/A
Aluminium PelmetOutside Window MountHD Somfy Remote Sonesse Motor,0,0,N/A,N/A,Yes,No,Yes,N/A
Aluminium PelmetOutside Window MountHD Somfy 12v Remote Sonesse Motor,0,0,N/A,N/A,Yes,No,Yes,N/A
Aluminium PelmetOutside Window MountHD Somfy CBUS Motor,0,0,N/A,N/A,Yes,No,Yes,N/A
Aluminium PelmetOutside Window MountAcmeda E6 Motor,0,0,N/A,N/A,Yes,No,Yes,N/A
Aluminium PelmetOutside Window MountAcmeda M6 Motor,0,0,N/A,N/A,Yes,No,Yes,N/A
Aluminium PelmetOutside Window MountUniline Remote Motor,0,0,N/A,N/A,Yes,No,Yes,N/A
Aluminium PelmetOutside Window MountUniline Cbus Motor,0,0,N/A,N/A,Yes,No,Yes,N/A
Aluminium PelmetOutside Window MountNice Remote Motor,0,0,N/A,N/A,Yes,No,Yes,N/A
Aluminium PelmetOutside Window MountNice CBus Motor,0,0,N/A,N/A,Yes,No,Yes,N/A
Aluminium PelmetOutside Window MountSunboss Chain Winder 38mm Tube,0,0,N/A,N/A,Yes,No,Yes,N/A
Aluminium PelmetOutside Window MountSunboss Chain Winder 43mm Tube,0,0,N/A,N/A,Yes,No,Yes,N/A
Aluminium PelmetOutside Window MountTBS Remote Motor,0,0,N/A,N/A,Yes,No,Yes,N/A
Aluminium PelmetOutside Window MountTBS Cbus Motor,0,0,N/A,N/A,No,No,,N/A
Aluminium PelmetOutside Window MountAcmeda External Motor,0,0,N/A,N/A,Yes,No,,N/A
Aluminium PelmetOutside Window MountAcmeda External 12v Motor,0,0,N/A,N/A,No,No,Yes,N/A
Aluminium PelmetOutside Window MountSomfy External CBUS Motor,0,0,N/A,N/A,No,No,Yes,N/A
Aluminium PelmetOutside Window MountSomfy External Remote Motor,0,0,N/A,N/A,No,No,Yes,N/A
Aluminium PelmetOutside Window MountHD Somfy External CBUS Motor,0,0,N/A,N/A,No,No,Yes,N/A
Aluminium PelmetOutside Window MountHD Somfy External Remote Motor,0,0,N/A,N/A,No,No,Yes,N/A
Aluminium PelmetRevealChain Winder,0,0,N/A,N/A,No,No,Yes,N/A
Aluminium PelmetRevealHD Chain Winder,0,0,N/A,N/A,No,No,Yes,N/A
Aluminium PelmetRevealChain Winder 60mm,0,0,N/A,N/A,No,No,Yes,N/A
Aluminium PelmetRevealChain Winder Fixed Guide,0,0,N/A,N/A,No,No,Yes,N/A
Aluminium PelmetRevealLinked,0,0,N/A,N/A,No,No,Yes,N/A
Aluminium PelmetRevealLinked - HD,0,0,N/A,N/A,No,No,Yes,N/A
Aluminium PelmetRevealStandard Spring,0,0,N/A,N/A,No,No,Yes,N/A
Aluminium PelmetRevealSmall Spring,0,0,N/A,N/A,No,No,Yes,N/A
Aluminium PelmetRevealUniline Spring (Old Style),0,0,N/A,N/A,No,No,Yes,N/A
Aluminium PelmetRevealBecker Remote Motor,0,0,N/A,N/A,No,No,Yes,N/A
Aluminium PelmetRevealBecker CBUS Motor,0,0,N/A,N/A,No,No,Yes,N/A
Aluminium PelmetRevealBecker External Remote Motor,0,0,N/A,N/A,No,No,Yes,N/A
Aluminium PelmetRevealBecker External CBUS Motor,0,0,N/A,N/A,No,No,Yes,N/A
Aluminium PelmetReveal1.1nm 12v Acmeda Motor,0,0,N/A,N/A,No,No,Yes,N/A
Aluminium PelmetReveal2nm 12v Acmeda Motor,0,0,N/A,N/A,No,No,Yes,N/A
Aluminium PelmetRevealAcmeda 12v 6nm Motor,0,0,N/A,N/A,No,No,Yes,N/A
Aluminium PelmetReveal0.7nm 12v Acmeda Motor,0,0,N/A,N/A,No,No,Yes,N/A
Aluminium PelmetReveal1.1nm 12v Acmeda DCRF Motor with External Battery,0,0,N/A,N/A,No,No,Yes,N/A
Aluminium PelmetReveal1.1nm 12v Acmeda DCRF Motor,0,0,N/A,N/A,No,No,Yes,N/A
Aluminium PelmetReveal2nm 12v Acmeda DCRF Motor,0,0,N/A,N/A,No,No,Yes,N/A
Aluminium PelmetRevealSomfy Remote Sonesse Motor,0,0,N/A,N/A,No,No,Yes,N/A
Aluminium PelmetRevealSomfy 12v Remote Sonesse Motor,0,0,N/A,N/A,No,No,Yes,N/A
Aluminium PelmetRevealSomfy CBUS Motor,0,0,N/A,N/A,No,No,Yes,N/A
Aluminium PelmetRevealHD Somfy Remote Sonesse Motor,0,0,N/A,N/A,No,No,Yes,N/A
Aluminium PelmetRevealHD Somfy 12v Remote Sonesse Motor,0,0,N/A,N/A,No,No,Yes,N/A
Aluminium PelmetRevealHD Somfy CBUS Motor,0,0,N/A,N/A,No,No,Yes,N/A
Aluminium PelmetRevealAcmeda E6 Motor,0,0,N/A,N/A,No,No,Yes,N/A
Aluminium PelmetRevealAcmeda M6 Motor,0,0,N/A,N/A,No,No,Yes,N/A
Aluminium PelmetRevealUniline Remote Motor,0,0,N/A,N/A,No,No,Yes,N/A
Aluminium PelmetRevealUniline Cbus Motor,0,0,N/A,N/A,No,No,Yes,N/A
Aluminium PelmetRevealNice Remote Motor,0,0,N/A,N/A,No,No,Yes,N/A
Aluminium PelmetRevealNice CBus Motor,0,0,N/A,N/A,No,No,Yes,N/A
Aluminium PelmetRevealSunboss Chain Winder 38mm Tube,0,0,N/A,N/A,No,No,Yes,N/A
Aluminium PelmetRevealSunboss Chain Winder 43mm Tube,0,0,N/A,N/A,No,No,Yes,N/A
Aluminium PelmetRevealTBS Remote Motor,0,0,N/A,N/A,No,No,Yes,N/A
Aluminium PelmetRevealTBS Cbus Motor,0,0,N/A,N/A,No,No,Yes,N/A
Aluminium PelmetRevealAcmeda External Motor,0,0,N/A,N/A,No,No,Yes,N/A
Aluminium PelmetRevealAcmeda External 12v Motor,0,0,N/A,N/A,No,No,Yes,N/A
Aluminium PelmetRevealSomfy External CBUS Motor,0,0,N/A,N/A,No,No,Yes,N/A
Aluminium PelmetRevealSomfy External Remote Motor,0,0,N/A,N/A,No,No,Yes,N/A
Aluminium PelmetRevealHD Somfy External CBUS Motor,0,0,N/A,N/A,No,No,Yes,N/A
Aluminium PelmetRevealHD Somfy External Remote Motor,0,0,N/A,N/A,No,No,Yes,N/A
Aluminium ValanceFaceChain Winder,6,N/A,0,N/A,Yes,No,No,N/A
Aluminium ValanceFaceHD Chain Winder,6,N/A,0,N/A,Yes,No,No,N/A
Aluminium ValanceFaceChain Winder 60mm,6,N/A,0,N/A,Yes,No,No,N/A
Aluminium ValanceFaceChain Winder Fixed Guide,6,N/A,0,N/A,Yes,No,No,N/A
Aluminium ValanceFaceLinked,6,N/A,0,N/A,Yes,No,No,N/A
Aluminium ValanceFaceLinked - HD,6,N/A,0,N/A,Yes,No,No,N/A
Aluminium ValanceFaceStandard Spring,6,N/A,0,N/A,Yes,No,No,N/A
Aluminium ValanceFaceSmall Spring,0,N/A,0,N/A,No,No,Yes,N/A
Aluminium ValanceFaceUniline Spring (Old Style),6,N/A,0,N/A,Yes,No,No,N/A
Aluminium ValanceFaceBecker Remote Motor,6,N/A,0,N/A,Yes,No,No,N/A
Aluminium ValanceFaceBecker CBUS Motor,6,N/A,0,N/A,Yes,No,No,N/A
Aluminium ValanceFaceBecker External Remote Motor,0,N/A,0,N/A,No,No,Yes,N/A
Aluminium ValanceFaceBecker External CBUS Motor,0,N/A,0,N/A,No,No,Yes,N/A
Aluminium ValanceFace1.1nm 12v Acmeda Motor,6,N/A,0,N/A,Yes,No,No,N/A
Aluminium ValanceFace2nm 12v Acmeda Motor,6,N/A,0,N/A,Yes,No,No,N/A
Aluminium ValanceFaceAcmeda 12v 6nm Motor,6,N/A,0,N/A,Yes,No,No,N/A
Aluminium ValanceFace0.7nm 12v Acmeda Motor,6,N/A,0,N/A,Yes,No,No,N/A
Aluminium ValanceFace1.1nm 12v Acmeda DCRF Motor with External Battery,6,N/A,0,N/A,Yes,No,No,N/A
Aluminium ValanceFace1.1nm 12v Acmeda DCRF Motor,6,N/A,0,N/A,Yes,No,No,N/A
Aluminium ValanceFace2nm 12v Acmeda DCRF Motor,6,N/A,0,N/A,Yes,No,No,N/A
Aluminium ValanceFaceSomfy Remote Sonesse Motor,6,N/A,0,N/A,Yes,No,No,N/A
Aluminium ValanceFaceSomfy 12v Remote Sonesse Motor,0,N/A,0,N/A,No,No,Yes,N/A
Aluminium ValanceFaceSomfy CBUS Motor,6,N/A,0,N/A,Yes,No,No,N/A
Aluminium ValanceFaceHD Somfy Remote Sonesse Motor,6,N/A,0,N/A,Yes,No,No,N/A
Aluminium ValanceFaceHD Somfy 12v Remote Sonesse Motor,0,N/A,0,N/A,No,No,Yes,N/A
Aluminium ValanceFaceHD Somfy CBUS Motor,6,N/A,0,N/A,Yes,No,No,N/A
Aluminium ValanceFaceAcmeda E6 Motor,6,N/A,0,N/A,Yes,No,No,N/A
Aluminium ValanceFaceAcmeda M6 Motor,6,N/A,0,N/A,Yes,No,No,N/A
Aluminium ValanceFaceUniline Remote Motor,6,N/A,0,N/A,Yes,No,No,N/A
Aluminium ValanceFaceUniline Cbus Motor,6,N/A,0,N/A,Yes,No,No,N/A
Aluminium ValanceFaceNice Remote Motor,6,N/A,0,N/A,Yes,No,No,N/A
Aluminium ValanceFaceNice CBus Motor,6,N/A,0,N/A,Yes,No,No,N/A
Aluminium ValanceFaceSunboss Chain Winder 38mm Tube,6,N/A,0,N/A,Yes,No,No,N/A
Aluminium ValanceFaceSunboss Chain Winder 43mm Tube,6,N/A,0,N/A,Yes,No,No,N/A
Aluminium ValanceFaceTBS Remote Motor,6,N/A,0,N/A,Yes,No,No,N/A
Aluminium ValanceFaceTBS Cbus Motor,6,N/A,0,N/A,Yes,No,No,N/A
Aluminium ValanceFaceAcmeda External Motor,6,N/A,0,N/A,Yes,No,No,N/A
Aluminium ValanceFaceAcmeda External 12v Motor,0,N/A,0,N/A,No,No,Yes,N/A
Aluminium ValanceFaceSomfy External CBUS Motor,0,N/A,0,N/A,No,No,Yes,N/A
Aluminium ValanceFaceSomfy External Remote Motor,0,N/A,0,N/A,No,No,Yes,N/A
Aluminium ValanceFaceHD Somfy External CBUS Motor,0,N/A,0,N/A,No,No,Yes,N/A
Aluminium ValanceFaceHD Somfy External Remote Motor,0,N/A,0,N/A,No,No,Yes,N/A
Aluminium ValanceTop FixChain Winder,6,N/A,0,N/A,Yes,No,No,N/A
Aluminium ValanceTop FixHD Chain Winder,6,N/A,0,N/A,Yes,No,No,N/A
Aluminium ValanceTop FixChain Winder 60mm,6,N/A,0,N/A,Yes,No,No,N/A
Aluminium ValanceTop FixChain Winder Fixed Guide,6,N/A,0,N/A,Yes,No,No,N/A
Aluminium ValanceTop FixLinked,6,N/A,0,N/A,Yes,No,No,N/A
Aluminium ValanceTop FixLinked - HD,6,N/A,0,N/A,Yes,No,No,N/A
Aluminium ValanceTop FixStandard Spring,6,N/A,0,N/A,Yes,No,No,N/A
Aluminium ValanceTop FixSmall Spring,0,N/A,0,N/A,No,No,Yes,N/A
Aluminium ValanceTop FixUniline Spring (Old Style),6,N/A,0,N/A,Yes,No,No,N/A
Aluminium ValanceTop FixBecker Remote Motor,6,N/A,0,N/A,Yes,No,No,N/A
Aluminium ValanceTop FixBecker CBUS Motor,6,N/A,0,N/A,Yes,No,No,N/A
Aluminium ValanceTop FixBecker External Remote Motor,0,N/A,0,N/A,No,No,Yes,N/A
Aluminium ValanceTop FixBecker External CBUS Motor,0,N/A,0,N/A,No,No,Yes,N/A
Aluminium ValanceTop Fix1.1nm 12v Acmeda Motor,6,N/A,0,N/A,Yes,No,No,N/A
Aluminium ValanceTop Fix2nm 12v Acmeda Motor,6,N/A,0,N/A,Yes,No,No,N/A
Aluminium ValanceTop FixAcmeda 12v 6nm Motor,6,N/A,0,N/A,Yes,No,No,N/A
Aluminium ValanceTop Fix0.7nm 12v Acmeda Motor,6,N/A,0,N/A,Yes,No,No,N/A
Aluminium ValanceTop Fix1.1nm 12v Acmeda DCRF Motor with External Battery,6,N/A,0,N/A,Yes,No,No,N/A
Aluminium ValanceTop Fix1.1nm 12v Acmeda DCRF Motor,6,N/A,0,N/A,Yes,No,No,N/A
Aluminium ValanceTop Fix2nm 12v Acmeda DCRF Motor,6,N/A,0,N/A,Yes,No,No,N/A
Aluminium ValanceTop FixSomfy Remote Sonesse Motor,6,N/A,0,N/A,Yes,No,No,N/A
Aluminium ValanceTop FixSomfy 12v Remote Sonesse Motor,0,N/A,0,N/A,No,No,Yes,N/A
Aluminium ValanceTop FixSomfy CBUS Motor,6,N/A,0,N/A,Yes,No,No,N/A
Aluminium ValanceTop FixHD Somfy Remote Sonesse Motor,6,N/A,0,N/A,Yes,No,No,N/A
Aluminium ValanceTop FixHD Somfy 12v Remote Sonesse Motor,0,N/A,0,N/A,No,No,Yes,N/A
Aluminium ValanceTop FixHD Somfy CBUS Motor,6,N/A,0,N/A,Yes,No,No,N/A
Aluminium ValanceTop FixAcmeda E6 Motor,6,N/A,0,N/A,Yes,No,No,N/A
Aluminium ValanceTop FixAcmeda M6 Motor,6,N/A,0,N/A,Yes,No,No,N/A
Aluminium ValanceTop FixUniline Remote Motor,6,N/A,0,N/A,Yes,No,No,N/A
Aluminium ValanceTop FixUniline Cbus Motor,6,N/A,0,N/A,Yes,No,No,N/A
Aluminium ValanceTop FixNice Remote Motor,6,N/A,0,N/A,Yes,No,No,N/A
Aluminium ValanceTop FixNice CBus Motor,6,N/A,0,N/A,Yes,No,No,N/A
Aluminium ValanceTop FixSunboss Chain Winder 38mm Tube,6,N/A,0,N/A,Yes,No,No,N/A
Aluminium ValanceTop FixSunboss Chain Winder 43mm Tube,6,N/A,0,N/A,Yes,No,No,N/A
Aluminium ValanceTop FixTBS Remote Motor,6,N/A,0,N/A,Yes,No,No,N/A
Aluminium ValanceTop FixTBS Cbus Motor,6,N/A,0,N/A,Yes,No,No,N/A
Aluminium ValanceTop FixAcmeda External Motor,6,N/A,0,N/A,Yes,No,No,N/A
Aluminium ValanceTop FixAcmeda External 12v Motor,0,N/A,0,N/A,No,No,Yes,N/A
Aluminium ValanceTop FixSomfy External CBUS Motor,0,N/A,0,N/A,No,No,Yes,N/A
Aluminium ValanceTop FixSomfy External Remote Motor,0,N/A,0,N/A,No,No,Yes,N/A
Aluminium ValanceTop FixSomfy External CBUS Motor,0,N/A,0,N/A,No,No,Yes,N/A
Aluminium ValanceTop FixHD Somfy External Remote Motor,0,N/A,0,N/A,No,No,Yes,N/A
Aluminium ValanceInside Window MountChain Winder,0,N/A,0,N/A,No,No,Yes,N/A
Aluminium ValanceInside Window MountHD Chain Winder,0,N/A,0,N/A,No,No,Yes,N/A
Aluminium ValanceInside Window MountChain Winder 60mm,0,N/A,0,N/A,No,No,Yes,N/A
Aluminium ValanceInside Window MountChain Winder Fixed Guide,0,N/A,0,N/A,No,No,Yes,N/A
Aluminium ValanceInside Window MountLinked,0,N/A,0,N/A,No,No,Yes,N/A
Aluminium ValanceInside Window MountLinked - HD,0,N/A,0,N/A,No,No,Yes,N/A
Aluminium ValanceInside Window MountStandard Spring,0,N/A,0,N/A,No,No,Yes,N/A
Aluminium ValanceInside Window MountSmall Spring,0,N/A,0,N/A,No,No,Yes,N/A
Aluminium ValanceInside Window MountUniline Spring (Old Style),0,N/A,0,N/A,No,No,Yes,N/A
Aluminium ValanceInside Window MountBecker Remote Motor,0,N/A,0,N/A,No,No,Yes,N/A
Aluminium ValanceInside Window MountBecker CBUS Motor,0,N/A,0,N/A,No,No,Yes,N/A
Aluminium ValanceInside Window MountBecker External Remote Motor,0,N/A,0,N/A,No,No,Yes,N/A
Aluminium ValanceInside Window MountBecker External CBUS Motor,0,N/A,0,N/A,No,No,Yes,N/A
Aluminium ValanceInside Window Mount1.1nm 12v Acmeda Motor,0,N/A,0,N/A,No,No,Yes,N/A
Aluminium ValanceInside Window Mount2nm 12v Acmeda Motor,0,N/A,0,N/A,No,No,Yes,N/A
Aluminium ValanceInside Window MountAcmeda 12v 6nm Motor,0,N/A,0,N/A,No,No,Yes,N/A
Aluminium ValanceInside Window Mount0.7nm 12v Acmeda Motor,0,N/A,0,N/A,No,No,Yes,N/A
Aluminium ValanceInside Window Mount1.1nm 12v Acmeda DCRF Motor with External Battery,0,N/A,0,N/A,No,No,Yes,N/A
Aluminium ValanceInside Window Mount1.1nm 12v Acmeda DCRF Motor,0,N/A,0,N/A,No,No,Yes,N/A
Aluminium ValanceInside Window Mount2nm 12v Acmeda DCRF Motor,0,N/A,0,N/A,No,No,Yes,N/A
Aluminium ValanceInside Window MountSomfy Remote Sonesse Motor,0,N/A,0,N/A,No,No,Yes,N/A
Aluminium ValanceInside Window MountSomfy 12v Remote Sonesse Motor,0,N/A,0,N/A,No,No,Yes,N/A
Aluminium ValanceInside Window MountSomfy CBUS Motor,0,N/A,0,N/A,No,No,Yes,N/A
Aluminium ValanceInside Window MountHD Somfy Remote Sonesse Motor,0,N/A,0,N/A,No,No,Yes,N/A
Aluminium ValanceInside Window MountHD Somfy 12v Remote Sonesse Motor,0,N/A,0,N/A,No,No,Yes,N/A
Aluminium ValanceInside Window MountHD Somfy CBUS Motor,0,N/A,0,N/A,No,No,Yes,N/A
Aluminium ValanceInside Window MountAcmeda E6 Motor,0,N/A,0,N/A,No,No,Yes,N/A
Aluminium ValanceInside Window MountAcmeda M6 Motor,0,N/A,0,N/A,No,No,Yes,N/A
Aluminium ValanceInside Window MountUniline Remote Motor,0,N/A,0,N/A,No,No,Yes,N/A
Aluminium ValanceInside Window MountUniline Cbus Motor,0,N/A,0,N/A,No,No,Yes,N/A
Aluminium ValanceInside Window MountNice Remote Motor,0,N/A,0,N/A,No,No,Yes,N/A
Aluminium ValanceInside Window MountNice CBus Motor,0,N/A,0,N/A,No,No,Yes,N/A
Aluminium ValanceInside Window MountSunboss Chain Winder 38mm Tube,0,N/A,0,N/A,No,No,Yes,N/A
Aluminium ValanceInside Window MountSunboss Chain Winder 43mm Tube,0,N/A,0,N/A,No,No,Yes,N/A
Aluminium ValanceInside Window MountTBS Remote Motor,0,N/A,0,N/A,No,No,Yes,N/A
Aluminium ValanceInside Window MountTBS Cbus Motor,0,N/A,0,N/A,No,No,Yes,N/A
Aluminium ValanceInside Window MountAcmeda External Motor,0,N/A,0,N/A,No,No,Yes,N/A
Aluminium ValanceInside Window MountAcmeda External 12v Motor,0,N/A,0,N/A,No,No,Yes,N/A
Aluminium ValanceInside Window MountSomfy External CBUS Motor,0,N/A,0,N/A,No,No,Yes,N/A
Aluminium ValanceInside Window MountSomfy External Remote Motor,0,N/A,0,N/A,No,No,Yes,N/A
Aluminium ValanceInside Window MountHD Somfy External CBUS Motor,0,N/A,0,N/A,No,No,Yes,N/A
Aluminium ValanceInside Window MountHD Somfy External Remote Motor,0,N/A,0,N/A,No,No,Yes,N/A
Aluminium ValanceOutside Window MountChain Winder,0,N/A,0,N/A,No,No,Yes,N/A
Aluminium ValanceOutside Window MountHD Chain Winder,0,N/A,0,N/A,No,No,Yes,N/A
Aluminium ValanceOutside Window MountChain Winder 60mm,0,N/A,0,N/A,No,No,Yes,N/A
Aluminium ValanceOutside Window MountChain Winder Fixed Guide,0,N/A,0,N/A,No,No,Yes,N/A
Aluminium ValanceOutside Window MountLinked,0,N/A,0,N/A,No,No,Yes,N/A
Aluminium ValanceOutside Window MountLinked - HD,0,N/A,0,N/A,No,No,Yes,N/A
Aluminium ValanceOutside Window MountStandard Spring,0,N/A,0,N/A,No,No,Yes,N/A
Aluminium ValanceOutside Window MountSmall Spring,0,N/A,0,N/A,No,No,Yes,N/A
Aluminium ValanceOutside Window MountUniline Spring (Old Style),0,N/A,0,N/A,No,No,Yes,N/A
Aluminium ValanceOutside Window MountBecker Remote Motor,0,N/A,0,N/A,No,No,Yes,N/A
Aluminium ValanceOutside Window MountBecker CBUS Motor,0,N/A,0,N/A,No,No,Yes,N/A
Aluminium ValanceOutside Window MountBecker External Remote Motor,0,N/A,0,N/A,No,No,Yes,N/A
Aluminium ValanceOutside Window MountBecker External CBUS Motor,0,N/A,0,N/A,No,No,Yes,N/A
Aluminium ValanceOutside Window Mount1.1nm 12v Acmeda Motor,0,N/A,0,N/A,No,No,Yes,N/A
Aluminium ValanceOutside Window Mount2nm 12v Acmeda Motor,0,N/A,0,N/A,No,No,Yes,N/A
Aluminium ValanceOutside Window MountAcmeda 12v 6nm Motor,0,N/A,0,N/A,No,No,Yes,N/A
Aluminium ValanceOutside Window Mount0.7nm 12v Acmeda Motor,0,N/A,0,N/A,No,No,Yes,N/A
Aluminium ValanceOutside Window Mount1.1nm 12v Acmeda DCRF Motor with External Battery,0,N/A,0,N/A,No,No,Yes,N/A
Aluminium ValanceOutside Window Mount1.1nm 12v Acmeda DCRF Motor,0,N/A,0,N/A,No,No,Yes,N/A
Aluminium ValanceOutside Window Mount2nm 12v Acmeda DCRF Motor,0,N/A,0,N/A,No,No,Yes,N/A
Aluminium ValanceOutside Window MountSomfy Remote Sonesse Motor,0,N/A,0,N/A,No,No,Yes,N/A
Aluminium ValanceOutside Window MountSomfy 12v Remote Sonesse Motor,0,N/A,0,N/A,No,No,Yes,N/A
Aluminium ValanceOutside Window MountSomfy CBUS Motor,0,N/A,0,N/A,No,No,Yes,N/A
Aluminium ValanceOutside Window MountHD Somfy Remote Sonesse Motor,0,N/A,0,N/A,No,No,Yes,N/A
Aluminium ValanceOutside Window MountHD Somfy 12v Remote Sonesse Motor,0,N/A,0,N/A,No,No,Yes,N/A
Aluminium ValanceOutside Window MountHD Somfy CBUS Motor,0,N/A,0,N/A,No,No,Yes,N/A
Aluminium ValanceOutside Window MountAcmeda E6 Motor,0,N/A,0,N/A,No,No,Yes,N/A
Aluminium ValanceOutside Window MountAcmeda M6 Motor,0,N/A,0,N/A,No,No,Yes,N/A
Aluminium ValanceOutside Window MountUniline Remote Motor,0,N/A,0,N/A,No,No,Yes,N/A
Aluminium ValanceOutside Window MountUniline Cbus Motor,0,N/A,0,N/A,No,No,Yes,N/A
Aluminium ValanceOutside Window MountNice Remote Motor,0,N/A,0,N/A,No,No,Yes,N/A
Aluminium ValanceOutside Window MountNice CBus Motor,0,N/A,0,N/A,No,No,Yes,N/A
Aluminium ValanceOutside Window MountSunboss Chain Winder 38mm Tube,0,N/A,0,N/A,No,No,Yes,N/A
Aluminium ValanceOutside Window MountSunboss Chain Winder 43mm Tube,0,N/A,0,N/A,No,No,Yes,N/A
Aluminium ValanceOutside Window MountTBS Remote Motor,0,N/A,0,N/A,No,No,Yes,N/A
Aluminium ValanceOutside Window MountTBS Cbus Motor,0,N/A,0,N/A,No,No,,N/A
Aluminium ValanceOutside Window MountAcmeda External Motor,0,N/A,0,N/A,No,No,,N/A
Aluminium ValanceOutside Window MountAcmeda External 12v Motor,0,N/A,0,N/A,No,No,Yes,N/A
Aluminium ValanceOutside Window MountSomfy External CBUS Motor,0,N/A,0,N/A,No,No,Yes,N/A
Aluminium ValanceOutside Window MountSomfy External Remote Motor,0,N/A,0,N/A,No,No,Yes,N/A
Aluminium ValanceOutside Window MountHD Somfy External CBUS Motor,0,N/A,0,N/A,No,No,Yes,N/A
Aluminium ValanceOutside Window MountHD Somfy External Remote Motor,0,N/A,0,N/A,No,No,Yes,N/A
Aluminium ValanceRevealChain Winder,0,N/A,0,N/A,No,No,Yes,N/A
Aluminium ValanceRevealHD Chain Winder,0,N/A,0,N/A,No,No,Yes,N/A
Aluminium ValanceRevealChain Winder 60mm,0,N/A,0,N/A,No,No,Yes,N/A
Aluminium ValanceRevealChain Winder Fixed Guide,0,N/A,0,N/A,No,No,Yes,N/A
Aluminium ValanceRevealLinked,0,N/A,0,N/A,No,No,Yes,N/A
Aluminium ValanceRevealLinked - HD,0,N/A,0,N/A,No,No,Yes,N/A
Aluminium ValanceRevealStandard Spring,0,N/A,0,N/A,No,No,Yes,N/A
Aluminium ValanceRevealSmall Spring,0,N/A,0,N/A,No,No,Yes,N/A
Aluminium ValanceRevealUniline Spring (Old Style),0,N/A,0,N/A,No,No,Yes,N/A
Aluminium ValanceRevealBecker Remote Motor,0,N/A,0,N/A,No,No,Yes,N/A
Aluminium ValanceRevealBecker CBUS Motor,0,N/A,0,N/A,No,No,Yes,N/A
Aluminium ValanceRevealBecker External Remote Motor,0,N/A,0,N/A,No,No,Yes,N/A
Aluminium ValanceRevealBecker External CBUS Motor,0,N/A,0,N/A,No,No,Yes,N/A
Aluminium ValanceReveal1.1nm 12v Acmeda Motor,0,N/A,0,N/A,No,No,Yes,N/A
Aluminium ValanceReveal2nm 12v Acmeda Motor,0,N/A,0,N/A,No,No,Yes,N/A
Aluminium ValanceRevealAcmeda 12v 6nm Motor,0,N/A,0,N/A,No,No,Yes,N/A
Aluminium ValanceReveal0.7nm 12v Acmeda Motor,0,N/A,0,N/A,No,No,Yes,N/A
Aluminium ValanceReveal1.1nm 12v Acmeda DCRF Motor with External Battery,0,N/A,0,N/A,No,No,Yes,N/A
Aluminium ValanceReveal1.1nm 12v Acmeda DCRF Motor,0,N/A,0,N/A,No,No,Yes,N/A
Aluminium ValanceReveal2nm 12v Acmeda DCRF Motor,0,N/A,0,N/A,No,No,Yes,N/A
Aluminium ValanceRevealSomfy Remote Sonesse Motor,0,N/A,0,N/A,No,No,Yes,N/A
Aluminium ValanceRevealSomfy 12v Remote Sonesse Motor,0,N/A,0,N/A,No,No,Yes,N/A
Aluminium ValanceRevealSomfy CBUS Motor,0,N/A,0,N/A,No,No,Yes,N/A
Aluminium ValanceRevealHD Somfy Remote Sonesse Motor,0,N/A,0,N/A,No,No,Yes,N/A
Aluminium ValanceRevealHD Somfy 12v Remote Sonesse Motor,0,N/A,0,N/A,No,No,Yes,N/A
Aluminium ValanceRevealHD Somfy CBUS Motor,0,N/A,0,N/A,No,No,Yes,N/A
Aluminium ValanceRevealAcmeda E6 Motor,0,N/A,0,N/A,No,No,Yes,N/A
Aluminium ValanceRevealAcmeda M6 Motor,0,N/A,0,N/A,No,No,Yes,N/A
Aluminium ValanceRevealUniline Remote Motor,0,N/A,0,N/A,No,No,Yes,N/A
Aluminium ValanceRevealUniline Cbus Motor,0,N/A,0,N/A,No,No,Yes,N/A
Aluminium ValanceRevealNice Remote Motor,0,N/A,0,N/A,No,No,Yes,N/A
Aluminium ValanceRevealNice CBus Motor,0,N/A,0,N/A,No,No,Yes,N/A
Aluminium ValanceRevealSunboss Chain Winder 38mm Tube,0,N/A,0,N/A,No,No,Yes,N/A
Aluminium ValanceRevealSunboss Chain Winder 43mm Tube,0,N/A,0,N/A,No,No,Yes,N/A
Aluminium ValanceRevealTBS Remote Motor,0,N/A,0,N/A,No,No,Yes,N/A
Aluminium ValanceRevealTBS Cbus Motor,0,N/A,0,N/A,No,No,Yes,N/A
Aluminium ValanceRevealAcmeda External Motor,0,N/A,0,N/A,No,No,Yes,N/A
Aluminium ValanceRevealAcmeda External 12v Motor,0,N/A,0,N/A,No,No,Yes,N/A
Aluminium ValanceRevealSomfy External CBUS Motor,0,N/A,0,N/A,No,No,Yes,N/A
Aluminium ValanceRevealSomfy External Remote Motor,0,N/A,0,N/A,No,No,Yes,N/A
Aluminium ValanceRevealHD Somfy External CBUS Motor,0,N/A,0,N/A,No,No,Yes,N/A
Aluminium ValanceRevealHD Somfy External Remote Motor,0,N/A,0,N/A,No,No,Yes,N/A
Aluminium Valance - Fabric CoveredFaceChain Winder,6,N/A,0,N/A,Yes,No,No,N/A
Aluminium Valance - Fabric CoveredFaceHD Chain Winder,6,N/A,0,N/A,Yes,No,No,N/A
Aluminium Valance - Fabric CoveredFaceChain Winder 60mm,6,N/A,0,N/A,Yes,No,No,N/A
Aluminium Valance - Fabric CoveredFaceChain Winder Fixed Guide,6,N/A,0,N/A,Yes,No,No,N/A
Aluminium Valance - Fabric CoveredFaceLinked,6,N/A,0,N/A,Yes,No,No,N/A
Aluminium Valance - Fabric CoveredFaceLinked - HD,6,N/A,0,N/A,Yes,No,No,N/A
Aluminium Valance - Fabric CoveredFaceStandard Spring,6,N/A,0,N/A,Yes,No,No,N/A
Aluminium Valance - Fabric CoveredFaceSmall Spring,0,N/A,0,N/A,No,No,Yes,N/A
Aluminium Valance - Fabric CoveredFaceUniline Spring (Old Style),6,N/A,0,N/A,Yes,No,No,N/A
Aluminium Valance - Fabric CoveredFaceBecker Remote Motor,6,N/A,0,N/A,Yes,No,No,N/A
Aluminium Valance - Fabric CoveredFaceBecker CBUS Motor,6,N/A,0,N/A,Yes,No,No,N/A
Aluminium Valance - Fabric CoveredFaceBecker External Remote Motor,0,N/A,0,N/A,No,No,Yes,N/A
Aluminium Valance - Fabric CoveredFaceBecker External CBUS Motor,0,N/A,0,N/A,No,No,Yes,N/A
Aluminium Valance - Fabric CoveredFace1.1nm 12v Acmeda Motor,6,N/A,0,N/A,Yes,No,No,N/A
Aluminium Valance - Fabric CoveredFace2nm 12v Acmeda Motor,6,N/A,0,N/A,Yes,No,No,N/A
Aluminium Valance - Fabric CoveredFaceAcmeda 12v 6nm Motor,6,N/A,0,N/A,Yes,No,No,N/A
Aluminium Valance - Fabric CoveredFace0.7nm 12v Acmeda Motor,6,N/A,0,N/A,Yes,No,No,N/A
Aluminium Valance - Fabric CoveredFace1.1nm 12v Acmeda DCRF Motor with External Battery,6,N/A,0,N/A,Yes,No,No,N/A
Aluminium Valance - Fabric CoveredFace1.1nm 12v Acmeda DCRF Motor,6,N/A,0,N/A,Yes,No,No,N/A
Aluminium Valance - Fabric CoveredFace2nm 12v Acmeda DCRF Motor,6,N/A,0,N/A,Yes,No,No,N/A
Aluminium Valance - Fabric CoveredFaceSomfy Remote Sonesse Motor,6,N/A,0,N/A,Yes,No,No,N/A
Aluminium Valance - Fabric CoveredFaceSomfy 12v Remote Sonesse Motor,0,N/A,0,N/A,No,No,Yes,N/A
Aluminium Valance - Fabric CoveredFaceSomfy CBUS Motor,6,N/A,0,N/A,Yes,No,No,N/A
Aluminium Valance - Fabric CoveredFaceHD Somfy Remote Sonesse Motor,6,N/A,0,N/A,Yes,No,No,N/A
Aluminium Valance - Fabric CoveredFaceHD Somfy 12v Remote Sonesse Motor,0,N/A,0,N/A,No,No,Yes,N/A
Aluminium Valance - Fabric CoveredFaceHD Somfy CBUS Motor,6,N/A,0,N/A,Yes,No,No,N/A
Aluminium Valance - Fabric CoveredFaceAcmeda E6 Motor,6,N/A,0,N/A,Yes,No,No,N/A
Aluminium Valance - Fabric CoveredFaceAcmeda M6 Motor,6,N/A,0,N/A,Yes,No,No,N/A
Aluminium Valance - Fabric CoveredFaceUniline Remote Motor,6,N/A,0,N/A,Yes,No,No,N/A
Aluminium Valance - Fabric CoveredFaceUniline Cbus Motor,6,N/A,0,N/A,Yes,No,No,N/A
Aluminium Valance - Fabric CoveredFaceNice Remote Motor,6,N/A,0,N/A,Yes,No,No,N/A
Aluminium Valance - Fabric CoveredFaceNice CBus Motor,6,N/A,0,N/A,Yes,No,No,N/A
Aluminium Valance - Fabric CoveredFaceSunboss Chain Winder 38mm Tube,6,N/A,0,N/A,Yes,No,No,N/A
Aluminium Valance - Fabric CoveredFaceSunboss Chain Winder 43mm Tube,6,N/A,0,N/A,Yes,No,No,N/A
Aluminium Valance - Fabric CoveredFaceTBS Remote Motor,6,N/A,0,N/A,Yes,No,No,N/A
Aluminium Valance - Fabric CoveredFaceTBS Cbus Motor,6,N/A,0,N/A,Yes,No,No,N/A
Aluminium Valance - Fabric CoveredFaceAcmeda External Motor,6,N/A,0,N/A,Yes,No,No,N/A
Aluminium Valance - Fabric CoveredFaceAcmeda External 12v Motor,0,N/A,0,N/A,No,No,Yes,N/A
Aluminium Valance - Fabric CoveredFaceSomfy External CBUS Motor,0,N/A,0,N/A,No,No,Yes,N/A
Aluminium Valance - Fabric CoveredFaceSomfy External Remote Motor,0,N/A,0,N/A,No,No,Yes,N/A
Aluminium Valance - Fabric CoveredFaceHD Somfy External CBUS Motor,0,N/A,0,N/A,No,No,Yes,N/A
Aluminium Valance - Fabric CoveredFaceHD Somfy External Remote Motor,0,N/A,0,N/A,No,No,Yes,N/A
Aluminium Valance - Fabric CoveredTop FixChain Winder,6,N/A,0,N/A,Yes,No,No,N/A
Aluminium Valance - Fabric CoveredTop FixHD Chain Winder,6,N/A,0,N/A,Yes,No,No,N/A
Aluminium Valance - Fabric CoveredTop FixChain Winder 60mm,6,N/A,0,N/A,Yes,No,No,N/A
Aluminium Valance - Fabric CoveredTop FixChain Winder Fixed Guide,6,N/A,0,N/A,Yes,No,No,N/A
Aluminium Valance - Fabric CoveredTop FixLinked,6,N/A,0,N/A,Yes,No,No,N/A
Aluminium Valance - Fabric CoveredTop FixLinked - HD,6,N/A,0,N/A,Yes,No,No,N/A
Aluminium Valance - Fabric CoveredTop FixStandard Spring,6,N/A,0,N/A,Yes,No,No,N/A
Aluminium Valance - Fabric CoveredTop FixSmall Spring,0,N/A,0,N/A,No,No,Yes,N/A
Aluminium Valance - Fabric CoveredTop FixUniline Spring (Old Style),6,N/A,0,N/A,Yes,No,No,N/A
Aluminium Valance - Fabric CoveredTop FixBecker Remote Motor,6,N/A,0,N/A,Yes,No,No,N/A
Aluminium Valance - Fabric CoveredTop FixBecker CBUS Motor,6,N/A,0,N/A,Yes,No,No,N/A
Aluminium Valance - Fabric CoveredTop FixBecker External Remote Motor,0,N/A,0,N/A,No,No,Yes,N/A
Aluminium Valance - Fabric CoveredTop FixBecker External CBUS Motor,0,N/A,0,N/A,No,No,Yes,N/A
Aluminium Valance - Fabric CoveredTop Fix1.1nm 12v Acmeda Motor,6,N/A,0,N/A,Yes,No,No,N/A
Aluminium Valance - Fabric CoveredTop Fix2nm 12v Acmeda Motor,6,N/A,0,N/A,Yes,No,No,N/A
Aluminium Valance - Fabric CoveredTop FixAcmeda 12v 6nm Motor,6,N/A,0,N/A,Yes,No,No,N/A
Aluminium Valance - Fabric CoveredTop Fix0.7nm 12v Acmeda Motor,6,N/A,0,N/A,Yes,No,No,N/A
Aluminium Valance - Fabric CoveredTop Fix1.1nm 12v Acmeda DCRF Motor with External Battery,6,N/A,0,N/A,Yes,No,No,N/A
Aluminium Valance - Fabric CoveredTop Fix1.1nm 12v Acmeda DCRF Motor,6,N/A,0,N/A,Yes,No,No,N/A
Aluminium Valance - Fabric CoveredTop Fix2nm 12v Acmeda DCRF Motor,6,N/A,0,N/A,Yes,No,No,N/A
Aluminium Valance - Fabric CoveredTop FixSomfy Remote Sonesse Motor,6,N/A,0,N/A,Yes,No,No,N/A
Aluminium Valance - Fabric CoveredTop FixSomfy 12v Remote Sonesse Motor,0,N/A,0,N/A,No,No,Yes,N/A
Aluminium Valance - Fabric CoveredTop FixSomfy CBUS Motor,6,N/A,0,N/A,Yes,No,No,N/A
Aluminium Valance - Fabric CoveredTop FixHD Somfy Remote Sonesse Motor,6,N/A,0,N/A,Yes,No,No,N/A
Aluminium Valance - Fabric CoveredTop FixHD Somfy 12v Remote Sonesse Motor,0,N/A,0,N/A,No,No,Yes,N/A
Aluminium Valance - Fabric CoveredTop FixHD Somfy CBUS Motor,6,N/A,0,N/A,Yes,No,No,N/A
Aluminium Valance - Fabric CoveredTop FixAcmeda E6 Motor,6,N/A,0,N/A,Yes,No,No,N/A
Aluminium Valance - Fabric CoveredTop FixAcmeda M6 Motor,6,N/A,0,N/A,Yes,No,No,N/A
Aluminium Valance - Fabric CoveredTop FixUniline Remote Motor,6,N/A,0,N/A,Yes,No,No,N/A
Aluminium Valance - Fabric CoveredTop FixUniline Cbus Motor,6,N/A,0,N/A,Yes,No,No,N/A
Aluminium Valance - Fabric CoveredTop FixNice Remote Motor,6,N/A,0,N/A,Yes,No,No,N/A
Aluminium Valance - Fabric CoveredTop FixNice CBus Motor,6,N/A,0,N/A,Yes,No,No,N/A
Aluminium Valance - Fabric CoveredTop FixSunboss Chain Winder 38mm Tube,6,N/A,0,N/A,Yes,No,No,N/A
Aluminium Valance - Fabric CoveredTop FixSunboss Chain Winder 43mm Tube,6,N/A,0,N/A,Yes,No,No,N/A
Aluminium Valance - Fabric CoveredTop FixTBS Remote Motor,6,N/A,0,N/A,Yes,No,No,N/A
Aluminium Valance - Fabric CoveredTop FixTBS Cbus Motor,6,N/A,0,N/A,Yes,No,No,N/A
Aluminium Valance - Fabric CoveredTop FixAcmeda External Motor,6,N/A,0,N/A,Yes,No,No,N/A
Aluminium Valance - Fabric CoveredTop FixAcmeda External 12v Motor,0,N/A,0,N/A,No,No,Yes,N/A
Aluminium Valance - Fabric CoveredTop FixSomfy External CBUS Motor,0,N/A,0,N/A,No,No,Yes,N/A
Aluminium Valance - Fabric CoveredTop FixSomfy External Remote Motor,0,N/A,0,N/A,No,No,Yes,N/A
Aluminium Valance - Fabric CoveredTop FixSomfy External CBUS Motor,0,N/A,0,N/A,No,No,Yes,N/A
Aluminium Valance - Fabric CoveredTop FixHD Somfy External Remote Motor,0,N/A,0,N/A,No,No,Yes,N/A
Aluminium Valance - Fabric CoveredInside Window MountChain Winder,0,N/A,0,N/A,No,No,Yes,N/A
Aluminium Valance - Fabric CoveredInside Window MountHD Chain Winder,0,N/A,0,N/A,No,No,Yes,N/A
Aluminium Valance - Fabric CoveredInside Window MountChain Winder 60mm,0,N/A,0,N/A,No,No,Yes,N/A
Aluminium Valance - Fabric CoveredInside Window MountChain Winder Fixed Guide,0,N/A,0,N/A,No,No,Yes,N/A
Aluminium Valance - Fabric CoveredInside Window MountLinked,0,N/A,0,N/A,No,No,Yes,N/A
Aluminium Valance - Fabric CoveredInside Window MountLinked - HD,0,N/A,0,N/A,No,No,Yes,N/A
Aluminium Valance - Fabric CoveredInside Window MountStandard Spring,0,N/A,0,N/A,No,No,Yes,N/A
Aluminium Valance - Fabric CoveredInside Window MountSmall Spring,0,N/A,0,N/A,No,No,Yes,N/A
Aluminium Valance - Fabric CoveredInside Window MountUniline Spring (Old Style),0,N/A,0,N/A,No,No,Yes,N/A
Aluminium Valance - Fabric CoveredInside Window MountBecker Remote Motor,0,N/A,0,N/A,No,No,Yes,N/A
Aluminium Valance - Fabric CoveredInside Window MountBecker CBUS Motor,0,N/A,0,N/A,No,No,Yes,N/A
Aluminium Valance - Fabric CoveredInside Window MountBecker External Remote Motor,0,N/A,0,N/A,No,No,Yes,N/A
Aluminium Valance - Fabric CoveredInside Window MountBecker External CBUS Motor,0,N/A,0,N/A,No,No,Yes,N/A
Aluminium Valance - Fabric CoveredInside Window Mount1.1nm 12v Acmeda Motor,0,N/A,0,N/A,No,No,Yes,N/A
Aluminium Valance - Fabric CoveredInside Window Mount2nm 12v Acmeda Motor,0,N/A,0,N/A,No,No,Yes,N/A
Aluminium Valance - Fabric CoveredInside Window MountAcmeda 12v 6nm Motor,0,N/A,0,N/A,No,No,Yes,N/A
Aluminium Valance - Fabric CoveredInside Window Mount0.7nm 12v Acmeda Motor,0,N/A,0,N/A,No,No,Yes,N/A
Aluminium Valance - Fabric CoveredInside Window Mount1.1nm 12v Acmeda DCRF Motor with External Battery,0,N/A,0,N/A,No,No,Yes,N/A
Aluminium Valance - Fabric CoveredInside Window Mount1.1nm 12v Acmeda DCRF Motor,0,N/A,0,N/A,No,No,Yes,N/A
Aluminium Valance - Fabric CoveredInside Window Mount2nm 12v Acmeda DCRF Motor,0,N/A,0,N/A,No,No,Yes,N/A
Aluminium Valance - Fabric CoveredInside Window MountSomfy Remote Sonesse Motor,0,N/A,0,N/A,No,No,Yes,N/A
Aluminium Valance - Fabric CoveredInside Window MountSomfy 12v Remote Sonesse Motor,0,N/A,0,N/A,No,No,Yes,N/A
Aluminium Valance - Fabric CoveredInside Window MountSomfy CBUS Motor,0,N/A,0,N/A,No,No,Yes,N/A
Aluminium Valance - Fabric CoveredInside Window MountHD Somfy Remote Sonesse Motor,0,N/A,0,N/A,No,No,Yes,N/A
Aluminium Valance - Fabric CoveredInside Window MountHD Somfy 12v Remote Sonesse Motor,0,N/A,0,N/A,No,No,Yes,N/A
Aluminium Valance - Fabric CoveredInside Window MountHD Somfy CBUS Motor,0,N/A,0,N/A,No,No,Yes,N/A
Aluminium Valance - Fabric CoveredInside Window MountAcmeda E6 Motor,0,N/A,0,N/A,No,No,Yes,N/A
Aluminium Valance - Fabric CoveredInside Window MountAcmeda M6 Motor,0,N/A,0,N/A,No,No,Yes,N/A
Aluminium Valance - Fabric CoveredInside Window MountUniline Remote Motor,0,N/A,0,N/A,No,No,Yes,N/A
Aluminium Valance - Fabric CoveredInside Window MountUniline Cbus Motor,0,N/A,0,N/A,No,No,Yes,N/A
Aluminium Valance - Fabric CoveredInside Window MountNice Remote Motor,0,N/A,0,N/A,No,No,Yes,N/A
Aluminium Valance - Fabric CoveredInside Window MountNice CBus Motor,0,N/A,0,N/A,No,No,Yes,N/A
Aluminium Valance - Fabric CoveredInside Window MountSunboss Chain Winder 38mm Tube,0,N/A,0,N/A,No,No,Yes,N/A
Aluminium Valance - Fabric CoveredInside Window MountSunboss Chain Winder 43mm Tube,0,N/A,0,N/A,No,No,Yes,N/A
Aluminium Valance - Fabric CoveredInside Window MountTBS Remote Motor,0,N/A,0,N/A,No,No,Yes,N/A
Aluminium Valance - Fabric CoveredInside Window MountTBS Cbus Motor,0,N/A,0,N/A,No,No,Yes,N/A
Aluminium Valance - Fabric CoveredInside Window MountAcmeda External Motor,0,N/A,0,N/A,No,No,Yes,N/A
Aluminium Valance - Fabric CoveredInside Window MountAcmeda External 12v Motor,0,N/A,0,N/A,No,No,Yes,N/A
Aluminium Valance - Fabric CoveredInside Window MountSomfy External CBUS Motor,0,N/A,0,N/A,No,No,Yes,N/A
Aluminium Valance - Fabric CoveredInside Window MountSomfy External Remote Motor,0,N/A,0,N/A,No,No,Yes,N/A
Aluminium Valance - Fabric CoveredInside Window MountHD Somfy External CBUS Motor,0,N/A,0,N/A,No,No,Yes,N/A
Aluminium Valance - Fabric CoveredInside Window MountHD Somfy External Remote Motor,0,N/A,0,N/A,No,No,Yes,N/A
Aluminium Valance - Fabric CoveredOutside Window MountChain Winder,0,N/A,0,N/A,No,No,Yes,N/A
Aluminium Valance - Fabric CoveredOutside Window MountHD Chain Winder,0,N/A,0,N/A,No,No,Yes,N/A
Aluminium Valance - Fabric CoveredOutside Window MountChain Winder 60mm,0,N/A,0,N/A,No,No,Yes,N/A
Aluminium Valance - Fabric CoveredOutside Window MountChain Winder Fixed Guide,0,N/A,0,N/A,No,No,Yes,N/A
Aluminium Valance - Fabric CoveredOutside Window MountLinked,0,N/A,0,N/A,No,No,Yes,N/A
Aluminium Valance - Fabric CoveredOutside Window MountLinked - HD,0,N/A,0,N/A,No,No,Yes,N/A
Aluminium Valance - Fabric CoveredOutside Window MountStandard Spring,0,N/A,0,N/A,No,No,Yes,N/A
Aluminium Valance - Fabric CoveredOutside Window MountSmall Spring,0,N/A,0,N/A,No,No,Yes,N/A
Aluminium Valance - Fabric CoveredOutside Window MountUniline Spring (Old Style),0,N/A,0,N/A,No,No,Yes,N/A
Aluminium Valance - Fabric CoveredOutside Window MountBecker Remote Motor,0,N/A,0,N/A,No,No,Yes,N/A
Aluminium Valance - Fabric CoveredOutside Window MountBecker CBUS Motor,0,N/A,0,N/A,No,No,Yes,N/A
Aluminium Valance - Fabric CoveredOutside Window MountBecker External Remote Motor,0,N/A,0,N/A,No,No,Yes,N/A
Aluminium Valance - Fabric CoveredOutside Window MountBecker External CBUS Motor,0,N/A,0,N/A,No,No,Yes,N/A
Aluminium Valance - Fabric CoveredOutside Window Mount1.1nm 12v Acmeda Motor,0,N/A,0,N/A,No,No,Yes,N/A
Aluminium Valance - Fabric CoveredOutside Window Mount2nm 12v Acmeda Motor,0,N/A,0,N/A,No,No,Yes,N/A
Aluminium Valance - Fabric CoveredOutside Window MountAcmeda 12v 6nm Motor,0,N/A,0,N/A,No,No,Yes,N/A
Aluminium Valance - Fabric CoveredOutside Window Mount0.7nm 12v Acmeda Motor,0,N/A,0,N/A,No,No,Yes,N/A
Aluminium Valance - Fabric CoveredOutside Window Mount1.1nm 12v Acmeda DCRF Motor with External Battery,0,N/A,0,N/A,No,No,Yes,N/A
Aluminium Valance - Fabric CoveredOutside Window Mount1.1nm 12v Acmeda DCRF Motor,0,N/A,0,N/A,No,No,Yes,N/A
Aluminium Valance - Fabric CoveredOutside Window Mount2nm 12v Acmeda DCRF Motor,0,N/A,0,N/A,No,No,Yes,N/A
Aluminium Valance - Fabric CoveredOutside Window MountSomfy Remote Sonesse Motor,0,N/A,0,N/A,No,No,Yes,N/A
Aluminium Valance - Fabric CoveredOutside Window MountSomfy 12v Remote Sonesse Motor,0,N/A,0,N/A,No,No,Yes,N/A
Aluminium Valance - Fabric CoveredOutside Window MountSomfy CBUS Motor,0,N/A,0,N/A,No,No,Yes,N/A
Aluminium Valance - Fabric CoveredOutside Window MountHD Somfy Remote Sonesse Motor,0,N/A,0,N/A,No,No,Yes,N/A
Aluminium Valance - Fabric CoveredOutside Window MountHD Somfy 12v Remote Sonesse Motor,0,N/A,0,N/A,No,No,Yes,N/A
Aluminium Valance - Fabric CoveredOutside Window MountHD Somfy CBUS Motor,0,N/A,0,N/A,No,No,Yes,N/A
Aluminium Valance - Fabric CoveredOutside Window MountAcmeda E6 Motor,0,N/A,0,N/A,No,No,Yes,N/A
Aluminium Valance - Fabric CoveredOutside Window MountAcmeda M6 Motor,0,N/A,0,N/A,No,No,Yes,N/A
Aluminium Valance - Fabric CoveredOutside Window MountUniline Remote Motor,0,N/A,0,N/A,No,No,Yes,N/A
Aluminium Valance - Fabric CoveredOutside Window MountUniline Cbus Motor,0,N/A,0,N/A,No,No,Yes,N/A
Aluminium Valance - Fabric CoveredOutside Window MountNice Remote Motor,0,N/A,0,N/A,No,No,Yes,N/A
Aluminium Valance - Fabric CoveredOutside Window MountNice CBus Motor,0,N/A,0,N/A,No,No,Yes,N/A
Aluminium Valance - Fabric CoveredOutside Window MountSunboss Chain Winder 38mm Tube,0,N/A,0,N/A,No,No,Yes,N/A
Aluminium Valance - Fabric CoveredOutside Window MountSunboss Chain Winder 43mm Tube,0,N/A,0,N/A,No,No,Yes,N/A
Aluminium Valance - Fabric CoveredOutside Window MountTBS Remote Motor,0,N/A,0,N/A,No,No,Yes,N/A
Aluminium Valance - Fabric CoveredOutside Window MountTBS Cbus Motor,0,N/A,0,N/A,No,No,,N/A
Aluminium Valance - Fabric CoveredOutside Window MountAcmeda External Motor,0,N/A,0,N/A,No,No,,N/A
Aluminium Valance - Fabric CoveredOutside Window MountAcmeda External 12v Motor,0,N/A,0,N/A,No,No,Yes,N/A
Aluminium Valance - Fabric CoveredOutside Window MountSomfy External CBUS Motor,0,N/A,0,N/A,No,No,Yes,N/A
Aluminium Valance - Fabric CoveredOutside Window MountSomfy External Remote Motor,0,N/A,0,N/A,No,No,Yes,N/A
Aluminium Valance - Fabric CoveredOutside Window MountHD Somfy External CBUS Motor,0,N/A,0,N/A,No,No,Yes,N/A
Aluminium Valance - Fabric CoveredOutside Window MountHD Somfy External Remote Motor,0,N/A,0,N/A,No,No,Yes,N/A
Aluminium Valance - Fabric CoveredRevealChain Winder,0,N/A,0,N/A,No,No,Yes,N/A
Aluminium Valance - Fabric CoveredRevealHD Chain Winder,0,N/A,0,N/A,No,No,Yes,N/A
Aluminium Valance - Fabric CoveredRevealChain Winder 60mm,0,N/A,0,N/A,No,No,Yes,N/A
Aluminium Valance - Fabric CoveredRevealChain Winder Fixed Guide,0,N/A,0,N/A,No,No,Yes,N/A
Aluminium Valance - Fabric CoveredRevealLinked,0,N/A,0,N/A,No,No,Yes,N/A
Aluminium Valance - Fabric CoveredRevealLinked - HD,0,N/A,0,N/A,No,No,Yes,N/A
Aluminium Valance - Fabric CoveredRevealStandard Spring,0,N/A,0,N/A,No,No,Yes,N/A
Aluminium Valance - Fabric CoveredRevealSmall Spring,0,N/A,0,N/A,No,No,Yes,N/A
Aluminium Valance - Fabric CoveredRevealUniline Spring (Old Style),0,N/A,0,N/A,No,No,Yes,N/A
Aluminium Valance - Fabric CoveredRevealBecker Remote Motor,0,N/A,0,N/A,No,No,Yes,N/A
Aluminium Valance - Fabric CoveredRevealBecker CBUS Motor,0,N/A,0,N/A,No,No,Yes,N/A
Aluminium Valance - Fabric CoveredRevealBecker External Remote Motor,0,N/A,0,N/A,No,No,Yes,N/A
Aluminium Valance - Fabric CoveredRevealBecker External CBUS Motor,0,N/A,0,N/A,No,No,Yes,N/A
Aluminium Valance - Fabric CoveredReveal1.1nm 12v Acmeda Motor,0,N/A,0,N/A,No,No,Yes,N/A
Aluminium Valance - Fabric CoveredReveal2nm 12v Acmeda Motor,0,N/A,0,N/A,No,No,Yes,N/A
Aluminium Valance - Fabric CoveredRevealAcmeda 12v 6nm Motor,0,N/A,0,N/A,No,No,Yes,N/A
Aluminium Valance - Fabric CoveredReveal0.7nm 12v Acmeda Motor,0,N/A,0,N/A,No,No,Yes,N/A
Aluminium Valance - Fabric CoveredReveal1.1nm 12v Acmeda DCRF Motor with External Battery,0,N/A,0,N/A,No,No,Yes,N/A
Aluminium Valance - Fabric CoveredReveal1.1nm 12v Acmeda DCRF Motor,0,N/A,0,N/A,No,No,Yes,N/A
Aluminium Valance - Fabric CoveredReveal2nm 12v Acmeda DCRF Motor,0,N/A,0,N/A,No,No,Yes,N/A
Aluminium Valance - Fabric CoveredRevealSomfy Remote Sonesse Motor,0,N/A,0,N/A,No,No,Yes,N/A
Aluminium Valance - Fabric CoveredRevealSomfy 12v Remote Sonesse Motor,0,N/A,0,N/A,No,No,Yes,N/A
Aluminium Valance - Fabric CoveredRevealSomfy CBUS Motor,0,N/A,0,N/A,No,No,Yes,N/A
Aluminium Valance - Fabric CoveredRevealHD Somfy Remote Sonesse Motor,0,N/A,0,N/A,No,No,Yes,N/A
Aluminium Valance - Fabric CoveredRevealHD Somfy 12v Remote Sonesse Motor,0,N/A,0,N/A,No,No,Yes,N/A
Aluminium Valance - Fabric CoveredRevealHD Somfy CBUS Motor,0,N/A,0,N/A,No,No,Yes,N/A
Aluminium Valance - Fabric CoveredRevealAcmeda E6 Motor,0,N/A,0,N/A,No,No,Yes,N/A
Aluminium Valance - Fabric CoveredRevealAcmeda M6 Motor,0,N/A,0,N/A,No,No,Yes,N/A
Aluminium Valance - Fabric CoveredRevealUniline Remote Motor,0,N/A,0,N/A,No,No,Yes,N/A
Aluminium Valance - Fabric CoveredRevealUniline Cbus Motor,0,N/A,0,N/A,No,No,Yes,N/A
Aluminium Valance - Fabric CoveredRevealNice Remote Motor,0,N/A,0,N/A,No,No,Yes,N/A
Aluminium Valance - Fabric CoveredRevealNice CBus Motor,0,N/A,0,N/A,No,No,Yes,N/A
Aluminium Valance - Fabric CoveredRevealSunboss Chain Winder 38mm Tube,0,N/A,0,N/A,No,No,Yes,N/A
Aluminium Valance - Fabric CoveredRevealSunboss Chain Winder 43mm Tube,0,N/A,0,N/A,No,No,Yes,N/A
Aluminium Valance - Fabric CoveredRevealTBS Remote Motor,0,N/A,0,N/A,No,No,Yes,N/A
Aluminium Valance - Fabric CoveredRevealTBS Cbus Motor,0,N/A,0,N/A,No,No,Yes,N/A
Aluminium Valance - Fabric CoveredRevealAcmeda External Motor,0,N/A,0,N/A,No,No,Yes,N/A
Aluminium Valance - Fabric CoveredRevealAcmeda External 12v Motor,0,N/A,0,N/A,No,No,Yes,N/A
Aluminium Valance - Fabric CoveredRevealSomfy External CBUS Motor,0,N/A,0,N/A,No,No,Yes,N/A
Aluminium Valance - Fabric CoveredRevealSomfy External Remote Motor,0,N/A,0,N/A,No,No,Yes,N/A
Aluminium Valance - Fabric CoveredRevealHD Somfy External CBUS Motor,0,N/A,0,N/A,No,No,Yes,N/A
Aluminium Valance - Fabric CoveredRevealHD Somfy External Remote Motor,0,N/A,0,N/A,No,No,Yes,N/A
Mounting RailFaceChain Winder,0,N/A,N/A,N/A,N/A,N/A,Yes,N/A
NoneFaceChain Winder,0,N/A,N/A,N/A,N/A,No,N/A,N/A
NoneFaceHD Chain Winder,0,N/A,N/A,N/A,N/A,No,N/A,N/A
NoneFaceChain Winder 60mm,0,N/A,N/A,N/A,N/A,No,N/A,N/A
NoneFaceChain Winder Fixed Guide,0,N/A,N/A,N/A,N/A,No,N/A,N/A
NoneFaceLinked,0,N/A,N/A,N/A,N/A,No,N/A,N/A
NoneFaceLinked - HD,0,N/A,N/A,N/A,N/A,No,N/A,N/A
NoneFaceLinked 60mm,0,N/A,N/A,N/A,N/A,No,N/A,N/A
NoneFaceStandard Spring,0,N/A,N/A,N/A,N/A,No,N/A,N/A
NoneFaceSmall Spring,0,N/A,N/A,N/A,N/A,No,N/A,N/A
NoneFaceUniline Spring (Old Style),0,N/A,N/A,N/A,N/A,No,N/A,N/A
NoneFaceBecker Remote Motor,0,N/A,N/A,N/A,N/A,No,N/A,N/A
NoneFaceBecker CBUS Motor,0,N/A,N/A,N/A,N/A,No,N/A,N/A
NoneFaceBecker External Remote Motor,0,N/A,N/A,N/A,N/A,No,N/A,N/A
NoneFaceBecker External CBUS Motor,0,N/A,N/A,N/A,N/A,No,N/A,N/A
NoneFace1.1nm 12v Acmeda Motor,0,N/A,N/A,N/A,N/A,No,N/A,N/A
NoneFace2nm 12v Acmeda Motor,0,N/A,N/A,N/A,N/A,No,N/A,N/A
NoneFaceAcmeda 12v 6nm Motor,0,N/A,N/A,N/A,N/A,No,N/A,N/A
NoneFace0.7nm 12v Acmeda Motor,0,N/A,N/A,N/A,N/A,No,N/A,N/A
NoneFace1.1nm 12v Acmeda DCRF Motor with External Battery,0,N/A,N/A,N/A,N/A,No,N/A,N/A
NoneFace1.1nm 12v Acmeda DCRF Motor,0,N/A,N/A,N/A,N/A,No,N/A,N/A
NoneFace2nm 12v Acmeda DCRF Motor,0,N/A,N/A,N/A,N/A,No,N/A,N/A
NoneFaceSomfy Remote Sonesse Motor,0,N/A,N/A,N/A,N/A,No,N/A,N/A
NoneFaceSomfy 12v Remote Sonesse Motor,0,N/A,N/A,N/A,N/A,No,N/A,N/A
NoneFaceSomfy CBUS Motor,0,N/A,N/A,N/A,N/A,No,N/A,N/A
NoneFaceHD Somfy Remote Sonesse Motor,0,N/A,N/A,N/A,N/A,No,N/A,N/A
NoneFaceHD Somfy 12v Remote Sonesse Motor,0,N/A,N/A,N/A,N/A,No,N/A,N/A
NoneFaceHD Somfy CBUS Motor,0,N/A,N/A,N/A,N/A,No,N/A,N/A
NoneFaceAcmeda E6 Motor,0,N/A,N/A,N/A,N/A,No,N/A,N/A
NoneFaceAcmeda M6 Motor,0,N/A,N/A,N/A,N/A,No,N/A,N/A
NoneFaceUniline Remote Motor,0,N/A,N/A,N/A,N/A,No,N/A,N/A
NoneFaceUniline Cbus Motor,0,N/A,N/A,N/A,N/A,No,N/A,N/A
NoneFaceNice Remote Motor,0,N/A,N/A,N/A,N/A,No,N/A,N/A
NoneFaceNice CBus Motor,0,N/A,N/A,N/A,N/A,No,N/A,N/A
NoneFaceSunboss Chain Winder 38mm Tube,0,N/A,N/A,N/A,N/A,No,N/A,N/A
NoneFaceSunboss Chain Winder 43mm Tube,0,N/A,N/A,N/A,N/A,No,N/A,N/A
NoneFaceTBS Remote Motor,0,N/A,N/A,N/A,N/A,No,N/A,N/A
NoneFaceTBS Cbus Motor,0,N/A,N/A,N/A,N/A,No,N/A,N/A
NoneFaceAcmeda External Motor,0,N/A,N/A,N/A,N/A,No,N/A,N/A
NoneFaceAcmeda External 12v Motor,0,N/A,N/A,N/A,N/A,No,N/A,N/A
NoneFaceSomfy External CBUS Motor,0,N/A,N/A,N/A,N/A,No,N/A,N/A
NoneFaceSomfy External Remote Motor,0,N/A,N/A,N/A,N/A,No,N/A,N/A
NoneFaceHD Somfy External CBUS Motor,0,N/A,N/A,N/A,N/A,No,N/A,N/A
NoneFaceHD Somfy External Remote Motor,0,N/A,N/A,N/A,N/A,No,N/A,N/A
NoneTop FixChain Winder,0,N/A,N/A,N/A,N/A,No,N/A,N/A
NoneTop FixHD Chain Winder,0,N/A,N/A,N/A,N/A,No,N/A,N/A
NoneTop FixChain Winder 60mm,0,N/A,N/A,N/A,N/A,No,N/A,N/A
NoneTop FixChain Winder Fixed Guide,0,N/A,N/A,N/A,N/A,No,N/A,N/A
NoneTop FixLinked,0,N/A,N/A,N/A,N/A,No,N/A,N/A
NoneTop FixLinked - HD,0,N/A,N/A,N/A,N/A,No,N/A,N/A
NoneTop FixLinked 60mm,0,N/A,N/A,N/A,N/A,No,N/A,N/A
NoneTop FixStandard Spring,0,N/A,N/A,N/A,N/A,No,N/A,N/A
NoneTop FixSmall Spring,0,N/A,N/A,N/A,N/A,No,N/A,N/A
NoneTop FixUniline Spring (Old Style),0,N/A,N/A,N/A,N/A,No,N/A,N/A
NoneTop FixBecker Remote Motor,0,N/A,N/A,N/A,N/A,No,N/A,N/A
NoneTop FixBecker CBUS Motor,0,N/A,N/A,N/A,N/A,No,N/A,N/A
NoneTop FixBecker External Remote Motor,0,N/A,N/A,N/A,N/A,No,N/A,N/A
NoneTop FixBecker External CBUS Motor,0,N/A,N/A,N/A,N/A,No,N/A,N/A
NoneTop Fix1.1nm 12v Acmeda Motor,0,N/A,N/A,N/A,N/A,No,N/A,N/A
NoneTop Fix2nm 12v Acmeda Motor,0,N/A,N/A,N/A,N/A,No,N/A,N/A
NoneTop FixAcmeda 12v 6nm Motor,0,N/A,N/A,N/A,N/A,No,N/A,N/A
NoneTop Fix0.7nm 12v Acmeda Motor,0,N/A,N/A,N/A,N/A,No,N/A,N/A
NoneTop Fix1.1nm 12v Acmeda DCRF Motor with External Battery,0,N/A,N/A,N/A,N/A,No,N/A,N/A
NoneTop Fix1.1nm 12v Acmeda DCRF Motor,0,N/A,N/A,N/A,N/A,No,N/A,N/A
NoneTop Fix2nm 12v Acmeda DCRF Motor,0,N/A,N/A,N/A,N/A,No,N/A,N/A
NoneTop FixSomfy Remote Sonesse Motor,0,N/A,N/A,N/A,N/A,No,N/A,N/A
NoneTop FixSomfy 12v Remote Sonesse Motor,0,N/A,N/A,N/A,N/A,No,N/A,N/A
NoneTop FixSomfy CBUS Motor,0,N/A,N/A,N/A,N/A,No,N/A,N/A
NoneTop FixHD Somfy Remote Sonesse Motor,0,N/A,N/A,N/A,N/A,No,N/A,N/A
NoneTop FixHD Somfy 12v Remote Sonesse Motor,0,N/A,N/A,N/A,N/A,No,N/A,N/A
NoneTop FixHD Somfy CBUS Motor,0,N/A,N/A,N/A,N/A,No,N/A,N/A
NoneTop FixAcmeda E6 Motor,0,N/A,N/A,N/A,N/A,No,N/A,N/A
NoneTop FixAcmeda M6 Motor,0,N/A,N/A,N/A,N/A,No,N/A,N/A
NoneTop FixUniline Remote Motor,0,N/A,N/A,N/A,N/A,No,N/A,N/A
NoneTop FixUniline Cbus Motor,0,N/A,N/A,N/A,N/A,No,N/A,N/A
NoneTop FixNice Remote Motor,0,N/A,N/A,N/A,N/A,No,N/A,N/A
NoneTop FixNice CBus Motor,0,N/A,N/A,N/A,N/A,No,N/A,N/A
NoneTop FixSunboss Chain Winder 38mm Tube,0,N/A,N/A,N/A,N/A,No,N/A,N/A
NoneTop FixSunboss Chain Winder 43mm Tube,0,N/A,N/A,N/A,N/A,No,N/A,N/A
NoneTop FixTBS Remote Motor,0,N/A,N/A,N/A,N/A,No,N/A,N/A
NoneTop FixTBS Cbus Motor,0,N/A,N/A,N/A,N/A,No,N/A,N/A
NoneTop FixAcmeda External Motor,0,N/A,N/A,N/A,N/A,No,N/A,N/A
NoneTop FixAcmeda External 12v Motor,0,N/A,N/A,N/A,N/A,No,N/A,N/A
NoneTop FixSomfy External CBUS Motor,0,N/A,N/A,N/A,N/A,No,N/A,N/A
NoneTop FixSomfy External Remote Motor,0,N/A,N/A,N/A,N/A,No,N/A,N/A
NoneTop FixHD Somfy External CBUS Motor,0,N/A,N/A,N/A,N/A,No,N/A,N/A
NoneTop FixHD Somfy External Remote Motor,0,N/A,N/A,N/A,N/A,No,N/A,N/A
NoneInside Window MountChain Winder,0,N/A,N/A,N/A,N/A,No,N/A,N/A
NoneInside Window MountChain Winder,0,N/A,N/A,N/A,N/A,No,N/A,N/A
NoneInside Window MountHD Chain Winder,0,N/A,N/A,N/A,N/A,No,N/A,N/A
NoneInside Window MountHD Chain Winder,0,N/A,N/A,N/A,N/A,No,N/A,N/A
NoneInside Window MountChain Winder 60mm,0,N/A,N/A,N/A,N/A,No,N/A,N/A
NoneInside Window MountChain Winder Fixed Guide,0,N/A,N/A,N/A,N/A,No,N/A,N/A
NoneInside Window MountLinked,0,N/A,N/A,N/A,N/A,No,N/A,N/A
NoneInside Window MountLinked - HD,0,N/A,N/A,N/A,N/A,No,N/A,N/A
NoneInside Window MountLinked 60mm,0,N/A,N/A,N/A,N/A,No,N/A,N/A
NoneInside Window MountStandard Spring,0,N/A,N/A,N/A,N/A,No,N/A,N/A
NoneInside Window MountSmall Spring,0,N/A,N/A,N/A,N/A,No,N/A,N/A
NoneInside Window MountUniline Spring (Old Style),0,N/A,N/A,N/A,N/A,No,N/A,N/A
NoneInside Window MountBecker Remote Motor,0,N/A,N/A,N/A,N/A,No,N/A,N/A
NoneInside Window MountBecker CBUS Motor,0,N/A,N/A,N/A,N/A,No,N/A,N/A
NoneInside Window MountBecker External Remote Motor,0,N/A,N/A,N/A,N/A,No,N/A,N/A
NoneInside Window MountBecker External CBUS Motor,0,N/A,N/A,N/A,N/A,No,N/A,N/A
NoneInside Window Mount1.1nm 12v Acmeda Motor,0,N/A,N/A,N/A,N/A,No,N/A,N/A
NoneInside Window Mount2nm 12v Acmeda Motor,0,N/A,N/A,N/A,N/A,No,N/A,N/A
NoneInside Window MountAcmeda 12v 6nm Motor,0,N/A,N/A,N/A,N/A,No,N/A,N/A
NoneInside Window Mount0.7nm 12v Acmeda Motor,0,N/A,N/A,N/A,N/A,No,N/A,N/A
NoneInside Window Mount1.1nm 12v Acmeda DCRF Motor with External Battery,0,N/A,N/A,N/A,N/A,No,N/A,N/A
NoneInside Window Mount1.1nm 12v Acmeda DCRF Motor,0,N/A,N/A,N/A,N/A,No,N/A,N/A
NoneInside Window Mount2nm 12v Acmeda DCRF Motor,0,N/A,N/A,N/A,N/A,No,N/A,N/A
NoneInside Window MountSomfy Remote Sonesse Motor,0,N/A,N/A,N/A,N/A,No,N/A,N/A
NoneInside Window MountSomfy 12v Remote Sonesse Motor,0,N/A,N/A,N/A,N/A,No,N/A,N/A
NoneInside Window MountSomfy CBUS Motor,0,N/A,N/A,N/A,N/A,No,N/A,N/A
NoneInside Window MountHD Somfy Remote Sonesse Motor,0,N/A,N/A,N/A,N/A,No,N/A,N/A
NoneInside Window MountHD Somfy 12v Remote Sonesse Motor,0,N/A,N/A,N/A,N/A,No,N/A,N/A
NoneInside Window MountHD Somfy CBUS Motor,0,N/A,N/A,N/A,N/A,No,N/A,N/A
NoneInside Window MountAcmeda E6 Motor,0,N/A,N/A,N/A,N/A,No,N/A,N/A
NoneInside Window MountAcmeda M6 Motor,0,N/A,N/A,N/A,N/A,No,N/A,N/A
NoneInside Window MountUniline Remote Motor,0,N/A,N/A,N/A,N/A,No,N/A,N/A
NoneInside Window MountUniline Cbus Motor,0,N/A,N/A,N/A,N/A,No,N/A,N/A
NoneInside Window MountNice Remote Motor,0,N/A,N/A,N/A,N/A,No,N/A,N/A
NoneInside Window MountNice CBus Motor,0,N/A,N/A,N/A,N/A,No,N/A,N/A
NoneInside Window MountSunboss Chain Winder 38mm Tube,0,N/A,N/A,N/A,N/A,No,N/A,N/A
NoneInside Window MountSunboss Chain Winder 43mm Tube,0,N/A,N/A,N/A,N/A,No,N/A,N/A
NoneInside Window MountTBS Remote Motor,0,N/A,N/A,N/A,N/A,No,N/A,N/A
NoneInside Window MountTBS Cbus Motor,0,N/A,N/A,N/A,N/A,No,N/A,N/A
NoneInside Window MountAcmeda External Motor,0,N/A,N/A,N/A,N/A,No,N/A,N/A
NoneInside Window MountAcmeda External 12v Motor,0,N/A,N/A,N/A,N/A,No,N/A,N/A
NoneInside Window MountSomfy External CBUS Motor,0,N/A,N/A,N/A,N/A,No,N/A,N/A
NoneInside Window MountSomfy External Remote Motor,0,N/A,N/A,N/A,N/A,No,N/A,N/A
NoneInside Window MountHD Somfy External CBUS Motor,0,N/A,N/A,N/A,N/A,No,N/A,N/A
NoneInside Window MountHD Somfy External Remote Motor,0,N/A,N/A,N/A,N/A,No,N/A,N/A
NoneOutside Window MountChain Winder,0,N/A,N/A,N/A,N/A,No,N/A,N/A
NoneOutside Window MountHD Chain Winder,0,N/A,N/A,N/A,N/A,No,N/A,N/A
NoneOutside Window MountChain Winder 60mm,0,N/A,N/A,N/A,N/A,No,N/A,N/A
NoneOutside Window MountChain Winder Fixed Guide,0,N/A,N/A,N/A,N/A,No,N/A,N/A
NoneOutside Window MountLinked,0,N/A,N/A,N/A,N/A,No,N/A,N/A
NoneOutside Window MountLinked - HD,0,N/A,N/A,N/A,N/A,No,N/A,N/A
NoneOutside Window MountLinked 60mm,0,N/A,N/A,N/A,N/A,No,N/A,N/A
NoneOutside Window MountStandard Spring,0,N/A,N/A,N/A,N/A,No,N/A,N/A
NoneOutside Window MountSmall Spring,0,N/A,N/A,N/A,N/A,No,N/A,N/A
NoneOutside Window MountUniline Spring (Old Style),0,N/A,N/A,N/A,N/A,No,N/A,N/A
NoneOutside Window MountBecker Remote Motor,0,N/A,N/A,N/A,N/A,No,N/A,N/A
NoneOutside Window MountBecker CBUS Motor,0,N/A,N/A,N/A,N/A,No,N/A,N/A
NoneOutside Window MountBecker External Remote Motor,0,N/A,N/A,N/A,N/A,No,N/A,N/A
NoneOutside Window MountBecker External CBUS Motor,0,N/A,N/A,N/A,N/A,No,N/A,N/A
NoneOutside Window Mount1.1nm 12v Acmeda Motor,0,N/A,N/A,N/A,N/A,No,N/A,N/A
NoneOutside Window Mount2nm 12v Acmeda Motor,0,N/A,N/A,N/A,N/A,No,N/A,N/A
NoneOutside Window MountAcmeda 12v 6nm Motor,0,N/A,N/A,N/A,N/A,No,N/A,N/A
NoneOutside Window Mount0.7nm 12v Acmeda Motor,0,N/A,N/A,N/A,N/A,No,N/A,N/A
NoneOutside Window Mount1.1nm 12v Acmeda DCRF Motor with External Battery,0,N/A,N/A,N/A,N/A,No,N/A,N/A
NoneOutside Window Mount1.1nm 12v Acmeda DCRF Motor,0,N/A,N/A,N/A,N/A,No,N/A,N/A
NoneOutside Window Mount2nm 12v Acmeda DCRF Motor,0,N/A,N/A,N/A,N/A,No,N/A,N/A
NoneOutside Window MountSomfy Remote Sonesse Motor,0,N/A,N/A,N/A,N/A,No,N/A,N/A
NoneOutside Window MountSomfy 12v Remote Sonesse Motor,0,N/A,N/A,N/A,N/A,No,N/A,N/A
NoneOutside Window MountSomfy CBUS Motor,0,N/A,N/A,N/A,N/A,No,N/A,N/A
NoneOutside Window MountHD Somfy Remote Sonesse Motor,0,N/A,N/A,N/A,N/A,No,N/A,N/A
NoneOutside Window MountHD Somfy 12v Remote Sonesse Motor,0,N/A,N/A,N/A,N/A,No,N/A,N/A
NoneOutside Window MountHD Somfy CBUS Motor,0,N/A,N/A,N/A,N/A,No,N/A,N/A
NoneOutside Window MountAcmeda E6 Motor,0,N/A,N/A,N/A,N/A,No,N/A,N/A
NoneOutside Window MountAcmeda M6 Motor,0,N/A,N/A,N/A,N/A,No,N/A,N/A
NoneOutside Window MountUniline Remote Motor,0,N/A,N/A,N/A,N/A,No,N/A,N/A
NoneOutside Window MountUniline Cbus Motor,0,N/A,N/A,N/A,N/A,No,N/A,N/A
NoneOutside Window MountNice Remote Motor,0,N/A,N/A,N/A,N/A,No,N/A,N/A
NoneOutside Window MountNice CBus Motor,0,N/A,N/A,N/A,N/A,No,N/A,N/A
NoneOutside Window MountSunboss Chain Winder 38mm Tube,0,N/A,N/A,N/A,N/A,No,N/A,N/A
NoneOutside Window MountSunboss Chain Winder 43mm Tube,0,N/A,N/A,N/A,N/A,No,N/A,N/A
NoneOutside Window MountTBS Remote Motor,0,N/A,N/A,N/A,N/A,No,N/A,N/A
NoneOutside Window MountTBS Cbus Motor,0,N/A,N/A,N/A,N/A,No,,N/A
NoneOutside Window MountAcmeda External Motor,0,N/A,N/A,N/A,N/A,No,,N/A
NoneOutside Window MountAcmeda External 12v Motor,0,N/A,N/A,N/A,N/A,No,N/A,N/A
NoneOutside Window MountSomfy External CBUS Motor,0,N/A,N/A,N/A,N/A,No,N/A,N/A
NoneOutside Window MountSomfy External Remote Motor,0,N/A,N/A,N/A,N/A,No,N/A,N/A
NoneOutside Window MountHD Somfy External CBUS Motor,0,N/A,N/A,N/A,N/A,No,N/A,N/A
NoneOutside Window MountHD Somfy External Remote Motor,0,N/A,N/A,N/A,N/A,No,N/A,N/A
NoneRevealChain Winder,0,N/A,N/A,N/A,N/A,No,N/A,N/A
NoneRevealHD Chain Winder,0,N/A,N/A,N/A,N/A,No,N/A,N/A
NoneRevealChain Winder 60mm,0,N/A,N/A,N/A,N/A,No,N/A,N/A
NoneRevealChain Winder Fixed Guide,0,N/A,N/A,N/A,N/A,No,N/A,N/A
NoneRevealLinked,0,N/A,N/A,N/A,N/A,No,N/A,N/A
NoneRevealLinked - HD,0,N/A,N/A,N/A,N/A,No,N/A,N/A
NoneRevealLinked 60mm,0,N/A,N/A,N/A,N/A,No,N/A,N/A
NoneRevealStandard Spring,0,N/A,N/A,N/A,N/A,No,N/A,N/A
NoneRevealSmall Spring,0,N/A,N/A,N/A,N/A,No,N/A,N/A
NoneRevealUniline Spring (Old Style),0,N/A,N/A,N/A,N/A,No,N/A,N/A
NoneRevealBecker Remote Motor,0,N/A,N/A,N/A,N/A,No,N/A,N/A
NoneRevealBecker CBUS Motor,0,N/A,N/A,N/A,N/A,No,N/A,N/A
NoneRevealBecker External Remote Motor,0,N/A,N/A,N/A,N/A,No,N/A,N/A
NoneRevealBecker External CBUS Motor,0,N/A,N/A,N/A,N/A,No,N/A,N/A
NoneReveal1.1nm 12v Acmeda Motor,0,N/A,N/A,N/A,N/A,No,N/A,N/A
NoneReveal2nm 12v Acmeda Motor,0,N/A,N/A,N/A,N/A,No,N/A,N/A
NoneRevealAcmeda 12v 6nm Motor,0,N/A,N/A,N/A,N/A,No,N/A,N/A
NoneReveal0.7nm 12v Acmeda Motor,0,N/A,N/A,N/A,N/A,No,N/A,N/A
NoneReveal1.1nm 12v Acmeda DCRF Motor with External Battery,0,N/A,N/A,N/A,N/A,No,N/A,N/A
NoneReveal1.1nm 12v Acmeda DCRF Motor,0,N/A,N/A,N/A,N/A,No,N/A,N/A
NoneReveal2nm 12v Acmeda DCRF Motor,0,N/A,N/A,N/A,N/A,No,N/A,N/A
NoneRevealSomfy Remote Sonesse Motor,0,N/A,N/A,N/A,N/A,No,N/A,N/A
NoneRevealSomfy 12v Remote Sonesse Motor,0,N/A,N/A,N/A,N/A,No,N/A,N/A
NoneRevealSomfy CBUS Motor,0,N/A,N/A,N/A,N/A,No,N/A,N/A
NoneRevealHD Somfy Remote Sonesse Motor,0,N/A,N/A,N/A,N/A,No,N/A,N/A
NoneRevealHD Somfy 12v Remote Sonesse Motor,0,N/A,N/A,N/A,N/A,No,N/A,N/A
NoneRevealHD Somfy CBUS Motor,0,N/A,N/A,N/A,N/A,No,N/A,N/A
NoneRevealAcmeda E6 Motor,0,N/A,N/A,N/A,N/A,No,N/A,N/A
NoneRevealAcmeda M6 Motor,0,N/A,N/A,N/A,N/A,No,N/A,N/A
NoneRevealUniline Remote Motor,0,N/A,N/A,N/A,N/A,No,N/A,N/A
NoneRevealUniline Cbus Motor,0,N/A,N/A,N/A,N/A,No,N/A,N/A
NoneRevealNice Remote Motor,0,N/A,N/A,N/A,N/A,No,N/A,N/A
NoneRevealNice CBus Motor,0,N/A,N/A,N/A,N/A,No,N/A,N/A
NoneRevealSunboss Chain Winder 38mm Tube,0,N/A,N/A,N/A,N/A,No,N/A,N/A
NoneRevealSunboss Chain Winder 43mm Tube,0,N/A,N/A,N/A,N/A,No,N/A,N/A
NoneRevealTBS Remote Motor,0,N/A,N/A,N/A,N/A,No,N/A,N/A
NoneRevealTBS Cbus Motor,0,N/A,N/A,N/A,N/A,No,N/A,N/A
NoneRevealAcmeda External Motor,0,N/A,N/A,N/A,N/A,No,N/A,N/A
NoneRevealAcmeda External 12v Motor,0,N/A,N/A,N/A,N/A,No,N/A,N/A
NoneRevealSomfy External CBUS Motor,0,N/A,N/A,N/A,N/A,No,N/A,N/A
NoneRevealSomfy External Remote Motor,0,N/A,N/A,N/A,N/A,No,N/A,N/A
NoneRevealHD Somfy External CBUS Motor,0,N/A,N/A,N/A,N/A,No,N/A,N/A
NoneRevealHD Somfy External Remote Motor,0,N/A,N/A,N/A,N/A,No,N/A,N/A
Round CassetteFaceChain Winder,10,14,29,N/A,No,No,No,Yes
Round CassetteFaceHD Chain Winder,10,14,29,N/A,No,No,No,Yes
Round CassetteFaceChain Winder 60mm,10,14,29,N/A,No,No,No,Yes
Round CassetteFaceChain Winder Fixed Guide,10,14,29,N/A,No,No,No,Yes
Round CassetteFaceLinked,10,14,14,N/A,No,No,No,Yes
Round CassetteFaceLinked - HD,10,14,14,N/A,No,No,No,Yes
Round CassetteFaceStandard Spring,10,14,14,N/A,No,No,No,Yes
Round CassetteFaceSmall Spring,10,14,14,N/A,No,No,No,Yes
Round CassetteFaceUniline Spring (Old Style),10,14,14,N/A,No,No,No,Yes
Round CassetteFaceBecker Remote Motor,10,14,14,N/A,No,No,No,Yes
Round CassetteFaceBecker CBUS Motor,10,14,14,N/A,No,No,No,Yes
Round CassetteFaceBecker External Remote Motor,10,14,14,N/A,No,No,No,Yes
Round CassetteFaceBecker External CBUS Motor,10,14,14,N/A,No,No,No,Yes
Round CassetteFace1.1nm 12v Acmeda Motor,10,14,14,N/A,No,No,No,Yes
Round CassetteFace2nm 12v Acmeda Motor,10,14,14,N/A,No,No,No,Yes
Round CassetteFaceAcmeda 12v 6nm Motor,10,14,14,N/A,No,No,No,Yes
Round CassetteFace0.7nm 12v Acmeda Motor,10,14,14,N/A,No,No,No,Yes
Round CassetteFace1.1nm 12v Acmeda DCRF Motor with External Battery,10,14,14,N/A,No,No,No,Yes
Round CassetteFace1.1nm 12v Acmeda DCRF Motor,10,14,14,N/A,No,No,No,Yes
Round CassetteFace2nm 12v Acmeda DCRF Motor,10,14,14,N/A,No,No,No,Yes
Round CassetteFaceSomfy Remote Sonesse Motor,10,14,14,N/A,No,No,No,Yes
Round CassetteFaceSomfy 12v Remote Sonesse Motor,10,14,14,N/A,No,No,No,Yes
Round CassetteFaceSomfy CBUS Motor,10,14,14,N/A,No,No,No,Yes
Round CassetteFaceHD Somfy Remote Sonesse Motor,10,14,14,N/A,No,No,No,Yes
Round CassetteFaceHD Somfy 12v Remote Sonesse Motor,10,14,14,N/A,No,No,No,Yes
Round CassetteFaceHD Somfy CBUS Motor,10,14,14,N/A,No,No,No,Yes
Round CassetteFaceAcmeda E6 Motor,10,14,14,N/A,No,No,No,Yes
Round CassetteFaceAcmeda M6 Motor,10,14,14,N/A,No,No,No,Yes
Round CassetteFaceUniline Remote Motor,10,14,14,N/A,No,No,No,Yes
Round CassetteFaceUniline Cbus Motor,10,14,14,N/A,No,No,No,Yes
Round CassetteFaceNice Remote Motor,10,14,14,N/A,No,No,No,Yes
Round CassetteFaceNice CBus Motor,10,14,14,N/A,No,No,No,Yes
Round CassetteFaceSunboss Chain Winder 38mm Tube,10,14,14,N/A,No,No,No,Yes
Round CassetteFaceSunboss Chain Winder 43mm Tube,10,14,14,N/A,No,No,No,Yes
Round CassetteFaceTBS Remote Motor,10,14,14,N/A,No,No,No,Yes
Round CassetteFaceTBS Cbus Motor,10,14,14,N/A,No,No,No,Yes
Round CassetteFaceAcmeda External Motor,10,14,14,N/A,No,No,No,Yes
Round CassetteFaceAcmeda External 12v Motor,10,14,14,N/A,No,No,No,Yes
Round CassetteFaceSomfy External CBUS Motor,10,14,14,N/A,No,No,No,Yes
Round CassetteFaceSomfy External Remote Motor,10,14,14,N/A,No,No,No,Yes
Round CassetteFaceHD Somfy External CBUS Motor,10,14,14,N/A,No,No,No,Yes
Round CassetteFaceHD Somfy External Remote Motor,10,14,14,N/A,No,No,No,Yes
Round CassetteTop FixChain Winder,10,14,29,N/A,No,No,No,Yes
Round CassetteTop FixHD Chain Winder,10,14,29,N/A,No,No,No,Yes
Round CassetteTop FixChain Winder 60mm,10,14,29,N/A,No,No,No,Yes
Round CassetteTop FixChain Winder Fixed Guide,10,14,29,N/A,No,No,No,Yes
Round CassetteTop FixLinked,10,14,14,N/A,No,No,No,Yes
Round CassetteTop FixLinked - HD,10,14,14,N/A,No,No,No,Yes
Round CassetteTop FixStandard Spring,10,14,14,N/A,No,No,No,Yes
Round CassetteTop FixSmall Spring,10,14,14,N/A,No,No,No,Yes
Round CassetteTop FixUniline Spring (Old Style),10,14,14,N/A,No,No,No,Yes
Round CassetteTop FixBecker Remote Motor,10,14,14,N/A,No,No,No,Yes
Round CassetteTop FixBecker CBUS Motor,10,14,14,N/A,No,No,No,Yes
Round CassetteTop FixBecker External Remote Motor,10,14,14,N/A,No,No,No,Yes
Round CassetteTop FixBecker External CBUS Motor,10,14,14,N/A,No,No,No,Yes
Round CassetteTop Fix1.1nm 12v Acmeda Motor,10,14,14,N/A,No,No,No,Yes
Round CassetteTop Fix2nm 12v Acmeda Motor,10,14,14,N/A,No,No,No,Yes
Round CassetteTop FixAcmeda 12v 6nm Motor,10,14,14,N/A,No,No,No,Yes
Round CassetteTop Fix0.7nm 12v Acmeda Motor,10,14,14,N/A,No,No,No,Yes
Round CassetteTop Fix1.1nm 12v Acmeda DCRF Motor with External Battery,10,14,14,N/A,No,No,No,Yes
Round CassetteTop Fix1.1nm 12v Acmeda DCRF Motor,10,14,14,N/A,No,No,No,Yes
Round CassetteTop Fix2nm 12v Acmeda DCRF Motor,10,14,14,N/A,No,No,No,Yes
Round CassetteTop FixSomfy Remote Sonesse Motor,10,14,14,N/A,No,No,No,Yes
Round CassetteTop FixSomfy 12v Remote Sonesse Motor,10,14,14,N/A,No,No,No,Yes
Round CassetteTop FixSomfy CBUS Motor,10,14,14,N/A,No,No,No,Yes
Round CassetteTop FixHD Somfy Remote Sonesse Motor,10,14,14,N/A,No,No,No,Yes
Round CassetteTop FixHD Somfy 12v Remote Sonesse Motor,10,14,14,N/A,No,No,No,Yes
Round CassetteTop FixHD Somfy CBUS Motor,10,14,14,N/A,No,No,No,Yes
Round CassetteTop FixAcmeda E6 Motor,10,14,14,N/A,No,No,No,Yes
Round CassetteTop FixAcmeda M6 Motor,10,14,14,N/A,No,No,No,Yes
Round CassetteTop FixUniline Remote Motor,10,14,14,N/A,No,No,No,Yes
Round CassetteTop FixUniline Cbus Motor,10,14,14,N/A,No,No,No,Yes
Round CassetteTop FixNice Remote Motor,10,14,14,N/A,No,No,No,Yes
Round CassetteTop FixNice CBus Motor,10,14,14,N/A,No,No,No,Yes
Round CassetteTop FixSunboss Chain Winder 38mm Tube,10,14,14,N/A,No,No,No,Yes
Round CassetteTop FixSunboss Chain Winder 43mm Tube,10,14,14,N/A,No,No,No,Yes
Round CassetteTop FixTBS Remote Motor,10,14,14,N/A,No,No,No,Yes
Round CassetteTop FixTBS Cbus Motor,10,14,14,N/A,No,No,No,Yes
Round CassetteTop FixAcmeda External Motor,10,14,14,N/A,No,No,No,Yes
Round CassetteTop FixAcmeda External 12v Motor,10,14,14,N/A,No,No,No,Yes
Round CassetteTop FixSomfy External CBUS Motor,10,14,14,N/A,No,No,No,Yes
Round CassetteTop FixSomfy External Remote Motor,10,14,14,N/A,No,No,No,Yes
Round CassetteTop FixSomfy External CBUS Motor,10,14,14,N/A,No,No,No,Yes
Round CassetteTop FixHD Somfy External Remote Motor,10,14,14,N/A,No,No,No,Yes
Round CassetteInside Window MountChain Winder,10,14,29,N/A,No,No,No,Yes
Round CassetteInside Window MountHD Chain Winder,10,14,29,N/A,No,No,No,Yes
Round CassetteInside Window MountChain Winder 60mm,10,14,29,N/A,No,No,No,Yes
Round CassetteInside Window MountChain Winder Fixed Guide,10,14,29,N/A,No,No,No,Yes
Round CassetteInside Window MountLinked,10,14,14,N/A,No,No,No,Yes
Round CassetteInside Window MountLinked - HD,10,14,14,N/A,No,No,No,Yes
Round CassetteInside Window MountStandard Spring,10,14,14,N/A,No,No,No,Yes
Round CassetteInside Window MountSmall Spring,10,14,14,N/A,No,No,No,Yes
Round CassetteInside Window MountUniline Spring (Old Style),10,14,14,N/A,No,No,No,Yes
Round CassetteInside Window MountBecker Remote Motor,10,14,14,N/A,No,No,No,Yes
Round CassetteInside Window MountBecker CBUS Motor,10,14,14,N/A,No,No,No,Yes
Round CassetteInside Window MountBecker External Remote Motor,10,14,14,N/A,No,No,No,Yes
Round CassetteInside Window MountBecker External CBUS Motor,10,14,14,N/A,No,No,No,Yes
Round CassetteInside Window Mount1.1nm 12v Acmeda Motor,10,14,14,N/A,No,No,No,Yes
Round CassetteInside Window Mount2nm 12v Acmeda Motor,10,14,14,N/A,No,No,No,Yes
Round CassetteInside Window MountAcmeda 12v 6nm Motor,10,14,14,N/A,No,No,No,Yes
Round CassetteInside Window Mount0.7nm 12v Acmeda Motor,10,14,14,N/A,No,No,No,Yes
Round CassetteInside Window Mount1.1nm 12v Acmeda DCRF Motor with External Battery,10,14,14,N/A,No,No,No,Yes
Round CassetteInside Window Mount1.1nm 12v Acmeda DCRF Motor,10,14,14,N/A,No,No,No,Yes
Round CassetteInside Window Mount2nm 12v Acmeda DCRF Motor,10,14,14,N/A,No,No,No,Yes
Round CassetteInside Window MountSomfy Remote Sonesse Motor,10,14,14,N/A,No,No,No,Yes
Round CassetteInside Window MountSomfy 12v Remote Sonesse Motor,10,14,14,N/A,No,No,No,Yes
Round CassetteInside Window MountSomfy CBUS Motor,10,14,14,N/A,No,No,No,Yes
Round CassetteInside Window MountHD Somfy Remote Sonesse Motor,10,14,14,N/A,No,No,No,Yes
Round CassetteInside Window MountHD Somfy 12v Remote Sonesse Motor,10,14,14,N/A,No,No,No,Yes
Round CassetteInside Window MountHD Somfy CBUS Motor,10,14,14,N/A,No,No,No,Yes
Round CassetteInside Window MountAcmeda E6 Motor,10,14,14,N/A,No,No,No,Yes
Round CassetteInside Window MountAcmeda M6 Motor,10,14,14,N/A,No,No,No,Yes
Round CassetteInside Window MountUniline Remote Motor,10,14,14,N/A,No,No,No,Yes
Round CassetteInside Window MountUniline Cbus Motor,10,14,14,N/A,No,No,No,Yes
Round CassetteInside Window MountNice Remote Motor,10,14,14,N/A,No,No,No,Yes
Round CassetteInside Window MountNice CBus Motor,10,14,14,N/A,No,No,No,Yes
Round CassetteInside Window MountSunboss Chain Winder 38mm Tube,10,14,14,N/A,No,No,No,Yes
Round CassetteInside Window MountSunboss Chain Winder 43mm Tube,10,14,14,N/A,No,No,No,Yes
Round CassetteInside Window MountTBS Remote Motor,10,14,14,N/A,No,No,No,Yes
Round CassetteInside Window MountTBS Cbus Motor,10,14,14,N/A,No,No,No,Yes
Round CassetteInside Window MountAcmeda External Motor,10,14,14,N/A,No,No,No,Yes
Round CassetteInside Window MountAcmeda External 12v Motor,10,14,14,N/A,No,No,No,Yes
Round CassetteInside Window MountSomfy External CBUS Motor,10,14,14,N/A,No,No,No,Yes
Round CassetteInside Window MountSomfy External Remote Motor,10,14,14,N/A,No,No,No,Yes
Round CassetteInside Window MountHD Somfy External CBUS Motor,10,14,14,N/A,No,No,No,Yes
Round CassetteInside Window MountHD Somfy External Remote Motor,10,14,14,N/A,No,No,No,Yes
Round CassetteOutside Window MountChain Winder,10,14,29,N/A,No,No,No,Yes
Round CassetteOutside Window MountHD Chain Winder,10,14,29,N/A,No,No,No,Yes
Round CassetteOutside Window MountChain Winder 60mm,10,14,29,N/A,No,No,No,Yes
Round CassetteOutside Window MountChain Winder Fixed Guide,10,14,29,N/A,No,No,No,Yes
Round CassetteOutside Window MountLinked,10,14,14,N/A,No,No,No,Yes
Round CassetteOutside Window MountLinked - HD,10,14,14,N/A,No,No,No,Yes
Round CassetteOutside Window MountStandard Spring,10,14,14,N/A,No,No,No,Yes
Round CassetteOutside Window MountSmall Spring,10,14,14,N/A,No,No,No,Yes
Round CassetteOutside Window MountUniline Spring (Old Style),10,14,14,N/A,No,No,No,Yes
Round CassetteOutside Window MountBecker Remote Motor,10,14,14,N/A,No,No,No,Yes
Round CassetteOutside Window MountBecker CBUS Motor,10,14,14,N/A,No,No,No,Yes
Round CassetteOutside Window MountBecker External Remote Motor,10,14,14,N/A,No,No,No,Yes
Round CassetteOutside Window MountBecker External CBUS Motor,10,14,14,N/A,No,No,No,Yes
Round CassetteOutside Window Mount1.1nm 12v Acmeda Motor,10,14,14,N/A,No,No,No,Yes
Round CassetteOutside Window Mount2nm 12v Acmeda Motor,10,14,14,N/A,No,No,No,Yes
Round CassetteOutside Window MountAcmeda 12v 6nm Motor,10,14,14,N/A,No,No,No,Yes
Round CassetteOutside Window Mount0.7nm 12v Acmeda Motor,10,14,14,N/A,No,No,No,Yes
Round CassetteOutside Window Mount1.1nm 12v Acmeda DCRF Motor with External Battery,10,14,14,N/A,No,No,No,Yes
Round CassetteOutside Window Mount1.1nm 12v Acmeda DCRF Motor,10,14,14,N/A,No,No,No,Yes
Round CassetteOutside Window Mount2nm 12v Acmeda DCRF Motor,10,14,14,N/A,No,No,No,Yes
Round CassetteOutside Window MountSomfy Remote Sonesse Motor,10,14,14,N/A,No,No,No,Yes
Round CassetteOutside Window MountSomfy 12v Remote Sonesse Motor,10,14,14,N/A,No,No,No,Yes
Round CassetteOutside Window MountSomfy CBUS Motor,10,14,14,N/A,No,No,No,Yes
Round CassetteOutside Window MountHD Somfy Remote Sonesse Motor,10,14,14,N/A,No,No,No,Yes
Round CassetteOutside Window MountHD Somfy 12v Remote Sonesse Motor,10,14,14,N/A,No,No,No,Yes
Round CassetteOutside Window MountHD Somfy CBUS Motor,10,14,14,N/A,No,No,No,Yes
Round CassetteOutside Window MountAcmeda E6 Motor,10,14,14,N/A,No,No,No,Yes
Round CassetteOutside Window MountAcmeda M6 Motor,10,14,14,N/A,No,No,No,Yes
Round CassetteOutside Window MountUniline Remote Motor,10,14,14,N/A,No,No,No,Yes
Round CassetteOutside Window MountUniline Cbus Motor,10,14,14,N/A,No,No,No,Yes
Round CassetteOutside Window MountNice Remote Motor,10,14,14,N/A,No,No,No,Yes
Round CassetteOutside Window MountNice CBus Motor,10,14,14,N/A,No,No,No,Yes
Round CassetteOutside Window MountSunboss Chain Winder 38mm Tube,10,14,14,N/A,No,No,No,Yes
Round CassetteOutside Window MountSunboss Chain Winder 43mm Tube,10,14,14,N/A,No,No,No,Yes
Round CassetteOutside Window MountTBS Remote Motor,10,14,14,N/A,No,No,No,Yes
Round CassetteOutside Window MountTBS Cbus Motor,10,14,14,N/A,No,No,,Yes
Round CassetteOutside Window MountAcmeda External Motor,10,14,14,N/A,No,No,,Yes
Round CassetteOutside Window MountAcmeda External 12v Motor,10,14,14,N/A,No,No,No,Yes
Round CassetteOutside Window MountSomfy External CBUS Motor,10,14,14,N/A,No,No,No,Yes
Round CassetteOutside Window MountSomfy External Remote Motor,10,14,14,N/A,No,No,No,Yes
Round CassetteOutside Window MountHD Somfy External CBUS Motor,10,14,14,N/A,No,No,No,Yes
Round CassetteOutside Window MountHD Somfy External Remote Motor,10,14,14,N/A,No,No,No,Yes
Round CassetteRevealChain Winder,10,14,29,N/A,Yes,No,No,Yes
Round CassetteRevealHD Chain Winder,10,14,29,N/A,Yes,No,No,Yes
Round CassetteRevealChain Winder 60mm,10,14,29,N/A,No,No,No,Yes
Round CassetteRevealChain Winder Fixed Guide,10,14,29,N/A,No,No,No,Yes
Round CassetteRevealLinked,10,14,14,N/A,No,No,No,Yes
Round CassetteRevealLinked - HD,10,14,14,N/A,No,No,No,Yes
Round CassetteRevealStandard Spring,10,14,14,N/A,No,No,No,Yes
Round CassetteRevealSmall Spring,10,14,14,N/A,No,No,No,Yes
Round CassetteRevealUniline Spring (Old Style),10,14,14,N/A,No,No,No,Yes
Round CassetteRevealBecker Remote Motor,10,14,14,N/A,No,No,No,Yes
Round CassetteRevealBecker CBUS Motor,10,14,14,N/A,No,No,No,Yes
Round CassetteRevealBecker External Remote Motor,10,14,14,N/A,No,No,No,Yes
Round CassetteRevealBecker External CBUS Motor,10,14,14,N/A,No,No,No,Yes
Round CassetteReveal1.1nm 12v Acmeda Motor,10,14,14,N/A,No,No,No,Yes
Round CassetteReveal2nm 12v Acmeda Motor,10,14,14,N/A,No,No,No,Yes
Round CassetteRevealAcmeda 12v 6nm Motor,10,14,14,N/A,No,No,No,Yes
Round CassetteReveal0.7nm 12v Acmeda Motor,10,14,14,N/A,No,No,No,Yes
Round CassetteReveal1.1nm 12v Acmeda DCRF Motor with External Battery,10,14,14,N/A,No,No,No,Yes
Round CassetteReveal1.1nm 12v Acmeda DCRF Motor,10,14,14,N/A,No,No,No,Yes
Round CassetteReveal2nm 12v Acmeda DCRF Motor,10,14,14,N/A,No,No,No,Yes
Round CassetteRevealSomfy Remote Sonesse Motor,10,14,14,N/A,No,No,No,Yes
Round CassetteRevealSomfy 12v Remote Sonesse Motor,10,14,14,N/A,No,No,No,Yes
Round CassetteRevealSomfy CBUS Motor,10,14,14,N/A,No,No,No,Yes
Round CassetteRevealHD Somfy Remote Sonesse Motor,10,14,14,N/A,No,No,No,Yes
Round CassetteRevealHD Somfy 12v Remote Sonesse Motor,10,14,14,N/A,No,No,No,Yes
Round CassetteRevealHD Somfy CBUS Motor,10,14,14,N/A,No,No,No,Yes
Round CassetteRevealAcmeda E6 Motor,10,14,14,N/A,No,No,No,Yes
Round CassetteRevealAcmeda M6 Motor,10,14,14,N/A,No,No,No,Yes
Round CassetteRevealUniline Remote Motor,10,14,14,N/A,No,No,No,Yes
Round CassetteRevealUniline Cbus Motor,10,14,14,N/A,No,No,No,Yes
Round CassetteRevealNice Remote Motor,10,14,14,N/A,No,No,No,Yes
Round CassetteRevealNice CBus Motor,10,14,14,N/A,No,No,No,Yes
Round CassetteRevealSunboss Chain Winder 38mm Tube,10,14,14,N/A,No,No,No,Yes
Round CassetteRevealSunboss Chain Winder 43mm Tube,10,14,14,N/A,No,No,No,Yes
Round CassetteRevealTBS Remote Motor,10,14,14,N/A,No,No,No,Yes
Round CassetteRevealTBS Cbus Motor,10,14,14,N/A,No,No,No,Yes
Round CassetteRevealAcmeda External Motor,10,14,14,N/A,No,No,No,Yes
Round CassetteRevealAcmeda External 12v Motor,10,14,14,N/A,No,No,No,Yes
Round CassetteRevealSomfy External CBUS Motor,10,14,14,N/A,No,No,No,Yes
Round CassetteRevealSomfy External Remote Motor,10,14,14,N/A,No,No,No,Yes
Round CassetteRevealHD Somfy External CBUS Motor,10,14,14,N/A,No,No,No,Yes
Round CassetteRevealHD Somfy External Remote Motor,10,14,14,N/A,No,No,No,Yes
Round Cassette with Side ChannelsFaceChain Winder,10,14,29,88,No,Yes,No,Yes
Round Cassette with Side ChannelsFaceHD Chain Winder,10,14,29,88,No,Yes,No,Yes
Round Cassette with Side ChannelsFaceChain Winder 60mm,10,14,29,88,No,Yes,No,Yes
Round Cassette with Side ChannelsFaceChain Winder Fixed Guide,10,14,29,88,No,Yes,No,Yes
Round Cassette with Side ChannelsFaceLinked,10,14,14,88,No,Yes,No,Yes
Round Cassette with Side ChannelsFaceLinked - HD,10,14,14,88,No,Yes,No,Yes
Round Cassette with Side ChannelsFaceStandard Spring,10,14,14,88,No,Yes,No,Yes
Round Cassette with Side ChannelsFaceSmall Spring,10,14,14,88,No,Yes,No,Yes
Round Cassette with Side ChannelsFaceUniline Spring (Old Style),10,14,14,88,No,Yes,No,Yes
Round Cassette with Side ChannelsFaceBecker Remote Motor,10,14,14,88,No,Yes,No,Yes
Round Cassette with Side ChannelsFaceBecker CBUS Motor,10,14,14,88,No,Yes,No,Yes
Round Cassette with Side ChannelsFaceBecker External Remote Motor,10,14,14,88,No,Yes,No,Yes
Round Cassette with Side ChannelsFaceBecker External CBUS Motor,10,14,14,88,No,Yes,No,Yes
Round Cassette with Side ChannelsFace1.1nm 12v Acmeda Motor,10,14,14,88,No,Yes,No,Yes
Round Cassette with Side ChannelsFace2nm 12v Acmeda Motor,10,14,14,88,No,Yes,No,Yes
Round Cassette with Side ChannelsFaceAcmeda 12v 6nm Motor,10,14,14,88,No,Yes,No,Yes
Round Cassette with Side ChannelsFace0.7nm 12v Acmeda Motor,10,14,14,88,No,Yes,No,Yes
Round Cassette with Side ChannelsFace1.1nm 12v Acmeda DCRF Motor with External Battery,10,14,14,88,No,Yes,No,Yes
Round Cassette with Side ChannelsFace1.1nm 12v Acmeda DCRF Motor,10,14,14,88,No,Yes,No,Yes
Round Cassette with Side ChannelsFace2nm 12v Acmeda DCRF Motor,10,14,14,88,No,Yes,No,Yes
Round Cassette with Side ChannelsFaceSomfy Remote Sonesse Motor,10,14,14,88,No,Yes,No,Yes
Round Cassette with Side ChannelsFaceSomfy 12v Remote Sonesse Motor,10,14,14,88,No,Yes,No,Yes
Round Cassette with Side ChannelsFaceSomfy CBUS Motor,10,14,14,88,No,Yes,No,Yes
Round Cassette with Side ChannelsFaceHD Somfy Remote Sonesse Motor,10,14,14,88,No,Yes,No,Yes
Round Cassette with Side ChannelsFaceHD Somfy 12v Remote Sonesse Motor,10,14,14,88,No,Yes,No,Yes
Round Cassette with Side ChannelsFaceHD Somfy CBUS Motor,10,14,14,88,No,Yes,No,Yes
Round Cassette with Side ChannelsFaceAcmeda E6 Motor,10,14,14,88,No,Yes,No,Yes
Round Cassette with Side ChannelsFaceAcmeda M6 Motor,10,14,14,88,No,Yes,No,Yes
Round Cassette with Side ChannelsFaceUniline Remote Motor,10,14,14,88,No,Yes,No,Yes
Round Cassette with Side ChannelsFaceUniline Cbus Motor,10,14,14,88,No,Yes,No,Yes
Round Cassette with Side ChannelsFaceNice Remote Motor,10,14,14,88,No,Yes,No,Yes
Round Cassette with Side ChannelsFaceNice CBus Motor,10,14,14,88,No,Yes,No,Yes
Round Cassette with Side ChannelsFaceSunboss Chain Winder 38mm Tube,10,14,14,88,No,Yes,No,Yes
Round Cassette with Side ChannelsFaceSunboss Chain Winder 43mm Tube,10,14,14,88,No,Yes,No,Yes
Round Cassette with Side ChannelsFaceTBS Remote Motor,10,14,14,88,No,Yes,No,Yes
Round Cassette with Side ChannelsFaceTBS Cbus Motor,10,14,14,88,No,Yes,No,Yes
Round Cassette with Side ChannelsFaceAcmeda External Motor,10,14,14,88,No,Yes,No,Yes
Round Cassette with Side ChannelsFaceAcmeda External 12v Motor,10,14,14,88,No,Yes,No,Yes
Round Cassette with Side ChannelsFaceSomfy External CBUS Motor,10,14,14,88,No,Yes,No,Yes
Round Cassette with Side ChannelsFaceSomfy External Remote Motor,10,14,14,88,No,Yes,No,Yes
Round Cassette with Side ChannelsFaceHD Somfy External CBUS Motor,10,14,14,88,No,Yes,No,Yes
Round Cassette with Side ChannelsFaceHD Somfy External Remote Motor,10,14,14,88,No,Yes,No,Yes
Round Cassette with Side ChannelsTop FixChain Winder,10,14,29,88,No,Yes,No,Yes
Round Cassette with Side ChannelsTop FixHD Chain Winder,10,14,29,88,No,Yes,No,Yes
Round Cassette with Side ChannelsTop FixChain Winder 60mm,10,14,29,88,No,Yes,No,Yes
Round Cassette with Side ChannelsTop FixChain Winder Fixed Guide,10,14,29,88,No,Yes,No,Yes
Round Cassette with Side ChannelsTop FixLinked,10,14,14,88,No,Yes,No,Yes
Round Cassette with Side ChannelsTop FixLinked - HD,10,14,14,88,No,Yes,No,Yes
Round Cassette with Side ChannelsTop FixStandard Spring,10,14,14,88,No,Yes,No,Yes
Round Cassette with Side ChannelsTop FixSmall Spring,10,14,14,88,No,Yes,No,Yes
Round Cassette with Side ChannelsTop FixUniline Spring (Old Style),10,14,14,88,No,Yes,No,Yes
Round Cassette with Side ChannelsTop FixBecker Remote Motor,10,14,14,88,No,Yes,No,Yes
Round Cassette with Side ChannelsTop FixBecker CBUS Motor,10,14,14,88,No,Yes,No,Yes
Round Cassette with Side ChannelsTop FixBecker External Remote Motor,10,14,14,88,No,Yes,No,Yes
Round Cassette with Side ChannelsTop FixBecker External CBUS Motor,10,14,14,88,No,Yes,No,Yes
Round Cassette with Side ChannelsTop Fix1.1nm 12v Acmeda Motor,10,14,14,88,No,Yes,No,Yes
Round Cassette with Side ChannelsTop Fix2nm 12v Acmeda Motor,10,14,14,88,No,Yes,No,Yes
Round Cassette with Side ChannelsTop FixAcmeda 12v 6nm Motor,10,14,14,88,No,Yes,No,Yes
Round Cassette with Side ChannelsTop Fix0.7nm 12v Acmeda Motor,10,14,14,88,No,Yes,No,Yes
Round Cassette with Side ChannelsTop Fix1.1nm 12v Acmeda DCRF Motor with External Battery,10,14,14,88,No,Yes,No,Yes
Round Cassette with Side ChannelsTop Fix1.1nm 12v Acmeda DCRF Motor,10,14,14,88,No,Yes,No,Yes
Round Cassette with Side ChannelsTop Fix2nm 12v Acmeda DCRF Motor,10,14,14,88,No,Yes,No,Yes
Round Cassette with Side ChannelsTop FixSomfy Remote Sonesse Motor,10,14,14,88,No,Yes,No,Yes
Round Cassette with Side ChannelsTop FixSomfy 12v Remote Sonesse Motor,10,14,14,88,No,Yes,No,Yes
Round Cassette with Side ChannelsTop FixSomfy CBUS Motor,10,14,14,88,No,Yes,No,Yes
Round Cassette with Side ChannelsTop FixHD Somfy Remote Sonesse Motor,10,14,14,88,No,Yes,No,Yes
Round Cassette with Side ChannelsTop FixHD Somfy 12v Remote Sonesse Motor,10,14,14,88,No,Yes,No,Yes
Round Cassette with Side ChannelsTop FixHD Somfy CBUS Motor,10,14,14,88,No,Yes,No,Yes
Round Cassette with Side ChannelsTop FixAcmeda E6 Motor,10,14,14,88,No,Yes,No,Yes
Round Cassette with Side ChannelsTop FixAcmeda M6 Motor,10,14,14,88,No,Yes,No,Yes
Round Cassette with Side ChannelsTop FixUniline Remote Motor,10,14,14,88,No,Yes,No,Yes
Round Cassette with Side ChannelsTop FixUniline Cbus Motor,10,14,14,88,No,Yes,No,Yes
Round Cassette with Side ChannelsTop FixNice Remote Motor,10,14,14,88,No,Yes,No,Yes
Round Cassette with Side ChannelsTop FixNice CBus Motor,10,14,14,88,No,Yes,No,Yes
Round Cassette with Side ChannelsTop FixSunboss Chain Winder 38mm Tube,10,14,14,88,No,Yes,No,Yes
Round Cassette with Side ChannelsTop FixSunboss Chain Winder 43mm Tube,10,14,14,88,No,Yes,No,Yes
Round Cassette with Side ChannelsTop FixTBS Remote Motor,10,14,14,88,No,Yes,No,Yes
Round Cassette with Side ChannelsTop FixTBS Cbus Motor,10,14,14,88,No,Yes,No,Yes
Round Cassette with Side ChannelsTop FixAcmeda External Motor,10,14,14,88,No,Yes,No,Yes
Round Cassette with Side ChannelsTop FixAcmeda External 12v Motor,10,14,14,88,No,Yes,No,Yes
Round Cassette with Side ChannelsTop FixSomfy External CBUS Motor,10,14,14,88,No,Yes,No,Yes
Round Cassette with Side ChannelsTop FixSomfy External Remote Motor,10,14,14,88,No,Yes,No,Yes
Round Cassette with Side ChannelsTop FixSomfy External CBUS Motor,10,14,14,88,No,Yes,No,Yes
Round Cassette with Side ChannelsTop FixHD Somfy External Remote Motor,10,14,14,88,No,Yes,No,Yes
Round Cassette with Side ChannelsInside Window MountChain Winder,10,14,29,88,No,Yes,No,Yes
Round Cassette with Side ChannelsInside Window MountHD Chain Winder,10,14,29,88,No,Yes,No,Yes
Round Cassette with Side ChannelsInside Window MountChain Winder 60mm,10,14,29,88,No,Yes,No,Yes
Round Cassette with Side ChannelsInside Window MountChain Winder Fixed Guide,10,14,29,88,No,Yes,No,Yes
Round Cassette with Side ChannelsInside Window MountLinked,10,14,14,88,No,Yes,No,Yes
Round Cassette with Side ChannelsInside Window MountLinked - HD,10,14,14,88,No,Yes,No,Yes
Round Cassette with Side ChannelsInside Window MountStandard Spring,10,14,14,88,No,Yes,No,Yes
Round Cassette with Side ChannelsInside Window MountSmall Spring,10,14,14,88,No,Yes,No,Yes
Round Cassette with Side ChannelsInside Window MountUniline Spring (Old Style),10,14,14,88,No,Yes,No,Yes
Round Cassette with Side ChannelsInside Window MountBecker Remote Motor,10,14,14,88,No,Yes,No,Yes
Round Cassette with Side ChannelsInside Window MountBecker CBUS Motor,10,14,14,88,No,Yes,No,Yes
Round Cassette with Side ChannelsInside Window MountBecker External Remote Motor,10,14,14,88,No,Yes,No,Yes
Round Cassette with Side ChannelsInside Window MountBecker External CBUS Motor,10,14,14,88,No,Yes,No,Yes
Round Cassette with Side ChannelsInside Window Mount1.1nm 12v Acmeda Motor,10,14,14,88,No,Yes,No,Yes
Round Cassette with Side ChannelsInside Window Mount2nm 12v Acmeda Motor,10,14,14,88,No,Yes,No,Yes
Round Cassette with Side ChannelsInside Window MountAcmeda 12v 6nm Motor,10,14,14,88,No,Yes,No,Yes
Round Cassette with Side ChannelsInside Window Mount0.7nm 12v Acmeda Motor,10,14,14,88,No,Yes,No,Yes
Round Cassette with Side ChannelsInside Window Mount1.1nm 12v Acmeda DCRF Motor with External Battery,10,14,14,88,No,Yes,No,Yes
Round Cassette with Side ChannelsInside Window Mount1.1nm 12v Acmeda DCRF Motor,10,14,14,88,No,Yes,No,Yes
Round Cassette with Side ChannelsInside Window Mount2nm 12v Acmeda DCRF Motor,10,14,14,88,No,Yes,No,Yes
Round Cassette with Side ChannelsInside Window MountSomfy Remote Sonesse Motor,10,14,14,88,No,Yes,No,Yes
Round Cassette with Side ChannelsInside Window MountSomfy 12v Remote Sonesse Motor,10,14,14,88,No,Yes,No,Yes
Round Cassette with Side ChannelsInside Window MountSomfy CBUS Motor,10,14,14,88,No,Yes,No,Yes
Round Cassette with Side ChannelsInside Window MountHD Somfy Remote Sonesse Motor,10,14,14,88,No,Yes,No,Yes
Round Cassette with Side ChannelsInside Window MountHD Somfy 12v Remote Sonesse Motor,10,14,14,88,No,Yes,No,Yes
Round Cassette with Side ChannelsInside Window MountHD Somfy CBUS Motor,10,14,14,88,No,Yes,No,Yes
Round Cassette with Side ChannelsInside Window MountAcmeda E6 Motor,10,14,14,88,No,Yes,No,Yes
Round Cassette with Side ChannelsInside Window MountAcmeda M6 Motor,10,14,14,88,No,Yes,No,Yes
Round Cassette with Side ChannelsInside Window MountUniline Remote Motor,10,14,14,88,No,Yes,No,Yes
Round Cassette with Side ChannelsInside Window MountUniline Cbus Motor,10,14,14,88,No,Yes,No,Yes
Round Cassette with Side ChannelsInside Window MountNice Remote Motor,10,14,14,88,No,Yes,No,Yes
Round Cassette with Side ChannelsInside Window MountNice CBus Motor,10,14,14,88,No,Yes,No,Yes
Round Cassette with Side ChannelsInside Window MountSunboss Chain Winder 38mm Tube,10,14,14,88,No,Yes,No,Yes
Round Cassette with Side ChannelsInside Window MountSunboss Chain Winder 43mm Tube,10,14,14,88,No,Yes,No,Yes
Round Cassette with Side ChannelsInside Window MountTBS Remote Motor,10,14,14,88,No,Yes,No,Yes
Round Cassette with Side ChannelsInside Window MountTBS Cbus Motor,10,14,14,88,No,Yes,No,Yes
Round Cassette with Side ChannelsInside Window MountAcmeda External Motor,10,14,14,88,No,Yes,No,Yes
Round Cassette with Side ChannelsInside Window MountAcmeda External 12v Motor,10,14,14,88,No,Yes,No,Yes
Round Cassette with Side ChannelsInside Window MountSomfy External CBUS Motor,10,14,14,88,No,Yes,No,Yes
Round Cassette with Side ChannelsInside Window MountSomfy External Remote Motor,10,14,14,88,No,Yes,No,Yes
Round Cassette with Side ChannelsInside Window MountHD Somfy External CBUS Motor,10,14,14,88,No,Yes,No,Yes
Round Cassette with Side ChannelsInside Window MountHD Somfy External Remote Motor,10,14,14,88,No,Yes,No,Yes
Round Cassette with Side ChannelsOutside Window MountChain Winder,10,14,29,88,No,Yes,No,Yes
Round Cassette with Side ChannelsOutside Window MountHD Chain Winder,10,14,29,88,No,Yes,No,Yes
Round Cassette with Side ChannelsOutside Window MountChain Winder 60mm,10,14,29,88,No,Yes,No,Yes
Round Cassette with Side ChannelsOutside Window MountChain Winder Fixed Guide,10,14,29,88,No,Yes,No,Yes
Round Cassette with Side ChannelsOutside Window MountLinked,10,14,14,88,No,Yes,No,Yes
Round Cassette with Side ChannelsOutside Window MountLinked - HD,10,14,14,88,No,Yes,No,Yes
Round Cassette with Side ChannelsOutside Window MountStandard Spring,10,14,14,88,No,Yes,No,Yes
Round Cassette with Side ChannelsOutside Window MountSmall Spring,10,14,14,88,No,Yes,No,Yes
Round Cassette with Side ChannelsOutside Window MountUniline Spring (Old Style),10,14,14,88,No,Yes,No,Yes
Round Cassette with Side ChannelsOutside Window MountBecker Remote Motor,10,14,14,88,No,Yes,No,Yes
Round Cassette with Side ChannelsOutside Window MountBecker CBUS Motor,10,14,14,88,No,Yes,No,Yes
Round Cassette with Side ChannelsOutside Window MountBecker External Remote Motor,10,14,14,88,No,Yes,No,Yes
Round Cassette with Side ChannelsOutside Window MountBecker External CBUS Motor,10,14,14,88,No,Yes,No,Yes
Round Cassette with Side ChannelsOutside Window Mount1.1nm 12v Acmeda Motor,10,14,14,88,No,Yes,No,Yes
Round Cassette with Side ChannelsOutside Window Mount2nm 12v Acmeda Motor,10,14,14,88,No,Yes,No,Yes
Round Cassette with Side ChannelsOutside Window MountAcmeda 12v 6nm Motor,10,14,14,88,No,Yes,No,Yes
Round Cassette with Side ChannelsOutside Window Mount0.7nm 12v Acmeda Motor,10,14,14,88,No,Yes,No,Yes
Round Cassette with Side ChannelsOutside Window Mount1.1nm 12v Acmeda DCRF Motor with External Battery,10,14,14,88,No,Yes,No,Yes
Round Cassette with Side ChannelsOutside Window Mount1.1nm 12v Acmeda DCRF Motor,10,14,14,88,No,Yes,No,Yes
Round Cassette with Side ChannelsOutside Window Mount2nm 12v Acmeda DCRF Motor,10,14,14,88,No,Yes,No,Yes
Round Cassette with Side ChannelsOutside Window MountSomfy Remote Sonesse Motor,10,14,14,88,No,Yes,No,Yes
Round Cassette with Side ChannelsOutside Window MountSomfy 12v Remote Sonesse Motor,10,14,14,88,No,Yes,No,Yes
Round Cassette with Side ChannelsOutside Window MountSomfy CBUS Motor,10,14,14,88,No,Yes,No,Yes
Round Cassette with Side ChannelsOutside Window MountHD Somfy Remote Sonesse Motor,10,14,14,88,No,Yes,No,Yes
Round Cassette with Side ChannelsOutside Window MountHD Somfy 12v Remote Sonesse Motor,10,14,14,88,No,Yes,No,Yes
Round Cassette with Side ChannelsOutside Window MountHD Somfy CBUS Motor,10,14,14,88,No,Yes,No,Yes
Round Cassette with Side ChannelsOutside Window MountAcmeda E6 Motor,10,14,14,88,No,Yes,No,Yes
Round Cassette with Side ChannelsOutside Window MountAcmeda M6 Motor,10,14,14,88,No,Yes,No,Yes
Round Cassette with Side ChannelsOutside Window MountUniline Remote Motor,10,14,14,88,No,Yes,No,Yes
Round Cassette with Side ChannelsOutside Window MountUniline Cbus Motor,10,14,14,88,No,Yes,No,Yes
Round Cassette with Side ChannelsOutside Window MountNice Remote Motor,10,14,14,88,No,Yes,No,Yes
Round Cassette with Side ChannelsOutside Window MountNice CBus Motor,10,14,14,88,No,Yes,No,Yes
Round Cassette with Side ChannelsOutside Window MountSunboss Chain Winder 38mm Tube,10,14,14,88,No,Yes,No,Yes
Round Cassette with Side ChannelsOutside Window MountSunboss Chain Winder 43mm Tube,10,14,14,88,No,Yes,No,Yes
Round Cassette with Side ChannelsOutside Window MountTBS Remote Motor,10,14,14,88,No,Yes,No,Yes
Round Cassette with Side ChannelsOutside Window MountTBS Cbus Motor,10,14,14,88,No,Yes,,Yes
Round Cassette with Side ChannelsOutside Window MountAcmeda External Motor,10,14,14,88,No,Yes,,Yes
Round Cassette with Side ChannelsOutside Window MountAcmeda External 12v Motor,10,14,14,88,No,Yes,No,Yes
Round Cassette with Side ChannelsOutside Window MountSomfy External CBUS Motor,10,14,14,88,No,Yes,No,Yes
Round Cassette with Side ChannelsOutside Window MountSomfy External Remote Motor,10,14,14,88,No,Yes,No,Yes
Round Cassette with Side ChannelsOutside Window MountHD Somfy External CBUS Motor,10,14,14,88,No,Yes,No,Yes
Round Cassette with Side ChannelsOutside Window MountHD Somfy External Remote Motor,10,14,14,88,No,Yes,No,Yes
Round Cassette with Side ChannelsRevealChain Winder,10,14,29,88,No,Yes,No,Yes
Round Cassette with Side ChannelsRevealHD Chain Winder,10,14,29,88,No,Yes,No,Yes
Round Cassette with Side ChannelsRevealChain Winder 60mm,10,14,29,88,No,Yes,No,Yes
Round Cassette with Side ChannelsRevealChain Winder Fixed Guide,10,14,29,88,No,Yes,No,Yes
Round Cassette with Side ChannelsRevealLinked,10,14,14,88,No,Yes,No,Yes
Round Cassette with Side ChannelsRevealLinked - HD,10,14,14,88,No,Yes,No,Yes
Round Cassette with Side ChannelsRevealStandard Spring,10,14,14,88,No,Yes,No,Yes
Round Cassette with Side ChannelsRevealSmall Spring,10,14,14,88,No,Yes,No,Yes
Round Cassette with Side ChannelsRevealUniline Spring (Old Style),10,14,14,88,No,Yes,No,Yes
Round Cassette with Side ChannelsRevealBecker Remote Motor,10,14,14,88,No,Yes,No,Yes
Round Cassette with Side ChannelsRevealBecker CBUS Motor,10,14,14,88,No,Yes,No,Yes
Round Cassette with Side ChannelsRevealBecker External Remote Motor,10,14,14,88,No,Yes,No,Yes
Round Cassette with Side ChannelsRevealBecker External CBUS Motor,10,14,14,88,No,Yes,No,Yes
Round Cassette with Side ChannelsReveal1.1nm 12v Acmeda Motor,10,14,14,88,No,Yes,No,Yes
Round Cassette with Side ChannelsReveal2nm 12v Acmeda Motor,10,14,14,88,No,Yes,No,Yes
Round Cassette with Side ChannelsRevealAcmeda 12v 6nm Motor,10,14,14,88,No,Yes,No,Yes
Round Cassette with Side ChannelsReveal0.7nm 12v Acmeda Motor,10,14,14,88,No,Yes,No,Yes
Round Cassette with Side ChannelsReveal1.1nm 12v Acmeda DCRF Motor with External Battery,10,14,14,88,No,Yes,No,Yes
Round Cassette with Side ChannelsReveal1.1nm 12v Acmeda DCRF Motor,10,14,14,88,No,Yes,No,Yes
Round Cassette with Side ChannelsReveal2nm 12v Acmeda DCRF Motor,10,14,14,88,No,Yes,No,Yes
Round Cassette with Side ChannelsRevealSomfy Remote Sonesse Motor,10,14,14,88,No,Yes,No,Yes
Round Cassette with Side ChannelsRevealSomfy 12v Remote Sonesse Motor,10,14,14,88,No,Yes,No,Yes
Round Cassette with Side ChannelsRevealSomfy CBUS Motor,10,14,14,88,No,Yes,No,Yes
Round Cassette with Side ChannelsRevealHD Somfy Remote Sonesse Motor,10,14,14,88,No,Yes,No,Yes
Round Cassette with Side ChannelsRevealHD Somfy 12v Remote Sonesse Motor,10,14,14,88,No,Yes,No,Yes
Round Cassette with Side ChannelsRevealHD Somfy CBUS Motor,10,14,14,88,No,Yes,No,Yes
Round Cassette with Side ChannelsRevealAcmeda E6 Motor,10,14,14,88,No,Yes,No,Yes
Round Cassette with Side ChannelsRevealAcmeda M6 Motor,10,14,14,88,No,Yes,No,Yes
Round Cassette with Side ChannelsRevealUniline Remote Motor,10,14,14,88,No,Yes,No,Yes
Round Cassette with Side ChannelsRevealUniline Cbus Motor,10,14,14,88,No,Yes,No,Yes
Round Cassette with Side ChannelsRevealNice Remote Motor,10,14,14,88,No,Yes,No,Yes
Round Cassette with Side ChannelsRevealNice CBus Motor,10,14,14,88,No,Yes,No,Yes
Round Cassette with Side ChannelsRevealSunboss Chain Winder 38mm Tube,10,14,14,88,No,Yes,No,Yes
Round Cassette with Side ChannelsRevealSunboss Chain Winder 43mm Tube,10,14,14,88,No,Yes,No,Yes
Round Cassette with Side ChannelsRevealTBS Remote Motor,10,14,14,88,No,Yes,No,Yes
Round Cassette with Side ChannelsRevealTBS Cbus Motor,10,14,14,88,No,Yes,No,Yes
Round Cassette with Side ChannelsRevealAcmeda External Motor,10,14,14,88,No,Yes,No,Yes
Round Cassette with Side ChannelsRevealAcmeda External 12v Motor,10,14,14,88,No,Yes,No,Yes
Round Cassette with Side ChannelsRevealSomfy External CBUS Motor,10,14,14,88,No,Yes,No,Yes
Round Cassette with Side ChannelsRevealSomfy External Remote Motor,10,14,14,88,No,Yes,No,Yes
Round Cassette with Side ChannelsRevealHD Somfy External CBUS Motor,10,14,14,88,No,Yes,No,Yes
Round Cassette with Side ChannelsRevealHD Somfy External Remote Motor,10,14,14,88,No,Yes,No,Yes
Round Cassette with Side & Bottom ChannelsFaceChain Winder,10,14,29,88,No,Yes,No,Yes
Round Cassette with Side & Bottom ChannelsFaceHD Chain Winder,10,14,29,88,No,Yes,No,Yes
Round Cassette with Side & Bottom ChannelsFaceChain Winder 60mm,10,14,29,88,No,Yes,No,Yes
Round Cassette with Side & Bottom ChannelsFaceChain Winder Fixed Guide,10,14,29,88,No,Yes,No,Yes
Round Cassette with Side & Bottom ChannelsFaceLinked,10,14,14,88,No,Yes,No,Yes
Round Cassette with Side & Bottom ChannelsFaceLinked - HD,10,14,14,88,No,Yes,No,Yes
Round Cassette with Side & Bottom ChannelsFaceStandard Spring,10,14,14,88,No,Yes,No,Yes
Round Cassette with Side & Bottom ChannelsFaceSmall Spring,10,14,14,88,No,Yes,No,Yes
Round Cassette with Side & Bottom ChannelsFaceUniline Spring (Old Style),10,14,14,88,No,Yes,No,Yes
Round Cassette with Side & Bottom ChannelsFaceBecker Remote Motor,10,14,14,88,No,Yes,No,Yes
Round Cassette with Side & Bottom ChannelsFaceBecker CBUS Motor,10,14,14,88,No,Yes,No,Yes
Round Cassette with Side & Bottom ChannelsFaceBecker External Remote Motor,10,14,14,88,No,Yes,No,Yes
Round Cassette with Side & Bottom ChannelsFaceBecker External CBUS Motor,10,14,14,88,No,Yes,No,Yes
Round Cassette with Side & Bottom ChannelsFace1.1nm 12v Acmeda Motor,10,14,14,88,No,Yes,No,Yes
Round Cassette with Side & Bottom ChannelsFace2nm 12v Acmeda Motor,10,14,14,88,No,Yes,No,Yes
Round Cassette with Side & Bottom ChannelsFaceAcmeda 12v 6nm Motor,10,14,14,88,No,Yes,No,Yes
Round Cassette with Side & Bottom ChannelsFace0.7nm 12v Acmeda Motor,10,14,14,88,No,Yes,No,Yes
Round Cassette with Side & Bottom ChannelsFace1.1nm 12v Acmeda DCRF Motor with External Battery,10,14,14,88,No,Yes,No,Yes
Round Cassette with Side & Bottom ChannelsFace1.1nm 12v Acmeda DCRF Motor,10,14,14,88,No,Yes,No,Yes
Round Cassette with Side & Bottom ChannelsFace2nm 12v Acmeda DCRF Motor,10,14,14,88,No,Yes,No,Yes
Round Cassette with Side & Bottom ChannelsFaceSomfy Remote Sonesse Motor,10,14,14,88,No,Yes,No,Yes
Round Cassette with Side & Bottom ChannelsFaceSomfy 12v Remote Sonesse Motor,10,14,14,88,No,Yes,No,Yes
Round Cassette with Side & Bottom ChannelsFaceSomfy CBUS Motor,10,14,14,88,No,Yes,No,Yes
Round Cassette with Side & Bottom ChannelsFaceHD Somfy Remote Sonesse Motor,10,14,14,88,No,Yes,No,Yes
Round Cassette with Side & Bottom ChannelsFaceHD Somfy 12v Remote Sonesse Motor,10,14,14,88,No,Yes,No,Yes
Round Cassette with Side & Bottom ChannelsFaceHD Somfy CBUS Motor,10,14,14,88,No,Yes,No,Yes
Round Cassette with Side & Bottom ChannelsFaceAcmeda E6 Motor,10,14,14,88,No,Yes,No,Yes
Round Cassette with Side & Bottom ChannelsFaceAcmeda M6 Motor,10,14,14,88,No,Yes,No,Yes
Round Cassette with Side & Bottom ChannelsFaceUniline Remote Motor,10,14,14,88,No,Yes,No,Yes
Round Cassette with Side & Bottom ChannelsFaceUniline Cbus Motor,10,14,14,88,No,Yes,No,Yes
Round Cassette with Side & Bottom ChannelsFaceNice Remote Motor,10,14,14,88,No,Yes,No,Yes
Round Cassette with Side & Bottom ChannelsFaceNice CBus Motor,10,14,14,88,No,Yes,No,Yes
Round Cassette with Side & Bottom ChannelsFaceSunboss Chain Winder 38mm Tube,10,14,14,88,No,Yes,No,Yes
Round Cassette with Side & Bottom ChannelsFaceSunboss Chain Winder 43mm Tube,10,14,14,88,No,Yes,No,Yes
Round Cassette with Side & Bottom ChannelsFaceTBS Remote Motor,10,14,14,88,No,Yes,No,Yes
Round Cassette with Side & Bottom ChannelsFaceTBS Cbus Motor,10,14,14,88,No,Yes,No,Yes
Round Cassette with Side & Bottom ChannelsFaceAcmeda External Motor,10,14,14,88,No,Yes,No,Yes
Round Cassette with Side & Bottom ChannelsFaceAcmeda External 12v Motor,10,14,14,88,No,Yes,No,Yes
Round Cassette with Side & Bottom ChannelsFaceSomfy External CBUS Motor,10,14,14,88,No,Yes,No,Yes
Round Cassette with Side & Bottom ChannelsFaceSomfy External Remote Motor,10,14,14,88,No,Yes,No,Yes
Round Cassette with Side & Bottom ChannelsFaceHD Somfy External CBUS Motor,10,14,14,88,No,Yes,No,Yes
Round Cassette with Side & Bottom ChannelsFaceHD Somfy External Remote Motor,10,14,14,88,No,Yes,No,Yes
Round Cassette with Side & Bottom ChannelsTop FixChain Winder,10,14,29,88,No,Yes,No,Yes
Round Cassette with Side & Bottom ChannelsTop FixHD Chain Winder,10,14,29,88,No,Yes,No,Yes
Round Cassette with Side & Bottom ChannelsTop FixChain Winder 60mm,10,14,29,88,No,Yes,No,Yes
Round Cassette with Side & Bottom ChannelsTop FixChain Winder Fixed Guide,10,14,29,88,No,Yes,No,Yes
Round Cassette with Side & Bottom ChannelsTop FixLinked,10,14,14,88,No,Yes,No,Yes
Round Cassette with Side & Bottom ChannelsTop FixLinked - HD,10,14,14,88,No,Yes,No,Yes
Round Cassette with Side & Bottom ChannelsTop FixStandard Spring,10,14,14,88,No,Yes,No,Yes
Round Cassette with Side & Bottom ChannelsTop FixSmall Spring,10,14,14,88,No,Yes,No,Yes
Round Cassette with Side & Bottom ChannelsTop FixUniline Spring (Old Style),10,14,14,88,No,Yes,No,Yes
Round Cassette with Side & Bottom ChannelsTop FixBecker Remote Motor,10,14,14,88,No,Yes,No,Yes
Round Cassette with Side & Bottom ChannelsTop FixBecker CBUS Motor,10,14,14,88,No,Yes,No,Yes
Round Cassette with Side & Bottom ChannelsTop FixBecker External Remote Motor,10,14,14,88,No,Yes,No,Yes
Round Cassette with Side & Bottom ChannelsTop FixBecker External CBUS Motor,10,14,14,88,No,Yes,No,Yes
Round Cassette with Side & Bottom ChannelsTop Fix1.1nm 12v Acmeda Motor,10,14,14,88,No,Yes,No,Yes
Round Cassette with Side & Bottom ChannelsTop Fix2nm 12v Acmeda Motor,10,14,14,88,No,Yes,No,Yes
Round Cassette with Side & Bottom ChannelsTop FixAcmeda 12v 6nm Motor,10,14,14,88,No,Yes,No,Yes
Round Cassette with Side & Bottom ChannelsTop Fix0.7nm 12v Acmeda Motor,10,14,14,88,No,Yes,No,Yes
Round Cassette with Side & Bottom ChannelsTop Fix1.1nm 12v Acmeda DCRF Motor with External Battery,10,14,14,88,No,Yes,No,Yes
Round Cassette with Side & Bottom ChannelsTop Fix1.1nm 12v Acmeda DCRF Motor,10,14,14,88,No,Yes,No,Yes
Round Cassette with Side & Bottom ChannelsTop Fix2nm 12v Acmeda DCRF Motor,10,14,14,88,No,Yes,No,Yes
Round Cassette with Side & Bottom ChannelsTop FixSomfy Remote Sonesse Motor,10,14,14,88,No,Yes,No,Yes
Round Cassette with Side & Bottom ChannelsTop FixSomfy 12v Remote Sonesse Motor,10,14,14,88,No,Yes,No,Yes
Round Cassette with Side & Bottom ChannelsTop FixSomfy CBUS Motor,10,14,14,88,No,Yes,No,Yes
Round Cassette with Side & Bottom ChannelsTop FixHD Somfy Remote Sonesse Motor,10,14,14,88,No,Yes,No,Yes
Round Cassette with Side & Bottom ChannelsTop FixHD Somfy 12v Remote Sonesse Motor,10,14,14,88,No,Yes,No,Yes
Round Cassette with Side & Bottom ChannelsTop FixHD Somfy CBUS Motor,10,14,14,88,No,Yes,No,Yes
Round Cassette with Side & Bottom ChannelsTop FixAcmeda E6 Motor,10,14,14,88,No,Yes,No,Yes
Round Cassette with Side & Bottom ChannelsTop FixAcmeda M6 Motor,10,14,14,88,No,Yes,No,Yes
Round Cassette with Side & Bottom ChannelsTop FixUniline Remote Motor,10,14,14,88,No,Yes,No,Yes
Round Cassette with Side & Bottom ChannelsTop FixUniline Cbus Motor,10,14,14,88,No,Yes,No,Yes
Round Cassette with Side & Bottom ChannelsTop FixNice Remote Motor,10,14,14,88,No,Yes,No,Yes
Round Cassette with Side & Bottom ChannelsTop FixNice CBus Motor,10,14,14,88,No,Yes,No,Yes
Round Cassette with Side & Bottom ChannelsTop FixSunboss Chain Winder 38mm Tube,10,14,14,88,No,Yes,No,Yes
Round Cassette with Side & Bottom ChannelsTop FixSunboss Chain Winder 43mm Tube,10,14,14,88,No,Yes,No,Yes
Round Cassette with Side & Bottom ChannelsTop FixTBS Remote Motor,10,14,14,88,No,Yes,No,Yes
Round Cassette with Side & Bottom ChannelsTop FixTBS Cbus Motor,10,14,14,88,No,Yes,No,Yes
Round Cassette with Side & Bottom ChannelsTop FixAcmeda External Motor,10,14,14,88,No,Yes,No,Yes
Round Cassette with Side & Bottom ChannelsTop FixAcmeda External 12v Motor,10,14,14,88,No,Yes,No,Yes
Round Cassette with Side & Bottom ChannelsTop FixSomfy External CBUS Motor,10,14,14,88,No,Yes,No,Yes
Round Cassette with Side & Bottom ChannelsTop FixSomfy External Remote Motor,10,14,14,88,No,Yes,No,Yes
Round Cassette with Side & Bottom ChannelsTop FixSomfy External CBUS Motor,10,14,14,88,No,Yes,No,Yes
Round Cassette with Side & Bottom ChannelsTop FixHD Somfy External Remote Motor,10,14,14,88,No,Yes,No,Yes
Round Cassette with Side & Bottom ChannelsInside Window MountChain Winder,10,14,29,88,No,Yes,No,Yes
Round Cassette with Side & Bottom ChannelsInside Window MountHD Chain Winder,10,14,29,88,No,Yes,No,Yes
Round Cassette with Side & Bottom ChannelsInside Window MountChain Winder 60mm,10,14,29,88,No,Yes,No,Yes
Round Cassette with Side & Bottom ChannelsInside Window MountChain Winder Fixed Guide,10,14,29,88,No,Yes,No,Yes
Round Cassette with Side & Bottom ChannelsInside Window MountLinked,10,14,14,88,No,Yes,No,Yes
Round Cassette with Side & Bottom ChannelsInside Window MountLinked - HD,10,14,14,88,No,Yes,No,Yes
Round Cassette with Side & Bottom ChannelsInside Window MountStandard Spring,10,14,14,88,No,Yes,No,Yes
Round Cassette with Side & Bottom ChannelsInside Window MountSmall Spring,10,14,14,88,No,Yes,No,Yes
Round Cassette with Side & Bottom ChannelsInside Window MountUniline Spring (Old Style),10,14,14,88,No,Yes,No,Yes
Round Cassette with Side & Bottom ChannelsInside Window MountBecker Remote Motor,10,14,14,88,No,Yes,No,Yes
Round Cassette with Side & Bottom ChannelsInside Window MountBecker CBUS Motor,10,14,14,88,No,Yes,No,Yes
Round Cassette with Side & Bottom ChannelsInside Window MountBecker External Remote Motor,10,14,14,88,No,Yes,No,Yes
Round Cassette with Side & Bottom ChannelsInside Window MountBecker External CBUS Motor,10,14,14,88,No,Yes,No,Yes
Round Cassette with Side & Bottom ChannelsInside Window Mount1.1nm 12v Acmeda Motor,10,14,14,88,No,Yes,No,Yes
Round Cassette with Side & Bottom ChannelsInside Window Mount2nm 12v Acmeda Motor,10,14,14,88,No,Yes,No,Yes
Round Cassette with Side & Bottom ChannelsInside Window MountAcmeda 12v 6nm Motor,10,14,14,88,No,Yes,No,Yes
Round Cassette with Side & Bottom ChannelsInside Window Mount0.7nm 12v Acmeda Motor,10,14,14,88,No,Yes,No,Yes
Round Cassette with Side & Bottom ChannelsInside Window Mount1.1nm 12v Acmeda DCRF Motor with External Battery,10,14,14,88,No,Yes,No,Yes
Round Cassette with Side & Bottom ChannelsInside Window Mount1.1nm 12v Acmeda DCRF Motor,10,14,14,88,No,Yes,No,Yes
Round Cassette with Side & Bottom ChannelsInside Window Mount2nm 12v Acmeda DCRF Motor,10,14,14,88,No,Yes,No,Yes
Round Cassette with Side & Bottom ChannelsInside Window MountSomfy Remote Sonesse Motor,10,14,14,88,No,Yes,No,Yes
Round Cassette with Side & Bottom ChannelsInside Window MountSomfy 12v Remote Sonesse Motor,10,14,14,88,No,Yes,No,Yes
Round Cassette with Side & Bottom ChannelsInside Window MountSomfy CBUS Motor,10,14,14,88,No,Yes,No,Yes
Round Cassette with Side & Bottom ChannelsInside Window MountHD Somfy Remote Sonesse Motor,10,14,14,88,No,Yes,No,Yes
Round Cassette with Side & Bottom ChannelsInside Window MountHD Somfy 12v Remote Sonesse Motor,10,14,14,88,No,Yes,No,Yes
Round Cassette with Side & Bottom ChannelsInside Window MountHD Somfy CBUS Motor,10,14,14,88,No,Yes,No,Yes
Round Cassette with Side & Bottom ChannelsInside Window MountAcmeda E6 Motor,10,14,14,88,No,Yes,No,Yes
Round Cassette with Side & Bottom ChannelsInside Window MountAcmeda M6 Motor,10,14,14,88,No,Yes,No,Yes
Round Cassette with Side & Bottom ChannelsInside Window MountUniline Remote Motor,10,14,14,88,No,Yes,No,Yes
Round Cassette with Side & Bottom ChannelsInside Window MountUniline Cbus Motor,10,14,14,88,No,Yes,No,Yes
Round Cassette with Side & Bottom ChannelsInside Window MountNice Remote Motor,10,14,14,88,No,Yes,No,Yes
Round Cassette with Side & Bottom ChannelsInside Window MountNice CBus Motor,10,14,14,88,No,Yes,No,Yes
Round Cassette with Side & Bottom ChannelsInside Window MountSunboss Chain Winder 38mm Tube,10,14,14,88,No,Yes,No,Yes
Round Cassette with Side & Bottom ChannelsInside Window MountSunboss Chain Winder 43mm Tube,10,14,14,88,No,Yes,No,Yes
Round Cassette with Side & Bottom ChannelsInside Window MountTBS Remote Motor,10,14,14,88,No,Yes,No,Yes
Round Cassette with Side & Bottom ChannelsInside Window MountTBS Cbus Motor,10,14,14,88,No,Yes,No,Yes
Round Cassette with Side & Bottom ChannelsInside Window MountAcmeda External Motor,10,14,14,88,No,Yes,No,Yes
Round Cassette with Side & Bottom ChannelsInside Window MountAcmeda External 12v Motor,10,14,14,88,No,Yes,No,Yes
Round Cassette with Side & Bottom ChannelsInside Window MountSomfy External CBUS Motor,10,14,14,88,No,Yes,No,Yes
Round Cassette with Side & Bottom ChannelsInside Window MountSomfy External Remote Motor,10,14,14,88,No,Yes,No,Yes
Round Cassette with Side & Bottom ChannelsInside Window MountHD Somfy External CBUS Motor,10,14,14,88,No,Yes,No,Yes
Round Cassette with Side & Bottom ChannelsInside Window MountHD Somfy External Remote Motor,10,14,14,88,No,Yes,No,Yes
Round Cassette with Side & Bottom ChannelsOutside Window MountChain Winder,10,14,29,88,No,Yes,No,Yes
Round Cassette with Side & Bottom ChannelsOutside Window MountHD Chain Winder,10,14,29,88,No,Yes,No,Yes
Round Cassette with Side & Bottom ChannelsOutside Window MountChain Winder 60mm,10,14,29,88,No,Yes,No,Yes
Round Cassette with Side & Bottom ChannelsOutside Window MountChain Winder Fixed Guide,10,14,29,88,No,Yes,No,Yes
Round Cassette with Side & Bottom ChannelsOutside Window MountLinked,10,14,14,88,No,Yes,No,Yes
Round Cassette with Side & Bottom ChannelsOutside Window MountLinked - HD,10,14,14,88,No,Yes,No,Yes
Round Cassette with Side & Bottom ChannelsOutside Window MountStandard Spring,10,14,14,88,No,Yes,No,Yes
Round Cassette with Side & Bottom ChannelsOutside Window MountSmall Spring,10,14,14,88,No,Yes,No,Yes
Round Cassette with Side & Bottom ChannelsOutside Window MountUniline Spring (Old Style),10,14,14,88,No,Yes,No,Yes
Round Cassette with Side & Bottom ChannelsOutside Window MountBecker Remote Motor,10,14,14,88,No,Yes,No,Yes
Round Cassette with Side & Bottom ChannelsOutside Window MountBecker CBUS Motor,10,14,14,88,No,Yes,No,Yes
Round Cassette with Side & Bottom ChannelsOutside Window MountBecker External Remote Motor,10,14,14,88,No,Yes,No,Yes
Round Cassette with Side & Bottom ChannelsOutside Window MountBecker External CBUS Motor,10,14,14,88,No,Yes,No,Yes
Round Cassette with Side & Bottom ChannelsOutside Window Mount1.1nm 12v Acmeda Motor,10,14,14,88,No,Yes,No,Yes
Round Cassette with Side & Bottom ChannelsOutside Window Mount2nm 12v Acmeda Motor,10,14,14,88,No,Yes,No,Yes
Round Cassette with Side & Bottom ChannelsOutside Window MountAcmeda 12v 6nm Motor,10,14,14,88,No,Yes,No,Yes
Round Cassette with Side & Bottom ChannelsOutside Window Mount0.7nm 12v Acmeda Motor,10,14,14,88,No,Yes,No,Yes
Round Cassette with Side & Bottom ChannelsOutside Window Mount1.1nm 12v Acmeda DCRF Motor with External Battery,10,14,14,88,No,Yes,No,Yes
Round Cassette with Side & Bottom ChannelsOutside Window Mount1.1nm 12v Acmeda DCRF Motor,10,14,14,88,No,Yes,No,Yes
Round Cassette with Side & Bottom ChannelsOutside Window Mount2nm 12v Acmeda DCRF Motor,10,14,14,88,No,Yes,No,Yes
Round Cassette with Side & Bottom ChannelsOutside Window MountSomfy Remote Sonesse Motor,10,14,14,88,No,Yes,No,Yes
Round Cassette with Side & Bottom ChannelsOutside Window MountSomfy 12v Remote Sonesse Motor,10,14,14,88,No,Yes,No,Yes
Round Cassette with Side & Bottom ChannelsOutside Window MountSomfy CBUS Motor,10,14,14,88,No,Yes,No,Yes
Round Cassette with Side & Bottom ChannelsOutside Window MountHD Somfy Remote Sonesse Motor,10,14,14,88,No,Yes,No,Yes
Round Cassette with Side & Bottom ChannelsOutside Window MountHD Somfy 12v Remote Sonesse Motor,10,14,14,88,No,Yes,No,Yes
Round Cassette with Side & Bottom ChannelsOutside Window MountHD Somfy CBUS Motor,10,14,14,88,No,Yes,No,Yes
Round Cassette with Side & Bottom ChannelsOutside Window MountAcmeda E6 Motor,10,14,14,88,No,Yes,No,Yes
Round Cassette with Side & Bottom ChannelsOutside Window MountAcmeda M6 Motor,10,14,14,88,No,Yes,No,Yes
Round Cassette with Side & Bottom ChannelsOutside Window MountUniline Remote Motor,10,14,14,88,No,Yes,No,Yes
Round Cassette with Side & Bottom ChannelsOutside Window MountUniline Cbus Motor,10,14,14,88,No,Yes,No,Yes
Round Cassette with Side & Bottom ChannelsOutside Window MountNice Remote Motor,10,14,14,88,No,Yes,No,Yes
Round Cassette with Side & Bottom ChannelsOutside Window MountNice CBus Motor,10,14,14,88,No,Yes,No,Yes
Round Cassette with Side & Bottom ChannelsOutside Window MountSunboss Chain Winder 38mm Tube,10,14,14,88,No,Yes,No,Yes
Round Cassette with Side & Bottom ChannelsOutside Window MountSunboss Chain Winder 43mm Tube,10,14,14,88,No,Yes,No,Yes
Round Cassette with Side & Bottom ChannelsOutside Window MountTBS Remote Motor,10,14,14,88,No,Yes,No,Yes
Round Cassette with Side & Bottom ChannelsOutside Window MountTBS Cbus Motor,10,14,14,88,No,Yes,,Yes
Round Cassette with Side & Bottom ChannelsOutside Window MountAcmeda External Motor,10,14,14,88,No,Yes,,Yes
Round Cassette with Side & Bottom ChannelsOutside Window MountAcmeda External 12v Motor,10,14,14,88,No,Yes,No,Yes
Round Cassette with Side & Bottom ChannelsOutside Window MountSomfy External CBUS Motor,10,14,14,88,No,Yes,No,Yes
Round Cassette with Side & Bottom ChannelsOutside Window MountSomfy External Remote Motor,10,14,14,88,No,Yes,No,Yes
Round Cassette with Side & Bottom ChannelsOutside Window MountHD Somfy External CBUS Motor,10,14,14,88,No,Yes,No,Yes
Round Cassette with Side & Bottom ChannelsOutside Window MountHD Somfy External Remote Motor,10,14,14,88,No,Yes,No,Yes
Round Cassette with Side & Bottom ChannelsRevealChain Winder,10,14,29,88,No,Yes,No,Yes
Round Cassette with Side & Bottom ChannelsRevealHD Chain Winder,10,14,29,88,No,Yes,No,Yes
Round Cassette with Side & Bottom ChannelsRevealChain Winder 60mm,10,14,29,88,No,Yes,No,Yes
Round Cassette with Side & Bottom ChannelsRevealChain Winder Fixed Guide,10,14,29,88,No,Yes,No,Yes
Round Cassette with Side & Bottom ChannelsRevealLinked,10,14,14,88,No,Yes,No,Yes
Round Cassette with Side & Bottom ChannelsRevealLinked - HD,10,14,14,88,No,Yes,No,Yes
Round Cassette with Side & Bottom ChannelsRevealStandard Spring,10,14,14,88,No,Yes,No,Yes
Round Cassette with Side & Bottom ChannelsRevealSmall Spring,10,14,14,88,No,Yes,No,Yes
Round Cassette with Side & Bottom ChannelsRevealUniline Spring (Old Style),10,14,14,88,No,Yes,No,Yes
Round Cassette with Side & Bottom ChannelsRevealBecker Remote Motor,10,14,14,88,No,Yes,No,Yes
Round Cassette with Side & Bottom ChannelsRevealBecker CBUS Motor,10,14,14,88,No,Yes,No,Yes
Round Cassette with Side & Bottom ChannelsRevealBecker External Remote Motor,10,14,14,88,No,Yes,No,Yes
Round Cassette with Side & Bottom ChannelsRevealBecker External CBUS Motor,10,14,14,88,No,Yes,No,Yes
Round Cassette with Side & Bottom ChannelsReveal1.1nm 12v Acmeda Motor,10,14,14,88,No,Yes,No,Yes
Round Cassette with Side & Bottom ChannelsReveal2nm 12v Acmeda Motor,10,14,14,88,No,Yes,No,Yes
Round Cassette with Side & Bottom ChannelsRevealAcmeda 12v 6nm Motor,10,14,14,88,No,Yes,No,Yes
Round Cassette with Side & Bottom ChannelsReveal0.7nm 12v Acmeda Motor,10,14,14,88,No,Yes,No,Yes
Round Cassette with Side & Bottom ChannelsReveal1.1nm 12v Acmeda DCRF Motor with External Battery,10,14,14,88,No,Yes,No,Yes
Round Cassette with Side & Bottom ChannelsReveal1.1nm 12v Acmeda DCRF Motor,10,14,14,88,No,Yes,No,Yes
Round Cassette with Side & Bottom ChannelsReveal2nm 12v Acmeda DCRF Motor,10,14,14,88,No,Yes,No,Yes
Round Cassette with Side & Bottom ChannelsRevealSomfy Remote Sonesse Motor,10,14,14,88,No,Yes,No,Yes
Round Cassette with Side & Bottom ChannelsRevealSomfy 12v Remote Sonesse Motor,10,14,14,88,No,Yes,No,Yes
Round Cassette with Side & Bottom ChannelsRevealSomfy CBUS Motor,10,14,14,88,No,Yes,No,Yes
Round Cassette with Side & Bottom ChannelsRevealHD Somfy Remote Sonesse Motor,10,14,14,88,No,Yes,No,Yes
Round Cassette with Side & Bottom ChannelsRevealHD Somfy 12v Remote Sonesse Motor,10,14,14,88,No,Yes,No,Yes
Round Cassette with Side & Bottom ChannelsRevealHD Somfy CBUS Motor,10,14,14,88,No,Yes,No,Yes
Round Cassette with Side & Bottom ChannelsRevealAcmeda E6 Motor,10,14,14,88,No,Yes,No,Yes
Round Cassette with Side & Bottom ChannelsRevealAcmeda M6 Motor,10,14,14,88,No,Yes,No,Yes
Round Cassette with Side & Bottom ChannelsRevealUniline Remote Motor,10,14,14,88,No,Yes,No,Yes
Round Cassette with Side & Bottom ChannelsRevealUniline Cbus Motor,10,14,14,88,No,Yes,No,Yes
Round Cassette with Side & Bottom ChannelsRevealNice Remote Motor,10,14,14,88,No,Yes,No,Yes
Round Cassette with Side & Bottom ChannelsRevealNice CBus Motor,10,14,14,88,No,Yes,No,Yes
Round Cassette with Side & Bottom ChannelsRevealSunboss Chain Winder 38mm Tube,10,14,14,88,No,Yes,No,Yes
Round Cassette with Side & Bottom ChannelsRevealSunboss Chain Winder 43mm Tube,10,14,14,88,No,Yes,No,Yes
Round Cassette with Side & Bottom ChannelsRevealTBS Remote Motor,10,14,14,88,No,Yes,No,Yes
Round Cassette with Side & Bottom ChannelsRevealTBS Cbus Motor,10,14,14,88,No,Yes,No,Yes
Round Cassette with Side & Bottom ChannelsRevealAcmeda External Motor,10,14,14,88,No,Yes,No,Yes
Round Cassette with Side & Bottom ChannelsRevealAcmeda External 12v Motor,10,14,14,88,No,Yes,No,Yes
Round Cassette with Side & Bottom ChannelsRevealSomfy External CBUS Motor,10,14,14,88,No,Yes,No,Yes
Round Cassette with Side & Bottom ChannelsRevealSomfy External Remote Motor,10,14,14,88,No,Yes,No,Yes
Round Cassette with Side & Bottom ChannelsRevealHD Somfy External CBUS Motor,10,14,14,88,No,Yes,No,Yes
Round Cassette with Side & Bottom ChannelsRevealHD Somfy External Remote Motor,10,14,14,88,No,Yes,No,Yes
Shaped Upholstered PelmetFaceChain Winder,0,N/A,N/A,N/A,N/A,No,N/A,N/A
Shaped Upholstered PelmetFaceHD Chain Winder,0,N/A,N/A,N/A,N/A,No,N/A,N/A
Shaped Upholstered PelmetFaceChain Winder 60mm,0,N/A,N/A,N/A,N/A,No,N/A,N/A
Shaped Upholstered PelmetFaceChain Winder Fixed Guide,0,N/A,N/A,N/A,N/A,No,N/A,N/A
Shaped Upholstered PelmetFaceLinked,0,N/A,N/A,N/A,N/A,No,N/A,N/A
Shaped Upholstered PelmetFaceLinked - HD,0,N/A,N/A,N/A,N/A,No,N/A,N/A
Shaped Upholstered PelmetFaceLinked 60mm,0,N/A,N/A,N/A,N/A,No,N/A,N/A
Shaped Upholstered PelmetFaceStandard Spring,0,N/A,N/A,N/A,N/A,No,N/A,N/A
Shaped Upholstered PelmetFaceSmall Spring,0,N/A,N/A,N/A,N/A,No,N/A,N/A
Shaped Upholstered PelmetFaceUniline Spring (Old Style),0,N/A,N/A,N/A,N/A,No,N/A,N/A
Shaped Upholstered PelmetFaceBecker Remote Motor,0,N/A,N/A,N/A,N/A,No,N/A,N/A
Shaped Upholstered PelmetFaceBecker CBUS Motor,0,N/A,N/A,N/A,N/A,No,N/A,N/A
Shaped Upholstered PelmetFaceBecker External Remote Motor,0,N/A,N/A,N/A,N/A,No,N/A,N/A
Shaped Upholstered PelmetFaceBecker External CBUS Motor,0,N/A,N/A,N/A,N/A,No,N/A,N/A
Shaped Upholstered PelmetFace1.1nm 12v Acmeda Motor,0,N/A,N/A,N/A,N/A,No,N/A,N/A
Shaped Upholstered PelmetFace2nm 12v Acmeda Motor,0,N/A,N/A,N/A,N/A,No,N/A,N/A
Shaped Upholstered PelmetFaceAcmeda 12v 6nm Motor,0,N/A,N/A,N/A,N/A,No,N/A,N/A
Shaped Upholstered PelmetFace0.7nm 12v Acmeda Motor,0,N/A,N/A,N/A,N/A,No,N/A,N/A
Shaped Upholstered PelmetFace1.1nm 12v Acmeda DCRF Motor with External Battery,0,N/A,N/A,N/A,N/A,No,N/A,N/A
Shaped Upholstered PelmetFace1.1nm 12v Acmeda DCRF Motor,0,N/A,N/A,N/A,N/A,No,N/A,N/A
Shaped Upholstered PelmetFace2nm 12v Acmeda DCRF Motor,0,N/A,N/A,N/A,N/A,No,N/A,N/A
Shaped Upholstered PelmetFaceSomfy Remote Sonesse Motor,0,N/A,N/A,N/A,N/A,No,N/A,N/A
Shaped Upholstered PelmetFaceSomfy 12v Remote Sonesse Motor,0,N/A,N/A,N/A,N/A,No,N/A,N/A
Shaped Upholstered PelmetFaceSomfy CBUS Motor,0,N/A,N/A,N/A,N/A,No,N/A,N/A
Shaped Upholstered PelmetFaceHD Somfy Remote Sonesse Motor,0,N/A,N/A,N/A,N/A,No,N/A,N/A
Shaped Upholstered PelmetFaceHD Somfy 12v Remote Sonesse Motor,0,N/A,N/A,N/A,N/A,No,N/A,N/A
Shaped Upholstered PelmetFaceHD Somfy CBUS Motor,0,N/A,N/A,N/A,N/A,No,N/A,N/A
Shaped Upholstered PelmetFaceAcmeda E6 Motor,0,N/A,N/A,N/A,N/A,No,N/A,N/A
Shaped Upholstered PelmetFaceAcmeda M6 Motor,0,N/A,N/A,N/A,N/A,No,N/A,N/A
Shaped Upholstered PelmetFaceUniline Remote Motor,0,N/A,N/A,N/A,N/A,No,N/A,N/A
Shaped Upholstered PelmetFaceUniline Cbus Motor,0,N/A,N/A,N/A,N/A,No,N/A,N/A
Shaped Upholstered PelmetFaceNice Remote Motor,0,N/A,N/A,N/A,N/A,No,N/A,N/A
Shaped Upholstered PelmetFaceNice CBus Motor,0,N/A,N/A,N/A,N/A,No,N/A,N/A
Shaped Upholstered PelmetFaceSunboss Chain Winder 38mm Tube,0,N/A,N/A,N/A,N/A,No,N/A,N/A
Shaped Upholstered PelmetFaceSunboss Chain Winder 43mm Tube,0,N/A,N/A,N/A,N/A,No,N/A,N/A
Shaped Upholstered PelmetFaceTBS Remote Motor,0,N/A,N/A,N/A,N/A,No,N/A,N/A
Shaped Upholstered PelmetFaceTBS Cbus Motor,0,N/A,N/A,N/A,N/A,No,N/A,N/A
Shaped Upholstered PelmetFaceAcmeda External Motor,0,N/A,N/A,N/A,N/A,No,N/A,N/A
Shaped Upholstered PelmetFaceAcmeda External 12v Motor,0,N/A,N/A,N/A,N/A,No,N/A,N/A
Shaped Upholstered PelmetFaceSomfy External CBUS Motor,0,N/A,N/A,N/A,N/A,No,N/A,N/A
Shaped Upholstered PelmetFaceSomfy External Remote Motor,0,N/A,N/A,N/A,N/A,No,N/A,N/A
Shaped Upholstered PelmetFaceHD Somfy External CBUS Motor,0,N/A,N/A,N/A,N/A,No,N/A,N/A
Shaped Upholstered PelmetFaceHD Somfy External Remote Motor,0,N/A,N/A,N/A,N/A,No,N/A,N/A
Shaped Upholstered PelmetTop FixChain Winder,0,N/A,N/A,N/A,N/A,No,N/A,N/A
Shaped Upholstered PelmetTop FixHD Chain Winder,0,N/A,N/A,N/A,N/A,No,N/A,N/A
Shaped Upholstered PelmetTop FixChain Winder 60mm,0,N/A,N/A,N/A,N/A,No,N/A,N/A
Shaped Upholstered PelmetTop FixChain Winder Fixed Guide,0,N/A,N/A,N/A,N/A,No,N/A,N/A
Shaped Upholstered PelmetTop FixLinked,0,N/A,N/A,N/A,N/A,No,N/A,N/A
Shaped Upholstered PelmetTop FixLinked - HD,0,N/A,N/A,N/A,N/A,No,N/A,N/A
Shaped Upholstered PelmetTop FixLinked 60mm,0,N/A,N/A,N/A,N/A,No,N/A,N/A
Shaped Upholstered PelmetTop FixStandard Spring,0,N/A,N/A,N/A,N/A,No,N/A,N/A
Shaped Upholstered PelmetTop FixSmall Spring,0,N/A,N/A,N/A,N/A,No,N/A,N/A
Shaped Upholstered PelmetTop FixUniline Spring (Old Style),0,N/A,N/A,N/A,N/A,No,N/A,N/A
Shaped Upholstered PelmetTop FixBecker Remote Motor,0,N/A,N/A,N/A,N/A,No,N/A,N/A
Shaped Upholstered PelmetTop FixBecker CBUS Motor,0,N/A,N/A,N/A,N/A,No,N/A,N/A
Shaped Upholstered PelmetTop FixBecker External Remote Motor,0,N/A,N/A,N/A,N/A,No,N/A,N/A
Shaped Upholstered PelmetTop FixBecker External CBUS Motor,0,N/A,N/A,N/A,N/A,No,N/A,N/A
Shaped Upholstered PelmetTop Fix1.1nm 12v Acmeda Motor,0,N/A,N/A,N/A,N/A,No,N/A,N/A
Shaped Upholstered PelmetTop Fix2nm 12v Acmeda Motor,0,N/A,N/A,N/A,N/A,No,N/A,N/A
Shaped Upholstered PelmetTop FixAcmeda 12v 6nm Motor,0,N/A,N/A,N/A,N/A,No,N/A,N/A
Shaped Upholstered PelmetTop Fix0.7nm 12v Acmeda Motor,0,N/A,N/A,N/A,N/A,No,N/A,N/A
Shaped Upholstered PelmetTop Fix1.1nm 12v Acmeda DCRF Motor with External Battery,0,N/A,N/A,N/A,N/A,No,N/A,N/A
Shaped Upholstered PelmetTop Fix1.1nm 12v Acmeda DCRF Motor,0,N/A,N/A,N/A,N/A,No,N/A,N/A
Shaped Upholstered PelmetTop Fix2nm 12v Acmeda DCRF Motor,0,N/A,N/A,N/A,N/A,No,N/A,N/A
Shaped Upholstered PelmetTop FixSomfy Remote Sonesse Motor,0,N/A,N/A,N/A,N/A,No,N/A,N/A
Shaped Upholstered PelmetTop FixSomfy 12v Remote Sonesse Motor,0,N/A,N/A,N/A,N/A,No,N/A,N/A
Shaped Upholstered PelmetTop FixSomfy CBUS Motor,0,N/A,N/A,N/A,N/A,No,N/A,N/A
Shaped Upholstered PelmetTop FixHD Somfy Remote Sonesse Motor,0,N/A,N/A,N/A,N/A,No,N/A,N/A
Shaped Upholstered PelmetTop FixHD Somfy 12v Remote Sonesse Motor,0,N/A,N/A,N/A,N/A,No,N/A,N/A
Shaped Upholstered PelmetTop FixHD Somfy CBUS Motor,0,N/A,N/A,N/A,N/A,No,N/A,N/A
Shaped Upholstered PelmetTop FixAcmeda E6 Motor,0,N/A,N/A,N/A,N/A,No,N/A,N/A
Shaped Upholstered PelmetTop FixAcmeda M6 Motor,0,N/A,N/A,N/A,N/A,No,N/A,N/A
Shaped Upholstered PelmetTop FixUniline Remote Motor,0,N/A,N/A,N/A,N/A,No,N/A,N/A
Shaped Upholstered PelmetTop FixUniline Cbus Motor,0,N/A,N/A,N/A,N/A,No,N/A,N/A
Shaped Upholstered PelmetTop FixNice Remote Motor,0,N/A,N/A,N/A,N/A,No,N/A,N/A
Shaped Upholstered PelmetTop FixNice CBus Motor,0,N/A,N/A,N/A,N/A,No,N/A,N/A
Shaped Upholstered PelmetTop FixSunboss Chain Winder 38mm Tube,0,N/A,N/A,N/A,N/A,No,N/A,N/A
Shaped Upholstered PelmetTop FixSunboss Chain Winder 43mm Tube,0,N/A,N/A,N/A,N/A,No,N/A,N/A
Shaped Upholstered PelmetTop FixTBS Remote Motor,0,N/A,N/A,N/A,N/A,No,N/A,N/A
Shaped Upholstered PelmetTop FixTBS Cbus Motor,0,N/A,N/A,N/A,N/A,No,N/A,N/A
Shaped Upholstered PelmetTop FixAcmeda External Motor,0,N/A,N/A,N/A,N/A,No,N/A,N/A
Shaped Upholstered PelmetTop FixAcmeda External 12v Motor,0,N/A,N/A,N/A,N/A,No,N/A,N/A
Shaped Upholstered PelmetTop FixSomfy External CBUS Motor,0,N/A,N/A,N/A,N/A,No,N/A,N/A
Shaped Upholstered PelmetTop FixSomfy External Remote Motor,0,N/A,N/A,N/A,N/A,No,N/A,N/A
Shaped Upholstered PelmetTop FixSomfy External CBUS Motor,0,N/A,N/A,N/A,N/A,No,N/A,N/A
Shaped Upholstered PelmetTop FixHD Somfy External Remote Motor,0,N/A,N/A,N/A,N/A,No,N/A,N/A
Shaped Upholstered PelmetInside Window MountChain Winder,0,N/A,N/A,N/A,N/A,No,N/A,N/A
Shaped Upholstered PelmetInside Window MountHD Chain Winder,0,N/A,N/A,N/A,N/A,No,N/A,N/A
Shaped Upholstered PelmetInside Window MountChain Winder 60mm,0,N/A,N/A,N/A,N/A,No,N/A,N/A
Shaped Upholstered PelmetInside Window MountChain Winder Fixed Guide,0,N/A,N/A,N/A,N/A,No,N/A,N/A
Shaped Upholstered PelmetInside Window MountLinked,0,N/A,N/A,N/A,N/A,No,N/A,N/A
Shaped Upholstered PelmetInside Window MountLinked - HD,0,N/A,N/A,N/A,N/A,No,N/A,N/A
Shaped Upholstered PelmetInside Window MountLinked 60mm,0,N/A,N/A,N/A,N/A,No,N/A,N/A
Shaped Upholstered PelmetInside Window MountStandard Spring,0,N/A,N/A,N/A,N/A,No,N/A,N/A
Shaped Upholstered PelmetInside Window MountSmall Spring,0,N/A,N/A,N/A,N/A,No,N/A,N/A
Shaped Upholstered PelmetInside Window MountUniline Spring (Old Style),0,N/A,N/A,N/A,N/A,No,N/A,N/A
Shaped Upholstered PelmetInside Window MountBecker Remote Motor,0,N/A,N/A,N/A,N/A,No,N/A,N/A
Shaped Upholstered PelmetInside Window MountBecker CBUS Motor,0,N/A,N/A,N/A,N/A,No,N/A,N/A
Shaped Upholstered PelmetInside Window MountBecker External Remote Motor,0,N/A,N/A,N/A,N/A,No,N/A,N/A
Shaped Upholstered PelmetInside Window MountBecker External CBUS Motor,0,N/A,N/A,N/A,N/A,No,N/A,N/A
Shaped Upholstered PelmetInside Window Mount1.1nm 12v Acmeda Motor,0,N/A,N/A,N/A,N/A,No,N/A,N/A
Shaped Upholstered PelmetInside Window Mount2nm 12v Acmeda Motor,0,N/A,N/A,N/A,N/A,No,N/A,N/A
Shaped Upholstered PelmetInside Window MountAcmeda 12v 6nm Motor,0,N/A,N/A,N/A,N/A,No,N/A,N/A
Shaped Upholstered PelmetInside Window Mount0.7nm 12v Acmeda Motor,0,N/A,N/A,N/A,N/A,No,N/A,N/A
Shaped Upholstered PelmetInside Window Mount1.1nm 12v Acmeda DCRF Motor with External Battery,0,N/A,N/A,N/A,N/A,No,N/A,N/A
Shaped Upholstered PelmetInside Window Mount1.1nm 12v Acmeda DCRF Motor,0,N/A,N/A,N/A,N/A,No,N/A,N/A
Shaped Upholstered PelmetInside Window Mount2nm 12v Acmeda DCRF Motor,0,N/A,N/A,N/A,N/A,No,N/A,N/A
Shaped Upholstered PelmetInside Window MountSomfy Remote Sonesse Motor,0,N/A,N/A,N/A,N/A,No,N/A,N/A
Shaped Upholstered PelmetInside Window MountSomfy 12v Remote Sonesse Motor,0,N/A,N/A,N/A,N/A,No,N/A,N/A
Shaped Upholstered PelmetInside Window MountSomfy CBUS Motor,0,N/A,N/A,N/A,N/A,No,N/A,N/A
Shaped Upholstered PelmetInside Window MountHD Somfy Remote Sonesse Motor,0,N/A,N/A,N/A,N/A,No,N/A,N/A
Shaped Upholstered PelmetInside Window MountHD Somfy 12v Remote Sonesse Motor,0,N/A,N/A,N/A,N/A,No,N/A,N/A
Shaped Upholstered PelmetInside Window MountHD Somfy CBUS Motor,0,N/A,N/A,N/A,N/A,No,N/A,N/A
Shaped Upholstered PelmetInside Window MountAcmeda E6 Motor,0,N/A,N/A,N/A,N/A,No,N/A,N/A
Shaped Upholstered PelmetInside Window MountAcmeda M6 Motor,0,N/A,N/A,N/A,N/A,No,N/A,N/A
Shaped Upholstered PelmetInside Window MountUniline Remote Motor,0,N/A,N/A,N/A,N/A,No,N/A,N/A
Shaped Upholstered PelmetInside Window MountUniline Cbus Motor,0,N/A,N/A,N/A,N/A,No,N/A,N/A
Shaped Upholstered PelmetInside Window MountNice Remote Motor,0,N/A,N/A,N/A,N/A,No,N/A,N/A
Shaped Upholstered PelmetInside Window MountNice CBus Motor,0,N/A,N/A,N/A,N/A,No,N/A,N/A
Shaped Upholstered PelmetInside Window MountSunboss Chain Winder 38mm Tube,0,N/A,N/A,N/A,N/A,No,N/A,N/A
Shaped Upholstered PelmetInside Window MountSunboss Chain Winder 43mm Tube,0,N/A,N/A,N/A,N/A,No,N/A,N/A
Shaped Upholstered PelmetInside Window MountTBS Remote Motor,0,N/A,N/A,N/A,N/A,No,N/A,N/A
Shaped Upholstered PelmetInside Window MountTBS Cbus Motor,0,N/A,N/A,N/A,N/A,No,N/A,N/A
Shaped Upholstered PelmetInside Window MountAcmeda External Motor,0,N/A,N/A,N/A,N/A,No,N/A,N/A
Shaped Upholstered PelmetInside Window MountAcmeda External 12v Motor,0,N/A,N/A,N/A,N/A,No,N/A,N/A
Shaped Upholstered PelmetInside Window MountSomfy External CBUS Motor,0,N/A,N/A,N/A,N/A,No,N/A,N/A
Shaped Upholstered PelmetInside Window MountSomfy External Remote Motor,0,N/A,N/A,N/A,N/A,No,N/A,N/A
Shaped Upholstered PelmetInside Window MountHD Somfy External CBUS Motor,0,N/A,N/A,N/A,N/A,No,N/A,N/A
Shaped Upholstered PelmetInside Window MountHD Somfy External Remote Motor,0,N/A,N/A,N/A,N/A,No,N/A,N/A
Shaped Upholstered PelmetOutside Window MountChain Winder,0,N/A,N/A,N/A,N/A,No,N/A,N/A
Shaped Upholstered PelmetOutside Window MountHD Chain Winder,0,N/A,N/A,N/A,N/A,No,N/A,N/A
Shaped Upholstered PelmetOutside Window MountChain Winder 60mm,0,N/A,N/A,N/A,N/A,No,N/A,N/A
Shaped Upholstered PelmetOutside Window MountChain Winder Fixed Guide,0,N/A,N/A,N/A,N/A,No,N/A,N/A
Shaped Upholstered PelmetOutside Window MountLinked,0,N/A,N/A,N/A,N/A,No,N/A,N/A
Shaped Upholstered PelmetOutside Window MountLinked - HD,0,N/A,N/A,N/A,N/A,No,N/A,N/A
Shaped Upholstered PelmetOutside Window MountLinked 60mm,0,N/A,N/A,N/A,N/A,No,N/A,N/A
Shaped Upholstered PelmetOutside Window MountStandard Spring,0,N/A,N/A,N/A,N/A,No,N/A,N/A
Shaped Upholstered PelmetOutside Window MountSmall Spring,0,N/A,N/A,N/A,N/A,No,N/A,N/A
Shaped Upholstered PelmetOutside Window MountUniline Spring (Old Style),0,N/A,N/A,N/A,N/A,No,N/A,N/A
Shaped Upholstered PelmetOutside Window MountBecker Remote Motor,0,N/A,N/A,N/A,N/A,No,N/A,N/A
Shaped Upholstered PelmetOutside Window MountBecker CBUS Motor,0,N/A,N/A,N/A,N/A,No,N/A,N/A
Shaped Upholstered PelmetOutside Window MountBecker External Remote Motor,0,N/A,N/A,N/A,N/A,No,N/A,N/A
Shaped Upholstered PelmetOutside Window MountBecker External CBUS Motor,0,N/A,N/A,N/A,N/A,No,N/A,N/A
Shaped Upholstered PelmetOutside Window Mount1.1nm 12v Acmeda Motor,0,N/A,N/A,N/A,N/A,No,N/A,N/A
Shaped Upholstered PelmetOutside Window Mount2nm 12v Acmeda Motor,0,N/A,N/A,N/A,N/A,No,N/A,N/A
Shaped Upholstered PelmetOutside Window MountAcmeda 12v 6nm Motor,0,N/A,N/A,N/A,N/A,No,N/A,N/A
Shaped Upholstered PelmetOutside Window Mount0.7nm 12v Acmeda Motor,0,N/A,N/A,N/A,N/A,No,N/A,N/A
Shaped Upholstered PelmetOutside Window Mount1.1nm 12v Acmeda DCRF Motor with External Battery,0,N/A,N/A,N/A,N/A,No,N/A,N/A
Shaped Upholstered PelmetOutside Window Mount1.1nm 12v Acmeda DCRF Motor,0,N/A,N/A,N/A,N/A,No,N/A,N/A
Shaped Upholstered PelmetOutside Window Mount2nm 12v Acmeda DCRF Motor,0,N/A,N/A,N/A,N/A,No,N/A,N/A
Shaped Upholstered PelmetOutside Window MountSomfy Remote Sonesse Motor,0,N/A,N/A,N/A,N/A,No,N/A,N/A
Shaped Upholstered PelmetOutside Window MountSomfy 12v Remote Sonesse Motor,0,N/A,N/A,N/A,N/A,No,N/A,N/A
Shaped Upholstered PelmetOutside Window MountSomfy CBUS Motor,0,N/A,N/A,N/A,N/A,No,N/A,N/A
Shaped Upholstered PelmetOutside Window MountHD Somfy Remote Sonesse Motor,0,N/A,N/A,N/A,N/A,No,N/A,N/A
Shaped Upholstered PelmetOutside Window MountHD Somfy 12v Remote Sonesse Motor,0,N/A,N/A,N/A,N/A,No,N/A,N/A
Shaped Upholstered PelmetOutside Window MountHD Somfy CBUS Motor,0,N/A,N/A,N/A,N/A,No,N/A,N/A
Shaped Upholstered PelmetOutside Window MountAcmeda E6 Motor,0,N/A,N/A,N/A,N/A,No,N/A,N/A
Shaped Upholstered PelmetOutside Window MountAcmeda M6 Motor,0,N/A,N/A,N/A,N/A,No,N/A,N/A
Shaped Upholstered PelmetOutside Window MountUniline Remote Motor,0,N/A,N/A,N/A,N/A,No,N/A,N/A
Shaped Upholstered PelmetOutside Window MountUniline Cbus Motor,0,N/A,N/A,N/A,N/A,No,N/A,N/A
Shaped Upholstered PelmetOutside Window MountNice Remote Motor,0,N/A,N/A,N/A,N/A,No,N/A,N/A
Shaped Upholstered PelmetOutside Window MountNice CBus Motor,0,N/A,N/A,N/A,N/A,No,N/A,N/A
Shaped Upholstered PelmetOutside Window MountSunboss Chain Winder 38mm Tube,0,N/A,N/A,N/A,N/A,No,N/A,N/A
Shaped Upholstered PelmetOutside Window MountSunboss Chain Winder 43mm Tube,0,N/A,N/A,N/A,N/A,No,N/A,N/A
Shaped Upholstered PelmetOutside Window MountTBS Remote Motor,0,N/A,N/A,N/A,N/A,No,N/A,N/A
Shaped Upholstered PelmetOutside Window MountTBS Cbus Motor,0,N/A,N/A,N/A,N/A,No,,N/A
Shaped Upholstered PelmetOutside Window MountAcmeda External Motor,0,N/A,N/A,N/A,N/A,No,,N/A
Shaped Upholstered PelmetOutside Window MountAcmeda External 12v Motor,0,N/A,N/A,N/A,N/A,No,N/A,N/A
Shaped Upholstered PelmetOutside Window MountSomfy External CBUS Motor,0,N/A,N/A,N/A,N/A,No,N/A,N/A
Shaped Upholstered PelmetOutside Window MountSomfy External Remote Motor,0,N/A,N/A,N/A,N/A,No,N/A,N/A
Shaped Upholstered PelmetOutside Window MountHD Somfy External CBUS Motor,0,N/A,N/A,N/A,N/A,No,N/A,N/A
Shaped Upholstered PelmetOutside Window MountHD Somfy External Remote Motor,0,N/A,N/A,N/A,N/A,No,N/A,N/A
Shaped Upholstered PelmetRevealChain Winder,0,N/A,N/A,N/A,N/A,No,N/A,N/A
Shaped Upholstered PelmetRevealHD Chain Winder,0,N/A,N/A,N/A,N/A,No,N/A,N/A
Shaped Upholstered PelmetRevealChain Winder 60mm,0,N/A,N/A,N/A,N/A,No,N/A,N/A
Shaped Upholstered PelmetRevealChain Winder Fixed Guide,0,N/A,N/A,N/A,N/A,No,N/A,N/A
Shaped Upholstered PelmetRevealLinked,0,N/A,N/A,N/A,N/A,No,N/A,N/A
Shaped Upholstered PelmetRevealLinked - HD,0,N/A,N/A,N/A,N/A,No,N/A,N/A
Shaped Upholstered PelmetRevealLinked 60mm,0,N/A,N/A,N/A,N/A,No,N/A,N/A
Shaped Upholstered PelmetRevealStandard Spring,0,N/A,N/A,N/A,N/A,No,N/A,N/A
Shaped Upholstered PelmetRevealSmall Spring,0,N/A,N/A,N/A,N/A,No,N/A,N/A
Shaped Upholstered PelmetRevealUniline Spring (Old Style),0,N/A,N/A,N/A,N/A,No,N/A,N/A
Shaped Upholstered PelmetRevealBecker Remote Motor,0,N/A,N/A,N/A,N/A,No,N/A,N/A
Shaped Upholstered PelmetRevealBecker CBUS Motor,0,N/A,N/A,N/A,N/A,No,N/A,N/A
Shaped Upholstered PelmetRevealBecker External Remote Motor,0,N/A,N/A,N/A,N/A,No,N/A,N/A
Shaped Upholstered PelmetRevealBecker External CBUS Motor,0,N/A,N/A,N/A,N/A,No,N/A,N/A
Shaped Upholstered PelmetReveal1.1nm 12v Acmeda Motor,0,N/A,N/A,N/A,N/A,No,N/A,N/A
Shaped Upholstered PelmetReveal2nm 12v Acmeda Motor,0,N/A,N/A,N/A,N/A,No,N/A,N/A
Shaped Upholstered PelmetRevealAcmeda 12v 6nm Motor,0,N/A,N/A,N/A,N/A,No,N/A,N/A
Shaped Upholstered PelmetReveal0.7nm 12v Acmeda Motor,0,N/A,N/A,N/A,N/A,No,N/A,N/A
Shaped Upholstered PelmetReveal1.1nm 12v Acmeda DCRF Motor with External Battery,0,N/A,N/A,N/A,N/A,No,N/A,N/A
Shaped Upholstered PelmetReveal1.1nm 12v Acmeda DCRF Motor,0,N/A,N/A,N/A,N/A,No,N/A,N/A
Shaped Upholstered PelmetReveal2nm 12v Acmeda DCRF Motor,0,N/A,N/A,N/A,N/A,No,N/A,N/A
Shaped Upholstered PelmetRevealSomfy Remote Sonesse Motor,0,N/A,N/A,N/A,N/A,No,N/A,N/A
Shaped Upholstered PelmetRevealSomfy 12v Remote Sonesse Motor,0,N/A,N/A,N/A,N/A,No,N/A,N/A
Shaped Upholstered PelmetRevealSomfy CBUS Motor,0,N/A,N/A,N/A,N/A,No,N/A,N/A
Shaped Upholstered PelmetRevealHD Somfy Remote Sonesse Motor,0,N/A,N/A,N/A,N/A,No,N/A,N/A
Shaped Upholstered PelmetRevealHD Somfy 12v Remote Sonesse Motor,0,N/A,N/A,N/A,N/A,No,N/A,N/A
Shaped Upholstered PelmetRevealHD Somfy CBUS Motor,0,N/A,N/A,N/A,N/A,No,N/A,N/A
Shaped Upholstered PelmetRevealAcmeda E6 Motor,0,N/A,N/A,N/A,N/A,No,N/A,N/A
Shaped Upholstered PelmetRevealAcmeda M6 Motor,0,N/A,N/A,N/A,N/A,No,N/A,N/A
Shaped Upholstered PelmetRevealUniline Remote Motor,0,N/A,N/A,N/A,N/A,No,N/A,N/A
Shaped Upholstered PelmetRevealUniline Cbus Motor,0,N/A,N/A,N/A,N/A,No,N/A,N/A
Shaped Upholstered PelmetRevealNice Remote Motor,0,N/A,N/A,N/A,N/A,No,N/A,N/A
Shaped Upholstered PelmetRevealNice CBus Motor,0,N/A,N/A,N/A,N/A,No,N/A,N/A
Shaped Upholstered PelmetRevealSunboss Chain Winder 38mm Tube,0,N/A,N/A,N/A,N/A,No,N/A,N/A
Shaped Upholstered PelmetRevealSunboss Chain Winder 43mm Tube,0,N/A,N/A,N/A,N/A,No,N/A,N/A
Shaped Upholstered PelmetRevealTBS Remote Motor,0,N/A,N/A,N/A,N/A,No,N/A,N/A
Shaped Upholstered PelmetRevealTBS Cbus Motor,0,N/A,N/A,N/A,N/A,No,N/A,N/A
Shaped Upholstered PelmetRevealAcmeda External Motor,0,N/A,N/A,N/A,N/A,No,N/A,N/A
Shaped Upholstered PelmetRevealAcmeda External 12v Motor,0,N/A,N/A,N/A,N/A,No,N/A,N/A
Shaped Upholstered PelmetRevealSomfy External CBUS Motor,0,N/A,N/A,N/A,N/A,No,N/A,N/A
Shaped Upholstered PelmetRevealSomfy External Remote Motor,0,N/A,N/A,N/A,N/A,No,N/A,N/A
Shaped Upholstered PelmetRevealHD Somfy External CBUS Motor,0,N/A,N/A,N/A,N/A,No,N/A,N/A
Shaped Upholstered PelmetRevealHD Somfy External Remote Motor,0,N/A,N/A,N/A,N/A,No,N/A,N/A
Side ChannelsFaceChain Winder,10,N/A,N/A,60,N/A,No,N/A,N/A
Side ChannelsFaceHD Chain Winder,10,N/A,N/A,60,N/A,No,N/A,N/A
Side ChannelsFaceChain Winder 60mm,10,N/A,N/A,60,N/A,No,N/A,N/A
Side ChannelsFaceChain Winder Fixed Guide,10,N/A,N/A,60,N/A,No,N/A,N/A
Side ChannelsFaceLinked,10,N/A,N/A,60,N/A,No,N/A,N/A
Side ChannelsFaceLinked - HD,10,N/A,N/A,60,N/A,No,N/A,N/A
Side ChannelsFaceLinked 60mm,10,N/A,N/A,60,N/A,No,N/A,N/A
Side ChannelsFaceStandard Spring,10,N/A,N/A,60,N/A,No,N/A,N/A
Side ChannelsFaceSmall Spring,10,N/A,N/A,60,N/A,No,N/A,N/A
Side ChannelsFaceUniline Spring (Old Style),10,N/A,N/A,60,N/A,No,N/A,N/A
Side ChannelsFaceBecker Remote Motor,10,N/A,N/A,60,N/A,No,N/A,N/A
Side ChannelsFaceBecker CBUS Motor,10,N/A,N/A,60,N/A,No,N/A,N/A
Side ChannelsFaceBecker External Remote Motor,0,N/A,N/A,60,N/A,No,N/A,N/A
Side ChannelsFaceBecker External CBUS Motor,0,N/A,N/A,60,N/A,No,N/A,N/A
Side ChannelsFace1.1nm 12v Acmeda Motor,10,N/A,N/A,60,N/A,No,N/A,N/A
Side ChannelsFace2nm 12v Acmeda Motor,10,N/A,N/A,60,N/A,No,N/A,N/A
Side ChannelsFaceAcmeda 12v 6nm Motor,10,N/A,N/A,60,N/A,No,N/A,N/A
Side ChannelsFace0.7nm 12v Acmeda Motor,10,N/A,N/A,60,N/A,No,N/A,N/A
Side ChannelsFace1.1nm 12v Acmeda DCRF Motor with External Battery,10,N/A,N/A,60,N/A,No,N/A,N/A
Side ChannelsFace1.1nm 12v Acmeda DCRF Motor,10,N/A,N/A,60,N/A,No,N/A,N/A
Side ChannelsFace2nm 12v Acmeda DCRF Motor,10,N/A,N/A,60,N/A,No,N/A,N/A
Side ChannelsFaceSomfy Remote Sonesse Motor,10,N/A,N/A,60,N/A,No,N/A,N/A
Side ChannelsFaceSomfy 12v Remote Sonesse Motor,10,N/A,N/A,60,N/A,No,N/A,N/A
Side ChannelsFaceSomfy CBUS Motor,10,N/A,N/A,60,N/A,No,N/A,N/A
Side ChannelsFaceHD Somfy Remote Sonesse Motor,10,N/A,N/A,60,N/A,No,N/A,N/A
Side ChannelsFaceHD Somfy 12v Remote Sonesse Motor,10,N/A,N/A,60,N/A,No,N/A,N/A
Side ChannelsFaceHD Somfy CBUS Motor,10,N/A,N/A,60,N/A,No,N/A,N/A
Side ChannelsFaceAcmeda E6 Motor,10,N/A,N/A,60,N/A,No,N/A,N/A
Side ChannelsFaceAcmeda M6 Motor,10,N/A,N/A,60,N/A,No,N/A,N/A
Side ChannelsFaceUniline Remote Motor,10,N/A,N/A,60,N/A,No,N/A,N/A
Side ChannelsFaceUniline Cbus Motor,10,N/A,N/A,60,N/A,No,N/A,N/A
Side ChannelsFaceNice Remote Motor,10,N/A,N/A,60,N/A,No,N/A,N/A
Side ChannelsFaceNice CBus Motor,10,N/A,N/A,60,N/A,No,N/A,N/A
Side ChannelsFaceSunboss Chain Winder 38mm Tube,10,N/A,N/A,60,N/A,No,N/A,N/A
Side ChannelsFaceSunboss Chain Winder 43mm Tube,10,N/A,N/A,60,N/A,No,N/A,N/A
Side ChannelsFaceTBS Remote Motor,10,N/A,N/A,60,N/A,No,N/A,N/A
Side ChannelsFaceTBS Cbus Motor,10,N/A,N/A,60,N/A,No,N/A,N/A
Side ChannelsFaceAcmeda External Motor,0,N/A,N/A,60,N/A,No,N/A,N/A
Side ChannelsFaceAcmeda External 12v Motor,0,N/A,N/A,60,N/A,No,N/A,N/A
Side ChannelsFaceSomfy External CBUS Motor,0,N/A,N/A,60,N/A,No,N/A,N/A
Side ChannelsFaceSomfy External Remote Motor,0,N/A,N/A,60,N/A,No,N/A,N/A
Side ChannelsFaceHD Somfy External CBUS Motor,0,N/A,N/A,60,N/A,No,N/A,N/A
Side ChannelsFaceHD Somfy External Remote Motor,0,N/A,N/A,60,N/A,No,N/A,N/A
Side ChannelsTop FixChain Winder,10,N/A,N/A,60,N/A,No,N/A,N/A
Side ChannelsTop FixHD Chain Winder,10,N/A,N/A,60,N/A,No,N/A,N/A
Side ChannelsTop FixChain Winder 60mm,10,N/A,N/A,60,N/A,No,N/A,N/A
Side ChannelsTop FixChain Winder Fixed Guide,10,N/A,N/A,60,N/A,No,N/A,N/A
Side ChannelsTop FixLinked,10,N/A,N/A,60,N/A,No,N/A,N/A
Side ChannelsTop FixLinked - HD,10,N/A,N/A,60,N/A,No,N/A,N/A
Side ChannelsTop FixLinked 60mm,10,N/A,N/A,60,N/A,No,N/A,N/A
Side ChannelsTop FixStandard Spring,10,N/A,N/A,60,N/A,No,N/A,N/A
Side ChannelsTop FixSmall Spring,10,N/A,N/A,60,N/A,No,N/A,N/A
Side ChannelsTop FixUniline Spring (Old Style),10,N/A,N/A,60,N/A,No,N/A,N/A
Side ChannelsTop FixBecker Remote Motor,10,N/A,N/A,60,N/A,No,N/A,N/A
Side ChannelsTop FixBecker CBUS Motor,10,N/A,N/A,60,N/A,No,N/A,N/A
Side ChannelsTop FixBecker External Remote Motor,0,N/A,N/A,60,N/A,No,N/A,N/A
Side ChannelsTop FixBecker External CBUS Motor,0,N/A,N/A,60,N/A,No,N/A,N/A
Side ChannelsTop Fix1.1nm 12v Acmeda Motor,10,N/A,N/A,60,N/A,No,N/A,N/A
Side ChannelsTop Fix2nm 12v Acmeda Motor,10,N/A,N/A,60,N/A,No,N/A,N/A
Side ChannelsTop FixAcmeda 12v 6nm Motor,10,N/A,N/A,60,N/A,No,N/A,N/A
Side ChannelsTop Fix0.7nm 12v Acmeda Motor,10,N/A,N/A,60,N/A,No,N/A,N/A
Side ChannelsTop Fix1.1nm 12v Acmeda DCRF Motor with External Battery,10,N/A,N/A,60,N/A,No,N/A,N/A
Side ChannelsTop Fix1.1nm 12v Acmeda DCRF Motor,10,N/A,N/A,60,N/A,No,N/A,N/A
Side ChannelsTop Fix2nm 12v Acmeda DCRF Motor,10,N/A,N/A,60,N/A,No,N/A,N/A
Side ChannelsTop FixSomfy Remote Sonesse Motor,10,N/A,N/A,60,N/A,No,N/A,N/A
Side ChannelsTop FixSomfy 12v Remote Sonesse Motor,10,N/A,N/A,60,N/A,No,N/A,N/A
Side ChannelsTop FixSomfy CBUS Motor,10,N/A,N/A,60,N/A,No,N/A,N/A
Side ChannelsTop FixHD Somfy Remote Sonesse Motor,10,N/A,N/A,60,N/A,No,N/A,N/A
Side ChannelsTop FixHD Somfy 12v Remote Sonesse Motor,10,N/A,N/A,60,N/A,No,N/A,N/A
Side ChannelsTop FixHD Somfy CBUS Motor,10,N/A,N/A,60,N/A,No,N/A,N/A
Side ChannelsTop FixAcmeda E6 Motor,10,N/A,N/A,60,N/A,No,N/A,N/A
Side ChannelsTop FixAcmeda M6 Motor,10,N/A,N/A,60,N/A,No,N/A,N/A
Side ChannelsTop FixUniline Remote Motor,10,N/A,N/A,60,N/A,No,N/A,N/A
Side ChannelsTop FixUniline Cbus Motor,10,N/A,N/A,60,N/A,No,N/A,N/A
Side ChannelsTop FixNice Remote Motor,10,N/A,N/A,60,N/A,No,N/A,N/A
Side ChannelsTop FixNice CBus Motor,10,N/A,N/A,60,N/A,No,N/A,N/A
Side ChannelsTop FixSunboss Chain Winder 38mm Tube,10,N/A,N/A,60,N/A,No,N/A,N/A
Side ChannelsTop FixSunboss Chain Winder 43mm Tube,10,N/A,N/A,60,N/A,No,N/A,N/A
Side ChannelsTop FixTBS Remote Motor,10,N/A,N/A,60,N/A,No,N/A,N/A
Side ChannelsTop FixTBS Cbus Motor,10,N/A,N/A,60,N/A,No,N/A,N/A
Side ChannelsTop FixAcmeda External Motor,0,N/A,N/A,60,N/A,No,N/A,N/A
Side ChannelsTop FixAcmeda External 12v Motor,0,N/A,N/A,60,N/A,No,N/A,N/A
Side ChannelsTop FixSomfy External CBUS Motor,0,N/A,N/A,60,N/A,No,N/A,N/A
Side ChannelsTop FixSomfy External Remote Motor,0,N/A,N/A,60,N/A,No,N/A,N/A
Side ChannelsTop FixSomfy External CBUS Motor,0,N/A,N/A,60,N/A,No,N/A,N/A
Side ChannelsTop FixHD Somfy External Remote Motor,0,N/A,N/A,60,N/A,No,N/A,N/A
Side ChannelsInside Window MountChain Winder,10,N/A,N/A,60,N/A,No,N/A,N/A
Side ChannelsInside Window MountHD Chain Winder,10,N/A,N/A,60,N/A,No,N/A,N/A
Side ChannelsInside Window MountChain Winder 60mm,10,N/A,N/A,60,N/A,No,N/A,N/A
Side ChannelsInside Window MountChain Winder Fixed Guide,10,N/A,N/A,60,N/A,No,N/A,N/A
Side ChannelsInside Window MountLinked,10,N/A,N/A,60,N/A,No,N/A,N/A
Side ChannelsInside Window MountLinked - HD,10,N/A,N/A,60,N/A,No,N/A,N/A
Side ChannelsInside Window MountLinked 60mm,10,N/A,N/A,60,N/A,No,N/A,N/A
Side ChannelsInside Window MountStandard Spring,10,N/A,N/A,60,N/A,No,N/A,N/A
Side ChannelsInside Window MountSmall Spring,10,N/A,N/A,60,N/A,No,N/A,N/A
Side ChannelsInside Window MountUniline Spring (Old Style),10,N/A,N/A,60,N/A,No,N/A,N/A
Side ChannelsInside Window MountBecker Remote Motor,10,N/A,N/A,60,N/A,No,N/A,N/A
Side ChannelsInside Window MountBecker CBUS Motor,10,N/A,N/A,60,N/A,No,N/A,N/A
Side ChannelsInside Window MountBecker External Remote Motor,0,N/A,N/A,60,N/A,No,N/A,N/A
Side ChannelsInside Window MountBecker External CBUS Motor,0,N/A,N/A,60,N/A,No,N/A,N/A
Side ChannelsInside Window Mount1.1nm 12v Acmeda Motor,10,N/A,N/A,60,N/A,No,N/A,N/A
Side ChannelsInside Window Mount2nm 12v Acmeda Motor,10,N/A,N/A,60,N/A,No,N/A,N/A
Side ChannelsInside Window MountAcmeda 12v 6nm Motor,10,N/A,N/A,60,N/A,No,N/A,N/A
Side ChannelsInside Window Mount0.7nm 12v Acmeda Motor,10,N/A,N/A,60,N/A,No,N/A,N/A
Side ChannelsInside Window Mount1.1nm 12v Acmeda DCRF Motor with External Battery,10,N/A,N/A,60,N/A,No,N/A,N/A
Side ChannelsInside Window Mount1.1nm 12v Acmeda DCRF Motor,10,N/A,N/A,60,N/A,No,N/A,N/A
Side ChannelsInside Window Mount2nm 12v Acmeda DCRF Motor,10,N/A,N/A,60,N/A,No,N/A,N/A
Side ChannelsInside Window MountSomfy Remote Sonesse Motor,10,N/A,N/A,60,N/A,No,N/A,N/A
Side ChannelsInside Window MountSomfy 12v Remote Sonesse Motor,10,N/A,N/A,60,N/A,No,N/A,N/A
Side ChannelsInside Window MountSomfy CBUS Motor,10,N/A,N/A,60,N/A,No,N/A,N/A
Side ChannelsInside Window MountHD Somfy Remote Sonesse Motor,10,N/A,N/A,60,N/A,No,N/A,N/A
Side ChannelsInside Window MountHD Somfy 12v Remote Sonesse Motor,10,N/A,N/A,60,N/A,No,N/A,N/A
Side ChannelsInside Window MountHD Somfy CBUS Motor,10,N/A,N/A,60,N/A,No,N/A,N/A
Side ChannelsInside Window MountAcmeda E6 Motor,10,N/A,N/A,60,N/A,No,N/A,N/A
Side ChannelsInside Window MountAcmeda M6 Motor,10,N/A,N/A,60,N/A,No,N/A,N/A
Side ChannelsInside Window MountUniline Remote Motor,10,N/A,N/A,60,N/A,No,N/A,N/A
Side ChannelsInside Window MountUniline Cbus Motor,10,N/A,N/A,60,N/A,No,N/A,N/A
Side ChannelsInside Window MountNice Remote Motor,10,N/A,N/A,60,N/A,No,N/A,N/A
Side ChannelsInside Window MountNice CBus Motor,0,N/A,N/A,60,N/A,No,N/A,N/A
Side ChannelsInside Window MountSunboss Chain Winder 38mm Tube,10,N/A,N/A,60,N/A,No,N/A,N/A
Side ChannelsInside Window MountSunboss Chain Winder 43mm Tube,10,N/A,N/A,60,N/A,No,N/A,N/A
Side ChannelsInside Window MountTBS Remote Motor,10,N/A,N/A,60,N/A,No,N/A,N/A
Side ChannelsInside Window MountTBS Cbus Motor,10,N/A,N/A,60,N/A,No,N/A,N/A
Side ChannelsInside Window MountAcmeda External Motor,0,N/A,N/A,60,N/A,No,N/A,N/A
Side ChannelsInside Window MountAcmeda External 12v Motor,0,N/A,N/A,60,N/A,No,N/A,N/A
Side ChannelsInside Window MountSomfy External CBUS Motor,0,N/A,N/A,60,N/A,No,N/A,N/A
Side ChannelsInside Window MountSomfy External Remote Motor,0,N/A,N/A,60,N/A,No,N/A,N/A
Side ChannelsInside Window MountHD Somfy External CBUS Motor,0,N/A,N/A,60,N/A,No,N/A,N/A
Side ChannelsInside Window MountHD Somfy External Remote Motor,0,N/A,N/A,60,N/A,No,N/A,N/A
Side ChannelsOutside Window MountChain Winder,0,N/A,N/A,60,N/A,No,N/A,N/A
Side ChannelsOutside Window MountHD Chain Winder,0,N/A,N/A,60,N/A,No,N/A,N/A
Side ChannelsOutside Window MountChain Winder 60mm,10,N/A,N/A,60,N/A,No,N/A,N/A
Side ChannelsOutside Window MountChain Winder Fixed Guide,10,N/A,N/A,60,N/A,No,N/A,N/A
Side ChannelsOutside Window MountLinked,10,N/A,N/A,60,N/A,No,N/A,N/A
Side ChannelsOutside Window MountLinked - HD,10,N/A,N/A,60,N/A,No,N/A,N/A
Side ChannelsOutside Window MountLinked 60mm,10,N/A,N/A,60,N/A,No,N/A,N/A
Side ChannelsOutside Window MountStandard Spring,10,N/A,N/A,60,N/A,No,N/A,N/A
Side ChannelsOutside Window MountSmall Spring,10,N/A,N/A,60,N/A,No,N/A,N/A
Side ChannelsOutside Window MountUniline Spring (Old Style),10,N/A,N/A,60,N/A,No,N/A,N/A
Side ChannelsOutside Window MountBecker Remote Motor,10,N/A,N/A,60,N/A,No,N/A,N/A
Side ChannelsOutside Window MountBecker CBUS Motor,10,N/A,N/A,60,N/A,No,N/A,N/A
Side ChannelsOutside Window MountBecker External Remote Motor,0,N/A,N/A,60,N/A,No,N/A,N/A
Side ChannelsOutside Window MountBecker External CBUS Motor,0,N/A,N/A,60,N/A,No,N/A,N/A
Side ChannelsOutside Window Mount1.1nm 12v Acmeda Motor,10,N/A,N/A,60,N/A,No,N/A,N/A
Side ChannelsOutside Window Mount2nm 12v Acmeda Motor,10,N/A,N/A,60,N/A,No,N/A,N/A
Side ChannelsOutside Window MountAcmeda 12v 6nm Motor,10,N/A,N/A,60,N/A,No,N/A,N/A
Side ChannelsOutside Window Mount0.7nm 12v Acmeda Motor,10,N/A,N/A,60,N/A,No,N/A,N/A
Side ChannelsOutside Window Mount1.1nm 12v Acmeda DCRF Motor with External Battery,10,N/A,N/A,60,N/A,No,N/A,N/A
Side ChannelsOutside Window Mount1.1nm 12v Acmeda DCRF Motor,10,N/A,N/A,60,N/A,No,N/A,N/A
Side ChannelsOutside Window Mount2nm 12v Acmeda DCRF Motor,10,N/A,N/A,60,N/A,No,N/A,N/A
Side ChannelsOutside Window MountSomfy Remote Sonesse Motor,10,N/A,N/A,60,N/A,No,N/A,N/A
Side ChannelsOutside Window MountSomfy 12v Remote Sonesse Motor,10,N/A,N/A,60,N/A,No,N/A,N/A
Side ChannelsOutside Window MountSomfy CBUS Motor,10,N/A,N/A,60,N/A,No,N/A,N/A
Side ChannelsOutside Window MountHD Somfy Remote Sonesse Motor,10,N/A,N/A,60,N/A,No,N/A,N/A
Side ChannelsOutside Window MountHD Somfy 12v Remote Sonesse Motor,10,N/A,N/A,60,N/A,No,N/A,N/A
Side ChannelsOutside Window MountHD Somfy CBUS Motor,10,N/A,N/A,60,N/A,No,N/A,N/A
Side ChannelsOutside Window MountAcmeda E6 Motor,10,N/A,N/A,60,N/A,No,N/A,N/A
Side ChannelsOutside Window MountAcmeda M6 Motor,10,N/A,N/A,60,N/A,No,N/A,N/A
Side ChannelsOutside Window MountUniline Remote Motor,10,N/A,N/A,60,N/A,No,N/A,N/A
Side ChannelsOutside Window MountUniline Cbus Motor,10,N/A,N/A,60,N/A,No,N/A,N/A
Side ChannelsOutside Window MountNice Remote Motor,10,N/A,N/A,60,N/A,No,N/A,N/A
Side ChannelsOutside Window MountNice CBus Motor,10,N/A,N/A,60,N/A,No,N/A,N/A
Side ChannelsOutside Window MountSunboss Chain Winder 38mm Tube,10,N/A,N/A,60,N/A,No,N/A,N/A
Side ChannelsOutside Window MountSunboss Chain Winder 43mm Tube,10,N/A,N/A,60,N/A,No,N/A,N/A
Side ChannelsOutside Window MountTBS Remote Motor,10,N/A,N/A,60,N/A,No,N/A,N/A
Side ChannelsOutside Window MountTBS Cbus Motor,10,N/A,N/A,60,N/A,No,,N/A
Side ChannelsOutside Window MountAcmeda External Motor,0,N/A,N/A,60,N/A,No,,N/A
Side ChannelsOutside Window MountAcmeda External 12v Motor,0,N/A,N/A,60,N/A,No,N/A,N/A
Side ChannelsOutside Window MountSomfy External CBUS Motor,0,N/A,N/A,60,N/A,No,N/A,N/A
Side ChannelsOutside Window MountSomfy External Remote Motor,0,N/A,N/A,60,N/A,No,N/A,N/A
Side ChannelsOutside Window MountHD Somfy External CBUS Motor,0,N/A,N/A,60,N/A,No,N/A,N/A
Side ChannelsOutside Window MountHD Somfy External Remote Motor,0,N/A,N/A,60,N/A,No,N/A,N/A
Side ChannelsRevealChain Winder,10,N/A,N/A,60,N/A,No,N/A,N/A
Side ChannelsRevealHD Chain Winder,10,N/A,N/A,60,N/A,No,N/A,N/A
Side ChannelsRevealChain Winder 60mm,10,N/A,N/A,60,N/A,No,N/A,N/A
Side ChannelsRevealChain Winder Fixed Guide,10,N/A,N/A,60,N/A,No,N/A,N/A
Side ChannelsRevealLinked,10,N/A,N/A,60,N/A,No,N/A,N/A
Side ChannelsRevealLinked - HD,10,N/A,N/A,60,N/A,No,N/A,N/A
Side ChannelsRevealLinked 60mm,10,N/A,N/A,60,N/A,No,N/A,N/A
Side ChannelsRevealStandard Spring,10,N/A,N/A,60,N/A,No,N/A,N/A
Side ChannelsRevealSmall Spring,10,N/A,N/A,60,N/A,No,N/A,N/A
Side ChannelsRevealUniline Spring (Old Style),10,N/A,N/A,60,N/A,No,N/A,N/A
Side ChannelsRevealBecker Remote Motor,10,N/A,N/A,60,N/A,No,N/A,N/A
Side ChannelsRevealBecker CBUS Motor,10,N/A,N/A,60,N/A,No,N/A,N/A
Side ChannelsRevealBecker External Remote Motor,0,N/A,N/A,60,N/A,No,N/A,N/A
Side ChannelsRevealBecker External CBUS Motor,0,N/A,N/A,60,N/A,No,N/A,N/A
Side ChannelsReveal1.1nm 12v Acmeda Motor,10,N/A,N/A,60,N/A,No,N/A,N/A
Side ChannelsReveal2nm 12v Acmeda Motor,10,N/A,N/A,60,N/A,No,N/A,N/A
Side ChannelsRevealAcmeda 12v 6nm Motor,10,N/A,N/A,60,N/A,No,N/A,N/A
Side ChannelsReveal0.7nm 12v Acmeda Motor,10,N/A,N/A,60,N/A,No,N/A,N/A
Side ChannelsReveal1.1nm 12v Acmeda DCRF Motor with External Battery,10,N/A,N/A,60,N/A,No,N/A,N/A
Side ChannelsReveal1.1nm 12v Acmeda DCRF Motor,10,N/A,N/A,60,N/A,No,N/A,N/A
Side ChannelsReveal2nm 12v Acmeda DCRF Motor,10,N/A,N/A,60,N/A,No,N/A,N/A
Side ChannelsRevealSomfy Remote Sonesse Motor,10,N/A,N/A,60,N/A,No,N/A,N/A
Side ChannelsRevealSomfy 12v Remote Sonesse Motor,10,N/A,N/A,60,N/A,No,N/A,N/A
Side ChannelsRevealSomfy CBUS Motor,10,N/A,N/A,60,N/A,No,N/A,N/A
Side ChannelsRevealHD Somfy Remote Sonesse Motor,10,N/A,N/A,60,N/A,No,N/A,N/A
Side ChannelsRevealHD Somfy 12v Remote Sonesse Motor,10,N/A,N/A,60,N/A,No,N/A,N/A
Side ChannelsRevealHD Somfy CBUS Motor,10,N/A,N/A,60,N/A,No,N/A,N/A
Side ChannelsRevealAcmeda E6 Motor,10,N/A,N/A,60,N/A,No,N/A,N/A
Side ChannelsRevealAcmeda M6 Motor,10,N/A,N/A,60,N/A,No,N/A,N/A
Side ChannelsRevealUniline Remote Motor,10,N/A,N/A,60,N/A,No,N/A,N/A
Side ChannelsRevealUniline Cbus Motor,10,N/A,N/A,60,N/A,No,N/A,N/A
Side ChannelsRevealNice Remote Motor,10,N/A,N/A,60,N/A,No,N/A,N/A
Side ChannelsRevealNice CBus Motor,10,N/A,N/A,60,N/A,No,N/A,N/A
Side ChannelsRevealSunboss Chain Winder 38mm Tube,10,N/A,N/A,60,N/A,No,N/A,N/A
Side ChannelsRevealSunboss Chain Winder 43mm Tube,10,N/A,N/A,60,N/A,No,N/A,N/A
Side ChannelsRevealTBS Remote Motor,10,N/A,N/A,60,N/A,No,N/A,N/A
Side ChannelsRevealTBS Cbus Motor,10,N/A,N/A,60,N/A,No,N/A,N/A
Side ChannelsRevealAcmeda External Motor,0,N/A,N/A,60,N/A,No,N/A,N/A
Side ChannelsRevealAcmeda External 12v Motor,0,N/A,N/A,60,N/A,No,N/A,N/A
Side ChannelsRevealSomfy External CBUS Motor,0,N/A,N/A,60,N/A,No,N/A,N/A
Side ChannelsRevealSomfy External Remote Motor,0,N/A,N/A,60,N/A,No,N/A,N/A
Side ChannelsRevealHD Somfy External CBUS Motor,0,N/A,N/A,60,N/A,No,N/A,N/A
Side ChannelsRevealHD Somfy External Remote Motor,0,N/A,N/A,60,N/A,No,N/A,N/A
Square CassetteFaceChain Winder,10,14,29,N/A,Yes,No,No,Yes
Square CassetteFaceHD Chain Winder,10,14,29,N/A,Yes,No,No,Yes
Square CassetteFaceChain Winder 60mm,10,14,29,N/A,No,No,No,Yes
Square CassetteFaceChain Winder Fixed Guide,10,14,29,N/A,No,No,No,Yes
Square CassetteFaceLinked,10,14,14,N/A,No,No,No,Yes
Square CassetteFaceLinked - HD,10,14,14,N/A,No,No,No,Yes
Square CassetteFaceStandard Spring,10,14,14,N/A,No,No,No,Yes
Square CassetteFaceSmall Spring,10,14,14,N/A,No,No,No,Yes
Square CassetteFaceUniline Spring (Old Style),10,14,14,N/A,No,No,No,Yes
Square CassetteFaceBecker Remote Motor,10,14,14,N/A,No,No,No,Yes
Square CassetteFaceBecker CBUS Motor,10,14,14,N/A,No,No,No,Yes
Square CassetteFaceBecker External Remote Motor,10,14,14,N/A,No,No,No,Yes
Square CassetteFaceBecker External CBUS Motor,10,14,14,N/A,No,No,No,Yes
Square CassetteFace1.1nm 12v Acmeda Motor,10,14,14,N/A,No,No,No,Yes
Square CassetteFace2nm 12v Acmeda Motor,10,14,14,N/A,No,No,No,Yes
Square CassetteFaceAcmeda 12v 6nm Motor,10,14,14,N/A,No,No,No,Yes
Square CassetteFace0.7nm 12v Acmeda Motor,10,14,14,N/A,No,No,No,Yes
Square CassetteFace1.1nm 12v Acmeda DCRF Motor with External Battery,10,14,14,N/A,No,No,No,Yes
Square CassetteFace1.1nm 12v Acmeda DCRF Motor,10,14,14,N/A,No,No,No,Yes
Square CassetteFace2nm 12v Acmeda DCRF Motor,10,14,14,N/A,No,No,No,Yes
Square CassetteFaceSomfy Remote Sonesse Motor,10,14,14,N/A,No,No,No,Yes
Square CassetteFaceSomfy 12v Remote Sonesse Motor,10,14,14,N/A,No,No,No,Yes
Square CassetteFaceSomfy CBUS Motor,10,14,14,N/A,No,No,No,Yes
Square CassetteFaceHD Somfy Remote Sonesse Motor,10,14,14,N/A,No,No,No,Yes
Square CassetteFaceHD Somfy 12v Remote Sonesse Motor,10,14,14,N/A,No,No,No,Yes
Square CassetteFaceHD Somfy CBUS Motor,10,14,14,N/A,No,No,No,Yes
Square CassetteFaceAcmeda E6 Motor,10,14,14,N/A,No,No,No,Yes
Square CassetteFaceAcmeda M6 Motor,10,14,14,N/A,No,No,No,Yes
Square CassetteFaceUniline Remote Motor,10,14,14,N/A,No,No,No,Yes
Square CassetteFaceUniline Cbus Motor,10,14,14,N/A,No,No,No,Yes
Square CassetteFaceNice Remote Motor,10,14,14,N/A,No,No,No,Yes
Square CassetteFaceNice CBus Motor,10,14,14,N/A,No,No,No,Yes
Square CassetteFaceSunboss Chain Winder 38mm Tube,10,14,14,N/A,No,No,No,Yes
Square CassetteFaceSunboss Chain Winder 43mm Tube,10,14,14,N/A,No,No,No,Yes
Square CassetteFaceTBS Remote Motor,10,14,14,N/A,No,No,No,Yes
Square CassetteFaceTBS Cbus Motor,10,14,14,N/A,No,No,No,Yes
Square CassetteFaceAcmeda External Motor,10,14,14,N/A,No,No,No,Yes
Square CassetteFaceAcmeda External 12v Motor,10,14,14,N/A,No,No,No,Yes
Square CassetteFaceSomfy External CBUS Motor,10,14,14,N/A,No,No,No,Yes
Square CassetteFaceSomfy External Remote Motor,10,14,14,N/A,No,No,No,Yes
Square CassetteFaceHD Somfy External CBUS Motor,10,14,14,N/A,No,No,No,Yes
Square CassetteFaceHD Somfy External Remote Motor,10,14,14,N/A,No,No,No,Yes
Square CassetteTop FixChain Winder,10,14,29,N/A,Yes,No,No,Yes
Square CassetteTop FixHD Chain Winder,10,14,29,N/A,Yes,No,No,Yes
Square CassetteTop FixChain Winder 60mm,10,14,29,N/A,No,No,No,Yes
Square CassetteTop FixChain Winder Fixed Guide,10,14,29,N/A,No,No,No,Yes
Square CassetteTop FixLinked,10,14,14,N/A,No,No,No,Yes
Square CassetteTop FixLinked - HD,10,14,14,N/A,No,No,No,Yes
Square CassetteTop FixStandard Spring,10,14,14,N/A,No,No,No,Yes
Square CassetteTop FixSmall Spring,10,14,14,N/A,No,No,No,Yes
Square CassetteTop FixUniline Spring (Old Style),10,14,14,N/A,No,No,No,Yes
Square CassetteTop FixBecker Remote Motor,10,14,14,N/A,No,No,No,Yes
Square CassetteTop FixBecker CBUS Motor,10,14,14,N/A,No,No,No,Yes
Square CassetteTop FixBecker External Remote Motor,10,14,14,N/A,No,No,No,Yes
Square CassetteTop FixBecker External CBUS Motor,10,14,14,N/A,No,No,No,Yes
Square CassetteTop Fix1.1nm 12v Acmeda Motor,10,14,14,N/A,No,No,No,Yes
Square CassetteTop Fix2nm 12v Acmeda Motor,10,14,14,N/A,No,No,No,Yes
Square CassetteTop FixAcmeda 12v 6nm Motor,10,14,14,N/A,No,No,No,Yes
Square CassetteTop Fix0.7nm 12v Acmeda Motor,10,14,14,N/A,No,No,No,Yes
Square CassetteTop Fix1.1nm 12v Acmeda DCRF Motor with External Battery,10,14,14,N/A,No,No,No,Yes
Square CassetteTop Fix1.1nm 12v Acmeda DCRF Motor,10,14,14,N/A,No,No,No,Yes
Square CassetteTop Fix2nm 12v Acmeda DCRF Motor,10,14,14,N/A,No,No,No,Yes
Square CassetteTop FixSomfy Remote Sonesse Motor,10,14,14,N/A,No,No,No,Yes
Square CassetteTop FixSomfy 12v Remote Sonesse Motor,10,14,14,N/A,No,No,No,Yes
Square CassetteTop FixSomfy CBUS Motor,10,14,14,N/A,No,No,No,Yes
Square CassetteTop FixHD Somfy Remote Sonesse Motor,10,14,14,N/A,No,No,No,Yes
Square CassetteTop FixHD Somfy 12v Remote Sonesse Motor,10,14,14,N/A,No,No,No,Yes
Square CassetteTop FixHD Somfy CBUS Motor,10,14,14,N/A,No,No,No,Yes
Square CassetteTop FixAcmeda E6 Motor,10,14,14,N/A,No,No,No,Yes
Square CassetteTop FixAcmeda M6 Motor,10,14,14,N/A,No,No,No,Yes
Square CassetteTop FixUniline Remote Motor,10,14,14,N/A,No,No,No,Yes
Square CassetteTop FixUniline Cbus Motor,10,14,14,N/A,No,No,No,Yes
Square CassetteTop FixNice Remote Motor,10,14,14,N/A,No,No,No,Yes
Square CassetteTop FixNice CBus Motor,10,14,14,N/A,No,No,No,Yes
Square CassetteTop FixSunboss Chain Winder 38mm Tube,10,14,14,N/A,No,No,No,Yes
Square CassetteTop FixSunboss Chain Winder 43mm Tube,10,14,14,N/A,No,No,No,Yes
Square CassetteTop FixTBS Remote Motor,10,14,14,N/A,No,No,No,Yes
Square CassetteTop FixTBS Cbus Motor,10,14,14,N/A,No,No,No,Yes
Square CassetteTop FixAcmeda External Motor,10,14,14,N/A,No,No,No,Yes
Square CassetteTop FixAcmeda External 12v Motor,10,14,14,N/A,No,No,No,Yes
Square CassetteTop FixSomfy External CBUS Motor,10,14,14,N/A,No,No,No,Yes
Square CassetteTop FixSomfy External Remote Motor,10,14,14,N/A,No,No,No,Yes
Square CassetteTop FixSomfy External CBUS Motor,10,14,14,N/A,No,No,No,Yes
Square CassetteTop FixHD Somfy External Remote Motor,10,14,14,N/A,No,No,No,Yes
Square CassetteInside Window MountChain Winder,10,14,29,N/A,No,No,No,Yes
Square CassetteInside Window MountHD Chain Winder,10,14,29,N/A,No,No,No,Yes
Square CassetteInside Window MountChain Winder 60mm,10,14,29,N/A,No,No,No,Yes
Square CassetteInside Window MountChain Winder Fixed Guide,10,14,29,N/A,No,No,No,Yes
Square CassetteInside Window MountLinked,10,14,14,N/A,No,No,No,Yes
Square CassetteInside Window MountLinked - HD,10,14,14,N/A,No,No,No,Yes
Square CassetteInside Window MountStandard Spring,10,14,14,N/A,No,No,No,Yes
Square CassetteInside Window MountSmall Spring,10,14,14,N/A,No,No,No,Yes
Square CassetteInside Window MountUniline Spring (Old Style),10,14,14,N/A,No,No,No,Yes
Square CassetteInside Window MountBecker Remote Motor,10,14,14,N/A,No,No,No,Yes
Square CassetteInside Window MountBecker CBUS Motor,10,14,14,N/A,No,No,No,Yes
Square CassetteInside Window MountBecker External Remote Motor,10,14,14,N/A,No,No,No,Yes
Square CassetteInside Window MountBecker External CBUS Motor,10,14,14,N/A,No,No,No,Yes
Square CassetteInside Window Mount1.1nm 12v Acmeda Motor,10,14,14,N/A,No,No,No,Yes
Square CassetteInside Window Mount2nm 12v Acmeda Motor,10,14,14,N/A,No,No,No,Yes
Square CassetteInside Window MountAcmeda 12v 6nm Motor,10,14,14,N/A,No,No,No,Yes
Square CassetteInside Window Mount0.7nm 12v Acmeda Motor,10,14,14,N/A,No,No,No,Yes
Square CassetteInside Window Mount1.1nm 12v Acmeda DCRF Motor with External Battery,10,14,14,N/A,No,No,No,Yes
Square CassetteInside Window Mount1.1nm 12v Acmeda DCRF Motor,10,14,14,N/A,No,No,No,Yes
Square CassetteInside Window Mount2nm 12v Acmeda DCRF Motor,10,14,14,N/A,No,No,No,Yes
Square CassetteInside Window MountSomfy Remote Sonesse Motor,10,14,14,N/A,No,No,No,Yes
Square CassetteInside Window MountSomfy 12v Remote Sonesse Motor,10,14,14,N/A,No,No,No,Yes
Square CassetteInside Window MountSomfy CBUS Motor,10,14,14,N/A,No,No,No,Yes
Square CassetteInside Window MountHD Somfy Remote Sonesse Motor,10,14,14,N/A,No,No,No,Yes
Square CassetteInside Window MountHD Somfy 12v Remote Sonesse Motor,10,14,14,N/A,No,No,No,Yes
Square CassetteInside Window MountHD Somfy CBUS Motor,10,14,14,N/A,No,No,No,Yes
Square CassetteInside Window MountAcmeda E6 Motor,10,14,14,N/A,No,No,No,Yes
Square CassetteInside Window MountAcmeda M6 Motor,10,14,14,N/A,No,No,No,Yes
Square CassetteInside Window MountUniline Remote Motor,10,14,14,N/A,No,No,No,Yes
Square CassetteInside Window MountUniline Cbus Motor,10,14,14,N/A,No,No,No,Yes
Square CassetteInside Window MountNice Remote Motor,10,14,14,N/A,No,No,No,Yes
Square CassetteInside Window MountNice CBus Motor,10,14,14,N/A,No,No,No,Yes
Square CassetteInside Window MountSunboss Chain Winder 38mm Tube,10,14,14,N/A,No,No,No,Yes
Square CassetteInside Window MountSunboss Chain Winder 43mm Tube,10,14,14,N/A,No,No,No,Yes
Square CassetteInside Window MountTBS Remote Motor,10,14,14,N/A,No,No,No,Yes
Square CassetteInside Window MountTBS Cbus Motor,10,14,14,N/A,No,No,No,Yes
Square CassetteInside Window MountAcmeda External Motor,10,14,14,N/A,No,No,No,Yes
Square CassetteInside Window MountAcmeda External 12v Motor,10,14,14,N/A,No,No,No,Yes
Square CassetteInside Window MountSomfy External CBUS Motor,10,14,14,N/A,No,No,No,Yes
Square CassetteInside Window MountSomfy External Remote Motor,10,14,14,N/A,No,No,No,Yes
Square CassetteInside Window MountHD Somfy External CBUS Motor,10,14,14,N/A,No,No,No,Yes
Square CassetteInside Window MountHD Somfy External Remote Motor,10,14,14,N/A,No,No,No,Yes
Square CassetteOutside Window MountChain Winder,10,14,29,N/A,No,No,No,Yes
Square CassetteOutside Window MountHD Chain Winder,10,14,29,N/A,No,No,No,Yes
Square CassetteOutside Window MountChain Winder 60mm,10,14,29,N/A,No,No,No,Yes
Square CassetteOutside Window MountChain Winder Fixed Guide,10,14,29,N/A,No,No,No,Yes
Square CassetteOutside Window MountLinked,10,14,14,N/A,No,No,No,Yes
Square CassetteOutside Window MountLinked - HD,10,14,14,N/A,No,No,No,Yes
Square CassetteOutside Window MountStandard Spring,10,14,14,N/A,No,No,No,Yes
Square CassetteOutside Window MountSmall Spring,10,14,14,N/A,No,No,No,Yes
Square CassetteOutside Window MountUniline Spring (Old Style),10,14,14,N/A,No,No,No,Yes
Square CassetteOutside Window MountBecker Remote Motor,10,14,14,N/A,No,No,No,Yes
Square CassetteOutside Window MountBecker CBUS Motor,10,14,14,N/A,No,No,No,Yes
Square CassetteOutside Window MountBecker External Remote Motor,10,14,14,N/A,No,No,No,Yes
Square CassetteOutside Window MountBecker External CBUS Motor,10,14,14,N/A,No,No,No,Yes
Square CassetteOutside Window Mount1.1nm 12v Acmeda Motor,10,14,14,N/A,No,No,No,Yes
Square CassetteOutside Window Mount2nm 12v Acmeda Motor,10,14,14,N/A,No,No,No,Yes
Square CassetteOutside Window MountAcmeda 12v 6nm Motor,10,14,14,N/A,No,No,No,Yes
Square CassetteOutside Window Mount0.7nm 12v Acmeda Motor,10,14,14,N/A,No,No,No,Yes
Square CassetteOutside Window Mount1.1nm 12v Acmeda DCRF Motor with External Battery,10,14,14,N/A,No,No,No,Yes
Square CassetteOutside Window Mount1.1nm 12v Acmeda DCRF Motor,10,14,14,N/A,No,No,No,Yes
Square CassetteOutside Window Mount2nm 12v Acmeda DCRF Motor,10,14,14,N/A,No,No,No,Yes
Square CassetteOutside Window MountSomfy Remote Sonesse Motor,10,14,14,N/A,No,No,No,Yes
Square CassetteOutside Window MountSomfy 12v Remote Sonesse Motor,10,14,14,N/A,No,No,No,Yes
Square CassetteOutside Window MountSomfy CBUS Motor,10,14,14,N/A,No,No,No,Yes
Square CassetteOutside Window MountHD Somfy Remote Sonesse Motor,10,14,14,N/A,No,No,No,Yes
Square CassetteOutside Window MountHD Somfy 12v Remote Sonesse Motor,10,14,14,N/A,No,No,No,Yes
Square CassetteOutside Window MountHD Somfy CBUS Motor,10,14,14,N/A,No,No,No,Yes
Square CassetteOutside Window MountAcmeda E6 Motor,10,14,14,N/A,No,No,No,Yes
Square CassetteOutside Window MountAcmeda M6 Motor,10,14,14,N/A,No,No,No,Yes
Square CassetteOutside Window MountUniline Remote Motor,10,14,14,N/A,No,No,No,Yes
Square CassetteOutside Window MountUniline Cbus Motor,10,14,14,N/A,No,No,No,Yes
Square CassetteOutside Window MountNice Remote Motor,10,14,14,N/A,No,No,No,Yes
Square CassetteOutside Window MountNice CBus Motor,10,14,14,N/A,No,No,No,Yes
Square CassetteOutside Window MountSunboss Chain Winder 38mm Tube,10,14,14,N/A,No,No,No,Yes
Square CassetteOutside Window MountSunboss Chain Winder 43mm Tube,10,14,14,N/A,No,No,No,Yes
Square CassetteOutside Window MountTBS Remote Motor,10,14,14,N/A,No,No,No,Yes
Square CassetteOutside Window MountTBS Cbus Motor,10,14,14,N/A,Yes,No,,Yes
Square CassetteOutside Window MountAcmeda External Motor,10,14,14,N/A,No,No,,Yes
Square CassetteOutside Window MountAcmeda External 12v Motor,10,14,14,N/A,No,No,No,Yes
Square CassetteOutside Window MountSomfy External CBUS Motor,10,14,14,N/A,No,No,No,Yes
Square CassetteOutside Window MountSomfy External Remote Motor,10,14,14,N/A,No,No,No,Yes
Square CassetteOutside Window MountHD Somfy External CBUS Motor,10,14,14,N/A,No,No,No,Yes
Square CassetteOutside Window MountHD Somfy External Remote Motor,10,14,14,N/A,No,No,No,Yes
Square CassetteRevealChain Winder,10,14,29,N/A,Yes,No,No,Yes
Square CassetteRevealHD Chain Winder,10,14,29,N/A,Yes,No,No,Yes
Square CassetteRevealChain Winder 60mm,10,14,29,N/A,No,No,No,Yes
Square CassetteRevealChain Winder Fixed Guide,10,14,29,N/A,No,No,No,Yes
Square CassetteRevealLinked,10,14,14,N/A,No,No,No,Yes
Square CassetteRevealLinked - HD,10,14,14,N/A,No,No,No,Yes
Square CassetteRevealStandard Spring,10,14,14,N/A,No,No,No,Yes
Square CassetteRevealSmall Spring,10,14,14,N/A,No,No,No,Yes
Square CassetteRevealUniline Spring (Old Style),10,14,14,N/A,No,No,No,Yes
Square CassetteRevealBecker Remote Motor,10,14,14,N/A,No,No,No,Yes
Square CassetteRevealBecker CBUS Motor,10,14,14,N/A,No,No,No,Yes
Square CassetteRevealBecker External Remote Motor,10,14,14,N/A,No,No,No,Yes
Square CassetteRevealBecker External CBUS Motor,10,14,14,N/A,No,No,No,Yes
Square CassetteReveal1.1nm 12v Acmeda Motor,10,14,14,N/A,No,No,No,Yes
Square CassetteReveal2nm 12v Acmeda Motor,10,14,14,N/A,No,No,No,Yes
Square CassetteRevealAcmeda 12v 6nm Motor,10,14,14,N/A,No,No,No,Yes
Square CassetteReveal0.7nm 12v Acmeda Motor,10,14,14,N/A,No,No,No,Yes
Square CassetteReveal1.1nm 12v Acmeda DCRF Motor with External Battery,10,14,14,N/A,No,No,No,Yes
Square CassetteReveal1.1nm 12v Acmeda DCRF Motor,10,14,14,N/A,No,No,No,Yes
Square CassetteReveal2nm 12v Acmeda DCRF Motor,10,14,14,N/A,No,No,No,Yes
Square CassetteRevealSomfy Remote Sonesse Motor,10,14,14,N/A,No,No,No,Yes
Square CassetteRevealSomfy 12v Remote Sonesse Motor,10,14,14,N/A,No,No,No,Yes
Square CassetteRevealSomfy CBUS Motor,10,14,14,N/A,No,No,No,Yes
Square CassetteRevealHD Somfy Remote Sonesse Motor,10,14,14,N/A,No,No,No,Yes
Square CassetteRevealHD Somfy 12v Remote Sonesse Motor,10,14,14,N/A,No,No,No,Yes
Square CassetteRevealHD Somfy CBUS Motor,10,14,14,N/A,No,No,No,Yes
Square CassetteRevealAcmeda E6 Motor,10,14,14,N/A,No,No,No,Yes
Square CassetteRevealAcmeda M6 Motor,10,14,14,N/A,No,No,No,Yes
Square CassetteRevealUniline Remote Motor,10,14,14,N/A,No,No,No,Yes
Square CassetteRevealUniline Cbus Motor,10,14,14,N/A,No,No,No,Yes
Square CassetteRevealNice Remote Motor,10,14,14,N/A,No,No,No,Yes
Square CassetteRevealNice CBus Motor,10,14,14,N/A,No,No,No,Yes
Square CassetteRevealSunboss Chain Winder 38mm Tube,10,14,14,N/A,No,No,No,Yes
Square CassetteRevealSunboss Chain Winder 43mm Tube,10,14,14,N/A,No,No,No,Yes
Square CassetteRevealTBS Remote Motor,10,14,14,N/A,No,No,No,Yes
Square CassetteRevealTBS Cbus Motor,10,14,14,N/A,No,No,No,Yes
Square CassetteRevealAcmeda External Motor,10,14,14,N/A,No,No,No,Yes
Square CassetteRevealAcmeda External 12v Motor,10,14,14,N/A,No,No,No,Yes
Square CassetteRevealSomfy External CBUS Motor,10,14,14,N/A,No,No,No,Yes
Square CassetteRevealSomfy External Remote Motor,10,14,14,N/A,No,No,No,Yes
Square CassetteRevealHD Somfy External CBUS Motor,10,14,14,N/A,No,No,No,Yes
Square CassetteRevealHD Somfy External Remote Motor,10,14,14,N/A,No,No,No,Yes
Square Cassette with Side ChannelsFaceChain Winder,10,14,29,88,No,Yes,No,Yes
Square Cassette with Side ChannelsFaceHD Chain Winder,10,14,29,88,No,Yes,No,Yes
Square Cassette with Side ChannelsFaceChain Winder 60mm,10,14,29,88,No,Yes,No,Yes
Square Cassette with Side ChannelsFaceChain Winder Fixed Guide,10,14,29,88,No,Yes,No,Yes
Square Cassette with Side ChannelsFaceLinked,10,14,14,88,No,Yes,No,Yes
Square Cassette with Side ChannelsFaceLinked - HD,10,14,14,88,No,Yes,No,Yes
Square Cassette with Side ChannelsFaceStandard Spring,10,14,14,88,No,Yes,No,Yes
Square Cassette with Side ChannelsFaceSmall Spring,10,14,14,88,No,Yes,No,Yes
Square Cassette with Side ChannelsFaceUniline Spring (Old Style),10,14,14,88,No,Yes,No,Yes
Square Cassette with Side ChannelsFaceBecker Remote Motor,10,14,14,88,No,Yes,No,Yes
Square Cassette with Side ChannelsFaceBecker CBUS Motor,10,14,14,88,No,Yes,No,Yes
Square Cassette with Side ChannelsFaceBecker External Remote Motor,10,14,14,88,No,Yes,No,Yes
Square Cassette with Side ChannelsFaceBecker External CBUS Motor,10,14,14,88,No,Yes,No,Yes
Square Cassette with Side ChannelsFace1.1nm 12v Acmeda Motor,10,14,14,88,No,Yes,No,Yes
Square Cassette with Side ChannelsFace2nm 12v Acmeda Motor,10,14,14,88,No,Yes,No,Yes
Square Cassette with Side ChannelsFaceAcmeda 12v 6nm Motor,10,14,14,88,No,Yes,No,Yes
Square Cassette with Side ChannelsFace0.7nm 12v Acmeda Motor,10,14,14,88,No,Yes,No,Yes
Square Cassette with Side ChannelsFace1.1nm 12v Acmeda DCRF Motor with External Battery,10,14,14,88,No,Yes,No,Yes
Square Cassette with Side ChannelsFace1.1nm 12v Acmeda DCRF Motor,10,14,14,88,No,Yes,No,Yes
Square Cassette with Side ChannelsFace2nm 12v Acmeda DCRF Motor,10,14,14,88,No,Yes,No,Yes
Square Cassette with Side ChannelsFaceSomfy Remote Sonesse Motor,10,14,14,88,No,Yes,No,Yes
Square Cassette with Side ChannelsFaceSomfy 12v Remote Sonesse Motor,10,14,14,88,No,Yes,No,Yes
Square Cassette with Side ChannelsFaceSomfy CBUS Motor,10,14,14,88,No,Yes,No,Yes
Square Cassette with Side ChannelsFaceHD Somfy Remote Sonesse Motor,10,14,14,88,No,Yes,No,Yes
Square Cassette with Side ChannelsFaceHD Somfy 12v Remote Sonesse Motor,10,14,14,88,No,Yes,No,Yes
Square Cassette with Side ChannelsFaceHD Somfy CBUS Motor,10,14,14,88,No,Yes,No,Yes
Square Cassette with Side ChannelsFaceAcmeda E6 Motor,10,14,14,88,No,Yes,No,Yes
Square Cassette with Side ChannelsFaceAcmeda M6 Motor,10,14,14,88,No,Yes,No,Yes
Square Cassette with Side ChannelsFaceUniline Remote Motor,10,14,14,88,No,Yes,No,Yes
Square Cassette with Side ChannelsFaceUniline Cbus Motor,10,14,14,88,No,Yes,No,Yes
Square Cassette with Side ChannelsFaceNice Remote Motor,10,14,14,88,No,Yes,No,Yes
Square Cassette with Side ChannelsFaceNice CBus Motor,10,14,14,88,No,Yes,No,Yes
Square Cassette with Side ChannelsFaceSunboss Chain Winder 38mm Tube,10,14,14,88,No,Yes,No,Yes
Square Cassette with Side ChannelsFaceSunboss Chain Winder 43mm Tube,10,14,14,88,No,Yes,No,Yes
Square Cassette with Side ChannelsFaceTBS Remote Motor,10,14,14,88,No,Yes,No,Yes
Square Cassette with Side ChannelsFaceTBS Cbus Motor,10,14,14,88,No,Yes,No,Yes
Square Cassette with Side ChannelsFaceAcmeda External Motor,10,14,14,88,No,Yes,No,Yes
Square Cassette with Side ChannelsFaceAcmeda External 12v Motor,10,14,14,88,No,Yes,No,Yes
Square Cassette with Side ChannelsFaceSomfy External CBUS Motor,10,14,14,88,No,Yes,No,Yes
Square Cassette with Side ChannelsFaceSomfy External Remote Motor,10,14,14,88,No,Yes,No,Yes
Square Cassette with Side ChannelsFaceHD Somfy External CBUS Motor,10,14,14,88,No,Yes,No,Yes
Square Cassette with Side ChannelsFaceHD Somfy External Remote Motor,10,14,14,88,No,Yes,No,Yes
Square Cassette with Side ChannelsTop FixChain Winder,10,14,29,88,No,Yes,No,Yes
Square Cassette with Side ChannelsTop FixHD Chain Winder,10,14,29,88,No,Yes,No,Yes
Square Cassette with Side ChannelsTop FixChain Winder 60mm,10,14,29,88,No,Yes,No,Yes
Square Cassette with Side ChannelsTop FixChain Winder Fixed Guide,10,14,29,88,No,Yes,No,Yes
Square Cassette with Side ChannelsTop FixLinked,10,14,14,88,No,Yes,No,Yes
Square Cassette with Side ChannelsTop FixLinked - HD,10,14,14,88,No,Yes,No,Yes
Square Cassette with Side ChannelsTop FixStandard Spring,10,14,14,88,No,Yes,No,Yes
Square Cassette with Side ChannelsTop FixSmall Spring,10,14,14,88,No,Yes,No,Yes
Square Cassette with Side ChannelsTop FixUniline Spring (Old Style),10,14,14,88,No,Yes,No,Yes
Square Cassette with Side ChannelsTop FixBecker Remote Motor,10,14,14,88,No,Yes,No,Yes
Square Cassette with Side ChannelsTop FixBecker CBUS Motor,10,14,14,88,No,Yes,No,Yes
Square Cassette with Side ChannelsTop FixBecker External Remote Motor,10,14,14,88,No,Yes,No,Yes
Square Cassette with Side ChannelsTop FixBecker External CBUS Motor,10,14,14,88,No,Yes,No,Yes
Square Cassette with Side ChannelsTop Fix1.1nm 12v Acmeda Motor,10,14,14,88,No,Yes,No,Yes
Square Cassette with Side ChannelsTop Fix2nm 12v Acmeda Motor,10,14,14,88,No,Yes,No,Yes
Square Cassette with Side ChannelsTop FixAcmeda 12v 6nm Motor,10,14,14,88,No,Yes,No,Yes
Square Cassette with Side ChannelsTop Fix0.7nm 12v Acmeda Motor,10,14,14,88,No,Yes,No,Yes
Square Cassette with Side ChannelsTop Fix1.1nm 12v Acmeda DCRF Motor with External Battery,10,14,14,88,No,Yes,No,Yes
Square Cassette with Side ChannelsTop Fix1.1nm 12v Acmeda DCRF Motor,10,14,14,88,No,Yes,No,Yes
Square Cassette with Side ChannelsTop Fix2nm 12v Acmeda DCRF Motor,10,14,14,88,No,Yes,No,Yes
Square Cassette with Side ChannelsTop FixSomfy Remote Sonesse Motor,10,14,14,88,No,Yes,No,Yes
Square Cassette with Side ChannelsTop FixSomfy 12v Remote Sonesse Motor,10,14,14,88,No,Yes,No,Yes
Square Cassette with Side ChannelsTop FixSomfy CBUS Motor,10,14,14,88,No,Yes,No,Yes
Square Cassette with Side ChannelsTop FixHD Somfy Remote Sonesse Motor,10,14,14,88,No,Yes,No,Yes
Square Cassette with Side ChannelsTop FixHD Somfy 12v Remote Sonesse Motor,10,14,14,88,No,Yes,No,Yes
Square Cassette with Side ChannelsTop FixHD Somfy CBUS Motor,10,14,14,88,No,Yes,No,Yes
Square Cassette with Side ChannelsTop FixAcmeda E6 Motor,10,14,14,88,No,Yes,No,Yes
Square Cassette with Side ChannelsTop FixAcmeda M6 Motor,10,14,14,88,No,Yes,No,Yes
Square Cassette with Side ChannelsTop FixUniline Remote Motor,10,14,14,88,No,Yes,No,Yes
Square Cassette with Side ChannelsTop FixUniline Cbus Motor,10,14,14,88,No,Yes,No,Yes
Square Cassette with Side ChannelsTop FixNice Remote Motor,10,14,14,88,No,Yes,No,Yes
Square Cassette with Side ChannelsTop FixNice CBus Motor,10,14,14,88,No,Yes,No,Yes
Square Cassette with Side ChannelsTop FixSunboss Chain Winder 38mm Tube,10,14,14,88,No,Yes,No,Yes
Square Cassette with Side ChannelsTop FixSunboss Chain Winder 43mm Tube,10,14,14,88,No,Yes,No,Yes
Square Cassette with Side ChannelsTop FixTBS Remote Motor,10,14,14,88,No,Yes,No,Yes
Square Cassette with Side ChannelsTop FixTBS Cbus Motor,10,14,14,88,No,Yes,No,Yes
Square Cassette with Side ChannelsTop FixAcmeda External Motor,10,14,14,88,No,Yes,No,Yes
Square Cassette with Side ChannelsTop FixAcmeda External 12v Motor,10,14,14,88,No,Yes,No,Yes
Square Cassette with Side ChannelsTop FixSomfy External CBUS Motor,10,14,14,88,No,Yes,No,Yes
Square Cassette with Side ChannelsTop FixSomfy External Remote Motor,10,14,14,88,No,Yes,No,Yes
Square Cassette with Side ChannelsTop FixSomfy External CBUS Motor,10,14,14,88,No,Yes,No,Yes
Square Cassette with Side ChannelsTop FixHD Somfy External Remote Motor,10,14,14,88,No,Yes,No,Yes
Square Cassette with Side ChannelsInside Window MountChain Winder,10,14,29,88,No,Yes,No,Yes
Square Cassette with Side ChannelsInside Window MountHD Chain Winder,10,14,29,88,No,Yes,No,Yes
Square Cassette with Side ChannelsInside Window MountChain Winder 60mm,10,14,29,88,No,Yes,No,Yes
Square Cassette with Side ChannelsInside Window MountChain Winder Fixed Guide,10,14,29,88,No,Yes,No,Yes
Square Cassette with Side ChannelsInside Window MountLinked,10,14,14,88,No,Yes,No,Yes
Square Cassette with Side ChannelsInside Window MountLinked - HD,10,14,14,88,No,Yes,No,Yes
Square Cassette with Side ChannelsInside Window MountStandard Spring,10,14,14,88,No,Yes,No,Yes
Square Cassette with Side ChannelsInside Window MountSmall Spring,10,14,14,88,No,Yes,No,Yes
Square Cassette with Side ChannelsInside Window MountUniline Spring (Old Style),10,14,14,88,No,Yes,No,Yes
Square Cassette with Side ChannelsInside Window MountBecker Remote Motor,10,14,14,88,No,Yes,No,Yes
Square Cassette with Side ChannelsInside Window MountBecker CBUS Motor,10,14,14,88,No,Yes,No,Yes
Square Cassette with Side ChannelsInside Window MountBecker External Remote Motor,10,14,14,88,No,Yes,No,Yes
Square Cassette with Side ChannelsInside Window MountBecker External CBUS Motor,10,14,14,88,No,Yes,No,Yes
Square Cassette with Side ChannelsInside Window Mount1.1nm 12v Acmeda Motor,10,14,14,88,No,Yes,No,Yes
Square Cassette with Side ChannelsInside Window Mount2nm 12v Acmeda Motor,10,14,14,88,No,Yes,No,Yes
Square Cassette with Side ChannelsInside Window MountAcmeda 12v 6nm Motor,10,14,14,88,No,Yes,No,Yes
Square Cassette with Side ChannelsInside Window Mount0.7nm 12v Acmeda Motor,10,14,14,88,No,Yes,No,Yes
Square Cassette with Side ChannelsInside Window Mount1.1nm 12v Acmeda DCRF Motor with External Battery,10,14,14,88,No,Yes,No,Yes
Square Cassette with Side ChannelsInside Window Mount1.1nm 12v Acmeda DCRF Motor,10,14,14,88,No,Yes,No,Yes
Square Cassette with Side ChannelsInside Window Mount2nm 12v Acmeda DCRF Motor,10,14,14,88,No,Yes,No,Yes
Square Cassette with Side ChannelsInside Window MountSomfy Remote Sonesse Motor,10,14,14,88,No,Yes,No,Yes
Square Cassette with Side ChannelsInside Window MountSomfy 12v Remote Sonesse Motor,10,14,14,88,No,Yes,No,Yes
Square Cassette with Side ChannelsInside Window MountSomfy CBUS Motor,10,14,14,88,No,Yes,No,Yes
Square Cassette with Side ChannelsInside Window MountHD Somfy Remote Sonesse Motor,10,14,14,88,No,Yes,No,Yes
Square Cassette with Side ChannelsInside Window MountHD Somfy 12v Remote Sonesse Motor,10,14,14,88,No,Yes,No,Yes
Square Cassette with Side ChannelsInside Window MountHD Somfy CBUS Motor,10,14,14,88,No,Yes,No,Yes
Square Cassette with Side ChannelsInside Window MountAcmeda E6 Motor,10,14,14,88,No,Yes,No,Yes
Square Cassette with Side ChannelsInside Window MountAcmeda M6 Motor,10,14,14,88,No,Yes,No,Yes
Square Cassette with Side ChannelsInside Window MountUniline Remote Motor,10,14,14,88,No,Yes,No,Yes
Square Cassette with Side ChannelsInside Window MountUniline Cbus Motor,10,14,14,88,No,Yes,No,Yes
Square Cassette with Side ChannelsInside Window MountNice Remote Motor,10,14,14,88,No,Yes,No,Yes
Square Cassette with Side ChannelsInside Window MountNice CBus Motor,10,14,14,88,No,Yes,No,Yes
Square Cassette with Side ChannelsInside Window MountSunboss Chain Winder 38mm Tube,10,14,14,88,No,Yes,No,Yes
Square Cassette with Side ChannelsInside Window MountSunboss Chain Winder 43mm Tube,10,14,14,88,No,Yes,No,Yes
Square Cassette with Side ChannelsInside Window MountTBS Remote Motor,10,14,14,88,No,Yes,No,Yes
Square Cassette with Side ChannelsInside Window MountTBS Cbus Motor,10,14,14,88,No,Yes,No,Yes
Square Cassette with Side ChannelsInside Window MountAcmeda External Motor,10,14,14,88,No,Yes,No,Yes
Square Cassette with Side ChannelsInside Window MountAcmeda External 12v Motor,10,14,14,88,No,Yes,No,Yes
Square Cassette with Side ChannelsInside Window MountSomfy External CBUS Motor,10,14,14,88,No,Yes,No,Yes
Square Cassette with Side ChannelsInside Window MountSomfy External Remote Motor,10,14,14,88,No,Yes,No,Yes
Square Cassette with Side ChannelsInside Window MountHD Somfy External CBUS Motor,10,14,14,88,No,Yes,No,Yes
Square Cassette with Side ChannelsInside Window MountHD Somfy External Remote Motor,10,14,14,88,No,Yes,No,Yes
Square Cassette with Side ChannelsOutside Window MountChain Winder,10,14,29,88,No,Yes,No,Yes
Square Cassette with Side ChannelsOutside Window MountHD Chain Winder,10,14,29,88,No,Yes,No,Yes
Square Cassette with Side ChannelsOutside Window MountChain Winder 60mm,10,14,29,88,No,Yes,No,Yes
Square Cassette with Side ChannelsOutside Window MountChain Winder Fixed Guide,10,14,29,88,No,Yes,No,Yes
Square Cassette with Side ChannelsOutside Window MountLinked,10,14,14,88,No,Yes,No,Yes
Square Cassette with Side ChannelsOutside Window MountLinked - HD,10,14,14,88,No,Yes,No,Yes
Square Cassette with Side ChannelsOutside Window MountStandard Spring,10,14,14,88,No,Yes,No,Yes
Square Cassette with Side ChannelsOutside Window MountSmall Spring,10,14,14,88,No,Yes,No,Yes
Square Cassette with Side ChannelsOutside Window MountUniline Spring (Old Style),10,14,14,88,No,Yes,No,Yes
Square Cassette with Side ChannelsOutside Window MountBecker Remote Motor,10,14,14,88,No,Yes,No,Yes
Square Cassette with Side ChannelsOutside Window MountBecker CBUS Motor,10,14,14,88,No,Yes,No,Yes
Square Cassette with Side ChannelsOutside Window MountBecker External Remote Motor,10,14,14,88,No,Yes,No,Yes
Square Cassette with Side ChannelsOutside Window MountBecker External CBUS Motor,10,14,14,88,No,Yes,No,Yes
Square Cassette with Side ChannelsOutside Window Mount1.1nm 12v Acmeda Motor,10,14,14,88,No,Yes,No,Yes
Square Cassette with Side ChannelsOutside Window Mount2nm 12v Acmeda Motor,10,14,14,88,No,Yes,No,Yes
Square Cassette with Side ChannelsOutside Window MountAcmeda 12v 6nm Motor,10,14,14,88,No,Yes,No,Yes
Square Cassette with Side ChannelsOutside Window Mount0.7nm 12v Acmeda Motor,10,14,14,88,No,Yes,No,Yes
Square Cassette with Side ChannelsOutside Window Mount1.1nm 12v Acmeda DCRF Motor with External Battery,10,14,14,88,No,Yes,No,Yes
Square Cassette with Side ChannelsOutside Window Mount1.1nm 12v Acmeda DCRF Motor,10,14,14,88,No,Yes,No,Yes
Square Cassette with Side ChannelsOutside Window Mount2nm 12v Acmeda DCRF Motor,10,14,14,88,No,Yes,No,Yes
Square Cassette with Side ChannelsOutside Window MountSomfy Remote Sonesse Motor,10,14,14,88,No,Yes,No,Yes
Square Cassette with Side ChannelsOutside Window MountSomfy 12v Remote Sonesse Motor,10,14,14,88,No,Yes,No,Yes
Square Cassette with Side ChannelsOutside Window MountSomfy CBUS Motor,10,14,14,88,No,Yes,No,Yes
Square Cassette with Side ChannelsOutside Window MountHD Somfy Remote Sonesse Motor,10,14,14,88,No,Yes,No,Yes
Square Cassette with Side ChannelsOutside Window MountHD Somfy 12v Remote Sonesse Motor,10,14,14,88,No,Yes,No,Yes
Square Cassette with Side ChannelsOutside Window MountHD Somfy CBUS Motor,10,14,14,88,No,Yes,No,Yes
Square Cassette with Side ChannelsOutside Window MountAcmeda E6 Motor,10,14,14,88,No,Yes,No,Yes
Square Cassette with Side ChannelsOutside Window MountAcmeda M6 Motor,10,14,14,88,No,Yes,No,Yes
Square Cassette with Side ChannelsOutside Window MountUniline Remote Motor,10,14,14,88,No,Yes,No,Yes
Square Cassette with Side ChannelsOutside Window MountUniline Cbus Motor,10,14,14,88,No,Yes,No,Yes
Square Cassette with Side ChannelsOutside Window MountNice Remote Motor,10,14,14,88,No,Yes,No,Yes
Square Cassette with Side ChannelsOutside Window MountNice CBus Motor,10,14,14,88,No,Yes,No,Yes
Square Cassette with Side ChannelsOutside Window MountSunboss Chain Winder 38mm Tube,10,14,14,88,No,Yes,No,Yes
Square Cassette with Side ChannelsOutside Window MountSunboss Chain Winder 43mm Tube,10,14,14,88,No,Yes,No,Yes
Square Cassette with Side ChannelsOutside Window MountTBS Remote Motor,10,14,14,88,No,Yes,No,Yes
Square Cassette with Side ChannelsOutside Window MountTBS Cbus Motor,10,14,14,88,No,Yes,,Yes
Square Cassette with Side ChannelsOutside Window MountAcmeda External Motor,10,14,14,88,No,Yes,,Yes
Square Cassette with Side ChannelsOutside Window MountAcmeda External 12v Motor,10,14,14,88,No,Yes,No,Yes
Square Cassette with Side ChannelsOutside Window MountSomfy External CBUS Motor,10,14,14,88,No,Yes,No,Yes
Square Cassette with Side ChannelsOutside Window MountSomfy External Remote Motor,10,14,14,88,No,Yes,No,Yes
Square Cassette with Side ChannelsOutside Window MountHD Somfy External CBUS Motor,10,14,14,88,No,Yes,No,Yes
Square Cassette with Side ChannelsOutside Window MountHD Somfy External Remote Motor,10,14,14,88,No,Yes,No,Yes
Square Cassette with Side ChannelsRevealChain Winder,10,14,29,88,No,Yes,No,Yes
Square Cassette with Side ChannelsRevealHD Chain Winder,10,14,29,88,No,Yes,No,Yes
Square Cassette with Side ChannelsRevealChain Winder 60mm,10,14,29,88,No,Yes,No,Yes
Square Cassette with Side ChannelsRevealChain Winder Fixed Guide,10,14,29,88,No,Yes,No,Yes
Square Cassette with Side ChannelsRevealLinked,10,14,14,88,No,Yes,No,Yes
Square Cassette with Side ChannelsRevealLinked - HD,10,14,14,88,No,Yes,No,Yes
Square Cassette with Side ChannelsRevealStandard Spring,10,14,14,88,No,Yes,No,Yes
Square Cassette with Side ChannelsRevealSmall Spring,10,14,14,88,No,Yes,No,Yes
Square Cassette with Side ChannelsRevealUniline Spring (Old Style),10,14,14,88,No,Yes,No,Yes
Square Cassette with Side ChannelsRevealBecker Remote Motor,10,14,14,88,No,Yes,No,Yes
Square Cassette with Side ChannelsRevealBecker CBUS Motor,10,14,14,88,No,Yes,No,Yes
Square Cassette with Side ChannelsRevealBecker External Remote Motor,10,14,14,88,No,Yes,No,Yes
Square Cassette with Side ChannelsRevealBecker External CBUS Motor,10,14,14,88,No,Yes,No,Yes
Square Cassette with Side ChannelsReveal1.1nm 12v Acmeda Motor,10,14,14,88,No,Yes,No,Yes
Square Cassette with Side ChannelsReveal2nm 12v Acmeda Motor,10,14,14,88,No,Yes,No,Yes
Square Cassette with Side ChannelsRevealAcmeda 12v 6nm Motor,10,14,14,88,No,Yes,No,Yes
Square Cassette with Side ChannelsReveal0.7nm 12v Acmeda Motor,10,14,14,88,No,Yes,No,Yes
Square Cassette with Side ChannelsReveal1.1nm 12v Acmeda DCRF Motor with External Battery,10,14,14,88,No,Yes,No,Yes
Square Cassette with Side ChannelsReveal1.1nm 12v Acmeda DCRF Motor,10,14,14,88,No,Yes,No,Yes
Square Cassette with Side ChannelsReveal2nm 12v Acmeda DCRF Motor,10,14,14,88,No,Yes,No,Yes
Square Cassette with Side ChannelsRevealSomfy Remote Sonesse Motor,10,14,14,88,No,Yes,No,Yes
Square Cassette with Side ChannelsRevealSomfy 12v Remote Sonesse Motor,10,14,14,88,No,Yes,No,Yes
Square Cassette with Side ChannelsRevealSomfy CBUS Motor,10,14,14,88,No,Yes,No,Yes
Square Cassette with Side ChannelsRevealHD Somfy Remote Sonesse Motor,10,14,14,88,No,Yes,No,Yes
Square Cassette with Side ChannelsRevealHD Somfy 12v Remote Sonesse Motor,10,14,14,88,No,Yes,No,Yes
Square Cassette with Side ChannelsRevealHD Somfy CBUS Motor,10,14,14,88,No,Yes,No,Yes
Square Cassette with Side ChannelsRevealAcmeda E6 Motor,10,14,14,88,No,Yes,No,Yes
Square Cassette with Side ChannelsRevealAcmeda M6 Motor,10,14,14,88,No,Yes,No,Yes
Square Cassette with Side ChannelsRevealUniline Remote Motor,10,14,14,88,No,Yes,No,Yes
Square Cassette with Side ChannelsRevealUniline Cbus Motor,10,14,14,88,No,Yes,No,Yes
Square Cassette with Side ChannelsRevealNice Remote Motor,10,14,14,88,No,Yes,No,Yes
Square Cassette with Side ChannelsRevealNice CBus Motor,10,14,14,88,No,Yes,No,Yes
Square Cassette with Side ChannelsRevealSunboss Chain Winder 38mm Tube,10,14,14,88,No,Yes,No,Yes
Square Cassette with Side ChannelsRevealSunboss Chain Winder 43mm Tube,10,14,14,88,No,Yes,No,Yes
Square Cassette with Side ChannelsRevealTBS Remote Motor,10,14,14,88,No,Yes,No,Yes
Square Cassette with Side ChannelsRevealTBS Cbus Motor,10,14,14,88,No,Yes,No,Yes
Square Cassette with Side ChannelsRevealAcmeda External Motor,10,14,14,88,No,Yes,No,Yes
Square Cassette with Side ChannelsRevealAcmeda External 12v Motor,10,14,14,88,No,Yes,No,Yes
Square Cassette with Side ChannelsRevealSomfy External CBUS Motor,10,14,14,88,No,Yes,No,Yes
Square Cassette with Side ChannelsRevealSomfy External Remote Motor,10,14,14,88,No,Yes,No,Yes
Square Cassette with Side ChannelsRevealHD Somfy External CBUS Motor,10,14,14,88,No,Yes,No,Yes
Square Cassette with Side ChannelsRevealHD Somfy External Remote Motor,10,14,14,88,No,Yes,No,Yes
Square Cassette with Side & Bottom ChannelsFaceChain Winder,10,14,29,88,No,Yes,No,Yes
Square Cassette with Side & Bottom ChannelsFaceHD Chain Winder,10,14,29,88,No,Yes,No,Yes
Square Cassette with Side & Bottom ChannelsFaceChain Winder 60mm,10,14,29,88,No,Yes,No,Yes
Square Cassette with Side & Bottom ChannelsFaceChain Winder Fixed Guide,10,14,29,88,No,Yes,No,Yes
Square Cassette with Side & Bottom ChannelsFaceLinked,10,14,14,88,No,Yes,No,Yes
Square Cassette with Side & Bottom ChannelsFaceLinked - HD,10,14,14,88,No,Yes,No,Yes
Square Cassette with Side & Bottom ChannelsFaceStandard Spring,10,14,14,88,No,Yes,No,Yes
Square Cassette with Side & Bottom ChannelsFaceSmall Spring,10,14,14,88,No,Yes,No,Yes
Square Cassette with Side & Bottom ChannelsFaceUniline Spring (Old Style),10,14,14,88,No,Yes,No,Yes
Square Cassette with Side & Bottom ChannelsFaceBecker Remote Motor,10,14,14,88,No,Yes,No,Yes
Square Cassette with Side & Bottom ChannelsFaceBecker CBUS Motor,10,14,14,88,No,Yes,No,Yes
Square Cassette with Side & Bottom ChannelsFaceBecker External Remote Motor,10,14,14,88,No,Yes,No,Yes
Square Cassette with Side & Bottom ChannelsFaceBecker External CBUS Motor,10,14,14,88,No,Yes,No,Yes
Square Cassette with Side & Bottom ChannelsFace1.1nm 12v Acmeda Motor,10,14,14,88,No,Yes,No,Yes
Square Cassette with Side & Bottom ChannelsFace2nm 12v Acmeda Motor,10,14,14,88,No,Yes,No,Yes
Square Cassette with Side & Bottom ChannelsFaceAcmeda 12v 6nm Motor,10,14,14,88,No,Yes,No,Yes
Square Cassette with Side & Bottom ChannelsFace0.7nm 12v Acmeda Motor,10,14,14,88,No,Yes,No,Yes
Square Cassette with Side & Bottom ChannelsFace1.1nm 12v Acmeda DCRF Motor with External Battery,10,14,14,88,No,Yes,No,Yes
Square Cassette with Side & Bottom ChannelsFace1.1nm 12v Acmeda DCRF Motor,10,14,14,88,No,Yes,No,Yes
Square Cassette with Side & Bottom ChannelsFace2nm 12v Acmeda DCRF Motor,10,14,14,88,No,Yes,No,Yes
Square Cassette with Side & Bottom ChannelsFaceSomfy Remote Sonesse Motor,10,14,14,88,No,Yes,No,Yes
Square Cassette with Side & Bottom ChannelsFaceSomfy 12v Remote Sonesse Motor,10,14,14,88,No,Yes,No,Yes
Square Cassette with Side & Bottom ChannelsFaceSomfy CBUS Motor,10,14,14,88,No,Yes,No,Yes
Square Cassette with Side & Bottom ChannelsFaceHD Somfy Remote Sonesse Motor,10,14,14,88,No,Yes,No,Yes
Square Cassette with Side & Bottom ChannelsFaceHD Somfy 12v Remote Sonesse Motor,10,14,14,88,No,Yes,No,Yes
Square Cassette with Side & Bottom ChannelsFaceHD Somfy CBUS Motor,10,14,14,88,No,Yes,No,Yes
Square Cassette with Side & Bottom ChannelsFaceAcmeda E6 Motor,10,14,14,88,No,Yes,No,Yes
Square Cassette with Side & Bottom ChannelsFaceAcmeda M6 Motor,10,14,14,88,No,Yes,No,Yes
Square Cassette with Side & Bottom ChannelsFaceUniline Remote Motor,10,14,14,88,No,Yes,No,Yes
Square Cassette with Side & Bottom ChannelsFaceUniline Cbus Motor,10,14,14,88,No,Yes,No,Yes
Square Cassette with Side & Bottom ChannelsFaceNice Remote Motor,10,14,14,88,No,Yes,No,Yes
Square Cassette with Side & Bottom ChannelsFaceNice CBus Motor,10,14,14,88,No,Yes,No,Yes
Square Cassette with Side & Bottom ChannelsFaceSunboss Chain Winder 38mm Tube,10,14,14,88,No,Yes,No,Yes
Square Cassette with Side & Bottom ChannelsFaceSunboss Chain Winder 43mm Tube,10,14,14,88,No,Yes,No,Yes
Square Cassette with Side & Bottom ChannelsFaceTBS Remote Motor,10,14,14,88,No,Yes,No,Yes
Square Cassette with Side & Bottom ChannelsFaceTBS Cbus Motor,10,14,14,88,No,Yes,No,Yes
Square Cassette with Side & Bottom ChannelsFaceAcmeda External Motor,10,14,14,88,No,Yes,No,Yes
Square Cassette with Side & Bottom ChannelsFaceAcmeda External 12v Motor,10,14,14,88,No,Yes,No,Yes
Square Cassette with Side & Bottom ChannelsFaceSomfy External CBUS Motor,10,14,14,88,No,Yes,No,Yes
Square Cassette with Side & Bottom ChannelsFaceSomfy External Remote Motor,10,14,14,88,No,Yes,No,Yes
Square Cassette with Side & Bottom ChannelsFaceHD Somfy External CBUS Motor,10,14,14,88,No,Yes,No,Yes
Square Cassette with Side & Bottom ChannelsFaceHD Somfy External Remote Motor,10,14,14,88,No,Yes,No,Yes
Square Cassette with Side & Bottom ChannelsTop FixChain Winder,10,14,29,88,No,Yes,No,Yes
Square Cassette with Side & Bottom ChannelsTop FixHD Chain Winder,10,14,29,88,No,Yes,No,Yes
Square Cassette with Side & Bottom ChannelsTop FixChain Winder 60mm,10,14,29,88,No,Yes,No,Yes
Square Cassette with Side & Bottom ChannelsTop FixChain Winder Fixed Guide,10,14,29,88,No,Yes,No,Yes
Square Cassette with Side & Bottom ChannelsTop FixLinked,10,14,14,88,No,Yes,No,Yes
Square Cassette with Side & Bottom ChannelsTop FixLinked - HD,10,14,14,88,No,Yes,No,Yes
Square Cassette with Side & Bottom ChannelsTop FixStandard Spring,10,14,14,88,No,Yes,No,Yes
Square Cassette with Side & Bottom ChannelsTop FixSmall Spring,10,14,14,88,No,Yes,No,Yes
Square Cassette with Side & Bottom ChannelsTop FixUniline Spring (Old Style),10,14,14,88,No,Yes,No,Yes
Square Cassette with Side & Bottom ChannelsTop FixBecker Remote Motor,10,14,14,88,No,Yes,No,Yes
Square Cassette with Side & Bottom ChannelsTop FixBecker CBUS Motor,10,14,14,88,No,Yes,No,Yes
Square Cassette with Side & Bottom ChannelsTop FixBecker External Remote Motor,10,14,14,88,No,Yes,No,Yes
Square Cassette with Side & Bottom ChannelsTop FixBecker External CBUS Motor,10,14,14,88,No,Yes,No,Yes
Square Cassette with Side & Bottom ChannelsTop Fix1.1nm 12v Acmeda Motor,10,14,14,88,No,Yes,No,Yes
Square Cassette with Side & Bottom ChannelsTop Fix2nm 12v Acmeda Motor,10,14,14,88,No,Yes,No,Yes
Square Cassette with Side & Bottom ChannelsTop FixAcmeda 12v 6nm Motor,10,14,14,88,No,Yes,No,Yes
Square Cassette with Side & Bottom ChannelsTop Fix0.7nm 12v Acmeda Motor,10,14,14,88,No,Yes,No,Yes
Square Cassette with Side & Bottom ChannelsTop Fix1.1nm 12v Acmeda DCRF Motor with External Battery,10,14,14,88,No,Yes,No,Yes
Square Cassette with Side & Bottom ChannelsTop Fix1.1nm 12v Acmeda DCRF Motor,10,14,14,88,No,Yes,No,Yes
Square Cassette with Side & Bottom ChannelsTop Fix2nm 12v Acmeda DCRF Motor,10,14,14,88,No,Yes,No,Yes
Square Cassette with Side & Bottom ChannelsTop FixSomfy Remote Sonesse Motor,10,14,14,88,No,Yes,No,Yes
Square Cassette with Side & Bottom ChannelsTop FixSomfy 12v Remote Sonesse Motor,10,14,14,88,No,Yes,No,Yes
Square Cassette with Side & Bottom ChannelsTop FixSomfy CBUS Motor,10,14,14,88,No,Yes,No,Yes
Square Cassette with Side & Bottom ChannelsTop FixHD Somfy Remote Sonesse Motor,10,14,14,88,No,Yes,No,Yes
Square Cassette with Side & Bottom ChannelsTop FixHD Somfy 12v Remote Sonesse Motor,10,14,14,88,No,Yes,No,Yes
Square Cassette with Side & Bottom ChannelsTop FixHD Somfy CBUS Motor,10,14,14,88,No,Yes,No,Yes
Square Cassette with Side & Bottom ChannelsTop FixAcmeda E6 Motor,10,14,14,88,No,Yes,No,Yes
Square Cassette with Side & Bottom ChannelsTop FixAcmeda M6 Motor,10,14,14,88,No,Yes,No,Yes
Square Cassette with Side & Bottom ChannelsTop FixUniline Remote Motor,10,14,14,88,No,Yes,No,Yes
Square Cassette with Side & Bottom ChannelsTop FixUniline Cbus Motor,10,14,14,88,No,Yes,No,Yes
Square Cassette with Side & Bottom ChannelsTop FixNice Remote Motor,10,14,14,88,No,Yes,No,Yes
Square Cassette with Side & Bottom ChannelsTop FixNice CBus Motor,10,14,14,88,No,Yes,No,Yes
Square Cassette with Side & Bottom ChannelsTop FixSunboss Chain Winder 38mm Tube,10,14,14,88,No,Yes,No,Yes
Square Cassette with Side & Bottom ChannelsTop FixSunboss Chain Winder 43mm Tube,10,14,14,88,No,Yes,No,Yes
Square Cassette with Side & Bottom ChannelsTop FixTBS Remote Motor,10,14,14,88,No,Yes,No,Yes
Square Cassette with Side & Bottom ChannelsTop FixTBS Cbus Motor,10,14,14,88,No,Yes,No,Yes
Square Cassette with Side & Bottom ChannelsTop FixAcmeda External Motor,10,14,14,88,No,Yes,No,Yes
Square Cassette with Side & Bottom ChannelsTop FixAcmeda External 12v Motor,10,14,14,88,No,Yes,No,Yes
Square Cassette with Side & Bottom ChannelsTop FixSomfy External CBUS Motor,10,14,14,88,No,Yes,No,Yes
Square Cassette with Side & Bottom ChannelsTop FixSomfy External Remote Motor,10,14,14,88,No,Yes,No,Yes
Square Cassette with Side & Bottom ChannelsTop FixSomfy External CBUS Motor,10,14,14,88,No,Yes,No,Yes
Square Cassette with Side & Bottom ChannelsTop FixHD Somfy External Remote Motor,10,14,14,88,No,Yes,No,Yes
Square Cassette with Side & Bottom ChannelsInside Window MountChain Winder,10,14,29,88,No,Yes,No,Yes
Square Cassette with Side & Bottom ChannelsInside Window MountHD Chain Winder,10,14,29,88,No,Yes,No,Yes
Square Cassette with Side & Bottom ChannelsInside Window MountChain Winder 60mm,10,14,29,88,No,Yes,No,Yes
Square Cassette with Side & Bottom ChannelsInside Window MountChain Winder Fixed Guide,10,14,29,88,No,Yes,No,Yes
Square Cassette with Side & Bottom ChannelsInside Window MountLinked,10,14,14,88,No,Yes,No,Yes
Square Cassette with Side & Bottom ChannelsInside Window MountLinked - HD,10,14,14,88,No,Yes,No,Yes
Square Cassette with Side & Bottom ChannelsInside Window MountStandard Spring,10,14,14,88,No,Yes,No,Yes
Square Cassette with Side & Bottom ChannelsInside Window MountSmall Spring,10,14,14,88,No,Yes,No,Yes
Square Cassette with Side & Bottom ChannelsInside Window MountUniline Spring (Old Style),10,14,14,88,No,Yes,No,Yes
Square Cassette with Side & Bottom ChannelsInside Window MountBecker Remote Motor,10,14,14,88,No,Yes,No,Yes
Square Cassette with Side & Bottom ChannelsInside Window MountBecker CBUS Motor,10,14,14,88,No,Yes,No,Yes
Square Cassette with Side & Bottom ChannelsInside Window MountBecker External Remote Motor,10,14,14,88,No,Yes,No,Yes
Square Cassette with Side & Bottom ChannelsInside Window MountBecker External CBUS Motor,10,14,14,88,No,Yes,No,Yes
Square Cassette with Side & Bottom ChannelsInside Window Mount1.1nm 12v Acmeda Motor,10,14,14,88,No,Yes,No,Yes
Square Cassette with Side & Bottom ChannelsInside Window Mount2nm 12v Acmeda Motor,10,14,14,88,No,Yes,No,Yes
Square Cassette with Side & Bottom ChannelsInside Window MountAcmeda 12v 6nm Motor,10,14,14,88,No,Yes,No,Yes
Square Cassette with Side & Bottom ChannelsInside Window Mount0.7nm 12v Acmeda Motor,10,14,14,88,No,Yes,No,Yes
Square Cassette with Side & Bottom ChannelsInside Window Mount1.1nm 12v Acmeda DCRF Motor with External Battery,10,14,14,88,No,Yes,No,Yes
Square Cassette with Side & Bottom ChannelsInside Window Mount1.1nm 12v Acmeda DCRF Motor,10,14,14,88,No,Yes,No,Yes
Square Cassette with Side & Bottom ChannelsInside Window Mount2nm 12v Acmeda DCRF Motor,10,14,14,88,No,Yes,No,Yes
Square Cassette with Side & Bottom ChannelsInside Window MountSomfy Remote Sonesse Motor,10,14,14,88,No,Yes,No,Yes
Square Cassette with Side & Bottom ChannelsInside Window MountSomfy 12v Remote Sonesse Motor,10,14,14,88,No,Yes,No,Yes
Square Cassette with Side & Bottom ChannelsInside Window MountSomfy CBUS Motor,10,14,14,88,No,Yes,No,Yes
Square Cassette with Side & Bottom ChannelsInside Window MountHD Somfy Remote Sonesse Motor,10,14,14,88,No,Yes,No,Yes
Square Cassette with Side & Bottom ChannelsInside Window MountHD Somfy 12v Remote Sonesse Motor,10,14,14,88,No,Yes,No,Yes
Square Cassette with Side & Bottom ChannelsInside Window MountHD Somfy CBUS Motor,10,14,14,88,No,Yes,No,Yes
Square Cassette with Side & Bottom ChannelsInside Window MountAcmeda E6 Motor,10,14,14,88,No,Yes,No,Yes
Square Cassette with Side & Bottom ChannelsInside Window MountAcmeda M6 Motor,10,14,14,88,No,Yes,No,Yes
Square Cassette with Side & Bottom ChannelsInside Window MountUniline Remote Motor,10,14,14,88,No,Yes,No,Yes
Square Cassette with Side & Bottom ChannelsInside Window MountUniline Cbus Motor,10,14,14,88,No,Yes,No,Yes
Square Cassette with Side & Bottom ChannelsInside Window MountNice Remote Motor,10,14,14,88,No,Yes,No,Yes
Square Cassette with Side & Bottom ChannelsInside Window MountNice CBus Motor,10,14,14,88,No,Yes,No,Yes
Square Cassette with Side & Bottom ChannelsInside Window MountSunboss Chain Winder 38mm Tube,10,14,14,88,No,Yes,No,Yes
Square Cassette with Side & Bottom ChannelsInside Window MountSunboss Chain Winder 43mm Tube,10,14,14,88,No,Yes,No,Yes
Square Cassette with Side & Bottom ChannelsInside Window MountTBS Remote Motor,10,14,14,88,No,Yes,No,Yes
Square Cassette with Side & Bottom ChannelsInside Window MountTBS Cbus Motor,10,14,14,88,No,Yes,No,Yes
Square Cassette with Side & Bottom ChannelsInside Window MountAcmeda External Motor,10,14,14,88,No,Yes,No,Yes
Square Cassette with Side & Bottom ChannelsInside Window MountAcmeda External 12v Motor,10,14,14,88,No,Yes,No,Yes
Square Cassette with Side & Bottom ChannelsInside Window MountSomfy External CBUS Motor,10,14,14,88,No,Yes,No,Yes
Square Cassette with Side & Bottom ChannelsInside Window MountSomfy External Remote Motor,10,14,14,88,No,Yes,No,Yes
Square Cassette with Side & Bottom ChannelsInside Window MountHD Somfy External CBUS Motor,10,14,14,88,No,Yes,No,Yes
Square Cassette with Side & Bottom ChannelsInside Window MountHD Somfy External Remote Motor,10,14,14,88,No,Yes,No,Yes
Square Cassette with Side & Bottom ChannelsOutside Window MountChain Winder,10,14,29,88,No,Yes,No,Yes
Square Cassette with Side & Bottom ChannelsOutside Window MountHD Chain Winder,10,14,29,88,No,Yes,No,Yes
Square Cassette with Side & Bottom ChannelsOutside Window MountChain Winder 60mm,10,14,29,88,No,Yes,No,Yes
Square Cassette with Side & Bottom ChannelsOutside Window MountChain Winder Fixed Guide,10,14,29,88,No,Yes,No,Yes
Square Cassette with Side & Bottom ChannelsOutside Window MountLinked,10,14,14,88,No,Yes,No,Yes
Square Cassette with Side & Bottom ChannelsOutside Window MountLinked - HD,10,14,14,88,No,Yes,No,Yes
Square Cassette with Side & Bottom ChannelsOutside Window MountStandard Spring,10,14,14,88,No,Yes,No,Yes
Square Cassette with Side & Bottom ChannelsOutside Window MountSmall Spring,10,14,14,88,No,Yes,No,Yes
Square Cassette with Side & Bottom ChannelsOutside Window MountUniline Spring (Old Style),10,14,14,88,No,Yes,No,Yes
Square Cassette with Side & Bottom ChannelsOutside Window MountBecker Remote Motor,10,14,14,88,No,Yes,No,Yes
Square Cassette with Side & Bottom ChannelsOutside Window MountBecker CBUS Motor,10,14,14,88,No,Yes,No,Yes
Square Cassette with Side & Bottom ChannelsOutside Window MountBecker External Remote Motor,10,14,14,88,No,Yes,No,Yes
Square Cassette with Side & Bottom ChannelsOutside Window MountBecker External CBUS Motor,10,14,14,88,No,Yes,No,Yes
Square Cassette with Side & Bottom ChannelsOutside Window Mount1.1nm 12v Acmeda Motor,10,14,14,88,No,Yes,No,Yes
Square Cassette with Side & Bottom ChannelsOutside Window Mount2nm 12v Acmeda Motor,10,14,14,88,No,Yes,No,Yes
Square Cassette with Side & Bottom ChannelsOutside Window MountAcmeda 12v 6nm Motor,10,14,14,88,No,Yes,No,Yes
Square Cassette with Side & Bottom ChannelsOutside Window Mount0.7nm 12v Acmeda Motor,10,14,14,88,No,Yes,No,Yes
Square Cassette with Side & Bottom ChannelsOutside Window Mount1.1nm 12v Acmeda DCRF Motor with External Battery,10,14,14,88,No,Yes,No,Yes
Square Cassette with Side & Bottom ChannelsOutside Window Mount1.1nm 12v Acmeda DCRF Motor,10,14,14,88,No,Yes,No,Yes
Square Cassette with Side & Bottom ChannelsOutside Window Mount2nm 12v Acmeda DCRF Motor,10,14,14,88,No,Yes,No,Yes
Square Cassette with Side & Bottom ChannelsOutside Window MountSomfy Remote Sonesse Motor,10,14,14,88,No,Yes,No,Yes
Square Cassette with Side & Bottom ChannelsOutside Window MountSomfy 12v Remote Sonesse Motor,10,14,14,88,No,Yes,No,Yes
Square Cassette with Side & Bottom ChannelsOutside Window MountSomfy CBUS Motor,10,14,14,88,No,Yes,No,Yes
Square Cassette with Side & Bottom ChannelsOutside Window MountHD Somfy Remote Sonesse Motor,10,14,14,88,No,Yes,No,Yes
Square Cassette with Side & Bottom ChannelsOutside Window MountHD Somfy 12v Remote Sonesse Motor,10,14,14,88,No,Yes,No,Yes
Square Cassette with Side & Bottom ChannelsOutside Window MountHD Somfy CBUS Motor,10,14,14,88,No,Yes,No,Yes
Square Cassette with Side & Bottom ChannelsOutside Window MountAcmeda E6 Motor,10,14,14,88,No,Yes,No,Yes
Square Cassette with Side & Bottom ChannelsOutside Window MountAcmeda M6 Motor,10,14,14,88,No,Yes,No,Yes
Square Cassette with Side & Bottom ChannelsOutside Window MountUniline Remote Motor,10,14,14,88,No,Yes,No,Yes
Square Cassette with Side & Bottom ChannelsOutside Window MountUniline Cbus Motor,10,14,14,88,No,Yes,No,Yes
Square Cassette with Side & Bottom ChannelsOutside Window MountNice Remote Motor,10,14,14,88,No,Yes,No,Yes
Square Cassette with Side & Bottom ChannelsOutside Window MountNice CBus Motor,10,14,14,88,No,Yes,No,Yes
Square Cassette with Side & Bottom ChannelsOutside Window MountSunboss Chain Winder 38mm Tube,10,14,14,88,No,Yes,No,Yes
Square Cassette with Side & Bottom ChannelsOutside Window MountSunboss Chain Winder 43mm Tube,10,14,14,88,No,Yes,No,Yes
Square Cassette with Side & Bottom ChannelsOutside Window MountTBS Remote Motor,10,14,14,88,No,Yes,No,Yes
Square Cassette with Side & Bottom ChannelsOutside Window MountTBS Cbus Motor,10,14,14,88,No,Yes,,Yes
Square Cassette with Side & Bottom ChannelsOutside Window MountAcmeda External Motor,10,14,14,88,No,Yes,,Yes
Square Cassette with Side & Bottom ChannelsOutside Window MountAcmeda External 12v Motor,10,14,14,88,No,Yes,No,Yes
Square Cassette with Side & Bottom ChannelsOutside Window MountSomfy External CBUS Motor,10,14,14,88,No,Yes,No,Yes
Square Cassette with Side & Bottom ChannelsOutside Window MountSomfy External Remote Motor,10,14,14,88,No,Yes,No,Yes
Square Cassette with Side & Bottom ChannelsOutside Window MountHD Somfy External CBUS Motor,10,14,14,88,No,Yes,No,Yes
Square Cassette with Side & Bottom ChannelsOutside Window MountHD Somfy External Remote Motor,10,14,14,88,No,Yes,No,Yes
Square Cassette with Side & Bottom ChannelsRevealChain Winder,10,14,29,88,No,Yes,No,Yes
Square Cassette with Side & Bottom ChannelsRevealHD Chain Winder,10,14,29,88,No,Yes,No,Yes
Square Cassette with Side & Bottom ChannelsRevealChain Winder 60mm,10,14,29,88,No,Yes,No,Yes
Square Cassette with Side & Bottom ChannelsRevealChain Winder Fixed Guide,10,14,29,88,No,Yes,No,Yes
Square Cassette with Side & Bottom ChannelsRevealLinked,10,14,14,88,No,Yes,No,Yes
Square Cassette with Side & Bottom ChannelsRevealLinked - HD,10,14,14,88,No,Yes,No,Yes
Square Cassette with Side & Bottom ChannelsRevealStandard Spring,10,14,14,88,No,Yes,No,Yes
Square Cassette with Side & Bottom ChannelsRevealSmall Spring,10,14,14,88,No,Yes,No,Yes
Square Cassette with Side & Bottom ChannelsRevealUniline Spring (Old Style),10,14,14,88,No,Yes,No,Yes
Square Cassette with Side & Bottom ChannelsRevealBecker Remote Motor,10,14,14,88,No,Yes,No,Yes
Square Cassette with Side & Bottom ChannelsRevealBecker CBUS Motor,10,14,14,88,No,Yes,No,Yes
Square Cassette with Side & Bottom ChannelsRevealBecker External Remote Motor,10,14,14,88,No,Yes,No,Yes
Square Cassette with Side & Bottom ChannelsRevealBecker External CBUS Motor,10,14,14,88,No,Yes,No,Yes
Square Cassette with Side & Bottom ChannelsReveal1.1nm 12v Acmeda Motor,10,14,14,88,No,Yes,No,Yes
Square Cassette with Side & Bottom ChannelsReveal2nm 12v Acmeda Motor,10,14,14,88,No,Yes,No,Yes
Square Cassette with Side & Bottom ChannelsRevealAcmeda 12v 6nm Motor,10,14,14,88,No,Yes,No,Yes
Square Cassette with Side & Bottom ChannelsReveal0.7nm 12v Acmeda Motor,10,14,14,88,No,Yes,No,Yes
Square Cassette with Side & Bottom ChannelsReveal1.1nm 12v Acmeda DCRF Motor with External Battery,10,14,14,88,No,Yes,No,Yes
Square Cassette with Side & Bottom ChannelsReveal1.1nm 12v Acmeda DCRF Motor,10,14,14,88,No,Yes,No,Yes
Square Cassette with Side & Bottom ChannelsReveal2nm 12v Acmeda DCRF Motor,10,14,14,88,No,Yes,No,Yes
Square Cassette with Side & Bottom ChannelsRevealSomfy Remote Sonesse Motor,10,14,14,88,No,Yes,No,Yes
Square Cassette with Side & Bottom ChannelsRevealSomfy 12v Remote Sonesse Motor,10,14,14,88,No,Yes,No,Yes
Square Cassette with Side & Bottom ChannelsRevealSomfy CBUS Motor,10,14,14,88,No,Yes,No,Yes
Square Cassette with Side & Bottom ChannelsRevealHD Somfy Remote Sonesse Motor,10,14,14,88,No,Yes,No,Yes
Square Cassette with Side & Bottom ChannelsRevealHD Somfy 12v Remote Sonesse Motor,10,14,14,88,No,Yes,No,Yes
Square Cassette with Side & Bottom ChannelsRevealHD Somfy CBUS Motor,10,14,14,88,No,Yes,No,Yes
Square Cassette with Side & Bottom ChannelsRevealAcmeda E6 Motor,10,14,14,88,No,Yes,No,Yes
Square Cassette with Side & Bottom ChannelsRevealAcmeda M6 Motor,10,14,14,88,No,Yes,No,Yes
Square Cassette with Side & Bottom ChannelsRevealUniline Remote Motor,10,14,14,88,No,Yes,No,Yes
Square Cassette with Side & Bottom ChannelsRevealUniline Cbus Motor,10,14,14,88,No,Yes,No,Yes
Square Cassette with Side & Bottom ChannelsRevealNice Remote Motor,10,14,14,88,No,Yes,No,Yes
Square Cassette with Side & Bottom ChannelsRevealNice CBus Motor,10,14,14,88,No,Yes,No,Yes
Square Cassette with Side & Bottom ChannelsRevealSunboss Chain Winder 38mm Tube,10,14,14,88,No,Yes,No,Yes
Square Cassette with Side & Bottom ChannelsRevealSunboss Chain Winder 43mm Tube,10,14,14,88,No,Yes,No,Yes
Square Cassette with Side & Bottom ChannelsRevealTBS Remote Motor,10,14,14,88,No,Yes,No,Yes
Square Cassette with Side & Bottom ChannelsRevealTBS Cbus Motor,10,14,14,88,No,Yes,No,Yes
Square Cassette with Side & Bottom ChannelsRevealAcmeda External Motor,10,14,14,88,No,Yes,No,Yes
Square Cassette with Side & Bottom ChannelsRevealAcmeda External 12v Motor,10,14,14,88,No,Yes,No,Yes
Square Cassette with Side & Bottom ChannelsRevealSomfy External CBUS Motor,10,14,14,88,No,Yes,No,Yes
Square Cassette with Side & Bottom ChannelsRevealSomfy External Remote Motor,10,14,14,88,No,Yes,No,Yes
Square Cassette with Side & Bottom ChannelsRevealHD Somfy External CBUS Motor,10,14,14,88,No,Yes,No,Yes
Square Cassette with Side & Bottom ChannelsRevealHD Somfy External Remote Motor,10,14,14,88,No,Yes,No,Yes
Straight Bonded PelmetFaceChain Winder,0,N/A,N/A,N/A,N/A,No,N/A,N/A
Straight Bonded PelmetFaceHD Chain Winder,0,N/A,N/A,N/A,N/A,No,N/A,N/A
Straight Bonded PelmetFaceChain Winder 60mm,0,N/A,N/A,N/A,N/A,No,N/A,N/A
Straight Bonded PelmetFaceChain Winder Fixed Guide,0,N/A,N/A,N/A,N/A,No,N/A,N/A
Straight Bonded PelmetFaceLinked,0,N/A,N/A,N/A,N/A,No,N/A,N/A
Straight Bonded PelmetFaceLinked - HD,0,N/A,N/A,N/A,N/A,No,N/A,N/A
Straight Bonded PelmetFaceLinked 60mm,0,N/A,N/A,N/A,N/A,No,N/A,N/A
Straight Bonded PelmetFaceStandard Spring,0,N/A,N/A,N/A,N/A,No,N/A,N/A
Straight Bonded PelmetFaceSmall Spring,0,N/A,N/A,N/A,N/A,No,N/A,N/A
Straight Bonded PelmetFaceUniline Spring (Old Style),0,N/A,N/A,N/A,N/A,No,N/A,N/A
Straight Bonded PelmetFaceBecker Remote Motor,0,N/A,N/A,N/A,N/A,No,N/A,N/A
Straight Bonded PelmetFaceBecker CBUS Motor,0,N/A,N/A,N/A,N/A,No,N/A,N/A
Straight Bonded PelmetFaceBecker External Remote Motor,0,N/A,N/A,N/A,N/A,No,N/A,N/A
Straight Bonded PelmetFaceBecker External CBUS Motor,0,N/A,N/A,N/A,N/A,No,N/A,N/A
Straight Bonded PelmetFace1.1nm 12v Acmeda Motor,0,N/A,N/A,N/A,N/A,No,N/A,N/A
Straight Bonded PelmetFace2nm 12v Acmeda Motor,0,N/A,N/A,N/A,N/A,No,N/A,N/A
Straight Bonded PelmetFaceAcmeda 12v 6nm Motor,0,N/A,N/A,N/A,N/A,No,N/A,N/A
Straight Bonded PelmetFace0.7nm 12v Acmeda Motor,0,N/A,N/A,N/A,N/A,No,N/A,N/A
Straight Bonded PelmetFace1.1nm 12v Acmeda DCRF Motor with External Battery,0,N/A,N/A,N/A,N/A,No,N/A,N/A
Straight Bonded PelmetFace1.1nm 12v Acmeda DCRF Motor,0,N/A,N/A,N/A,N/A,No,N/A,N/A
Straight Bonded PelmetFace2nm 12v Acmeda DCRF Motor,0,N/A,N/A,N/A,N/A,No,N/A,N/A
Straight Bonded PelmetFaceSomfy Remote Sonesse Motor,0,N/A,N/A,N/A,N/A,No,N/A,N/A
Straight Bonded PelmetFaceSomfy 12v Remote Sonesse Motor,0,N/A,N/A,N/A,N/A,No,N/A,N/A
Straight Bonded PelmetFaceSomfy CBUS Motor,0,N/A,N/A,N/A,N/A,No,N/A,N/A
Straight Bonded PelmetFaceHD Somfy Remote Sonesse Motor,0,N/A,N/A,N/A,N/A,No,N/A,N/A
Straight Bonded PelmetFaceHD Somfy 12v Remote Sonesse Motor,0,N/A,N/A,N/A,N/A,No,N/A,N/A
Straight Bonded PelmetFaceHD Somfy CBUS Motor,0,N/A,N/A,N/A,N/A,No,N/A,N/A
Straight Bonded PelmetFaceAcmeda E6 Motor,0,N/A,N/A,N/A,N/A,No,N/A,N/A
Straight Bonded PelmetFaceAcmeda M6 Motor,0,N/A,N/A,N/A,N/A,No,N/A,N/A
Straight Bonded PelmetFaceUniline Remote Motor,0,N/A,N/A,N/A,N/A,No,N/A,N/A
Straight Bonded PelmetFaceUniline Cbus Motor,0,N/A,N/A,N/A,N/A,No,N/A,N/A
Straight Bonded PelmetFaceNice Remote Motor,0,N/A,N/A,N/A,N/A,No,N/A,N/A
Straight Bonded PelmetFaceNice CBus Motor,0,N/A,N/A,N/A,N/A,No,N/A,N/A
Straight Bonded PelmetFaceSunboss Chain Winder 38mm Tube,0,N/A,N/A,N/A,N/A,No,N/A,N/A
Straight Bonded PelmetFaceSunboss Chain Winder 43mm Tube,0,N/A,N/A,N/A,N/A,No,N/A,N/A
Straight Bonded PelmetFaceTBS Remote Motor,0,N/A,N/A,N/A,N/A,No,N/A,N/A
Straight Bonded PelmetFaceTBS Cbus Motor,0,N/A,N/A,N/A,N/A,No,N/A,N/A
Straight Bonded PelmetFaceAcmeda External Motor,0,N/A,N/A,N/A,N/A,No,N/A,N/A
Straight Bonded PelmetFaceAcmeda External 12v Motor,0,N/A,N/A,N/A,N/A,No,N/A,N/A
Straight Bonded PelmetFaceSomfy External CBUS Motor,0,N/A,N/A,N/A,N/A,No,N/A,N/A
Straight Bonded PelmetFaceSomfy External Remote Motor,0,N/A,N/A,N/A,N/A,No,N/A,N/A
Straight Bonded PelmetFaceHD Somfy External CBUS Motor,0,N/A,N/A,N/A,N/A,No,N/A,N/A
Straight Bonded PelmetFaceHD Somfy External Remote Motor,0,N/A,N/A,N/A,N/A,No,N/A,N/A
Straight Bonded PelmetTop FixChain Winder,0,N/A,N/A,N/A,N/A,No,N/A,N/A
Straight Bonded PelmetTop FixHD Chain Winder,0,N/A,N/A,N/A,N/A,No,N/A,N/A
Straight Bonded PelmetTop FixChain Winder 60mm,0,N/A,N/A,N/A,N/A,No,N/A,N/A
Straight Bonded PelmetTop FixChain Winder Fixed Guide,0,N/A,N/A,N/A,N/A,No,N/A,N/A
Straight Bonded PelmetTop FixLinked,0,N/A,N/A,N/A,N/A,No,N/A,N/A
Straight Bonded PelmetTop FixLinked - HD,0,N/A,N/A,N/A,N/A,No,N/A,N/A
Straight Bonded PelmetTop FixLinked 60mm,0,N/A,N/A,N/A,N/A,No,N/A,N/A
Straight Bonded PelmetTop FixStandard Spring,0,N/A,N/A,N/A,N/A,No,N/A,N/A
Straight Bonded PelmetTop FixSmall Spring,0,N/A,N/A,N/A,N/A,No,N/A,N/A
Straight Bonded PelmetTop FixUniline Spring (Old Style),0,N/A,N/A,N/A,N/A,No,N/A,N/A
Straight Bonded PelmetTop FixBecker Remote Motor,0,N/A,N/A,N/A,N/A,No,N/A,N/A
Straight Bonded PelmetTop FixBecker CBUS Motor,0,N/A,N/A,N/A,N/A,No,N/A,N/A
Straight Bonded PelmetTop FixBecker External Remote Motor,0,N/A,N/A,N/A,N/A,No,N/A,N/A
Straight Bonded PelmetTop FixBecker External CBUS Motor,0,N/A,N/A,N/A,N/A,No,N/A,N/A
Straight Bonded PelmetTop Fix1.1nm 12v Acmeda Motor,0,N/A,N/A,N/A,N/A,No,N/A,N/A
Straight Bonded PelmetTop Fix2nm 12v Acmeda Motor,0,N/A,N/A,N/A,N/A,No,N/A,N/A
Straight Bonded PelmetTop FixAcmeda 12v 6nm Motor,0,N/A,N/A,N/A,N/A,No,N/A,N/A
Straight Bonded PelmetTop Fix0.7nm 12v Acmeda Motor,0,N/A,N/A,N/A,N/A,No,N/A,N/A
Straight Bonded PelmetTop Fix1.1nm 12v Acmeda DCRF Motor with External Battery,0,N/A,N/A,N/A,N/A,No,N/A,N/A
Straight Bonded PelmetTop Fix1.1nm 12v Acmeda DCRF Motor,0,N/A,N/A,N/A,N/A,No,N/A,N/A
Straight Bonded PelmetTop Fix2nm 12v Acmeda DCRF Motor,0,N/A,N/A,N/A,N/A,No,N/A,N/A
Straight Bonded PelmetTop FixSomfy Remote Sonesse Motor,0,N/A,N/A,N/A,N/A,No,N/A,N/A
Straight Bonded PelmetTop FixSomfy 12v Remote Sonesse Motor,0,N/A,N/A,N/A,N/A,No,N/A,N/A
Straight Bonded PelmetTop FixSomfy CBUS Motor,0,N/A,N/A,N/A,N/A,No,N/A,N/A
Straight Bonded PelmetTop FixHD Somfy Remote Sonesse Motor,0,N/A,N/A,N/A,N/A,No,N/A,N/A
Straight Bonded PelmetTop FixHD Somfy 12v Remote Sonesse Motor,0,N/A,N/A,N/A,N/A,No,N/A,N/A
Straight Bonded PelmetTop FixHD Somfy CBUS Motor,0,N/A,N/A,N/A,N/A,No,N/A,N/A
Straight Bonded PelmetTop FixAcmeda E6 Motor,0,N/A,N/A,N/A,N/A,No,N/A,N/A
Straight Bonded PelmetTop FixAcmeda M6 Motor,0,N/A,N/A,N/A,N/A,No,N/A,N/A
Straight Bonded PelmetTop FixUniline Remote Motor,0,N/A,N/A,N/A,N/A,No,N/A,N/A
Straight Bonded PelmetTop FixUniline Cbus Motor,0,N/A,N/A,N/A,N/A,No,N/A,N/A
Straight Bonded PelmetTop FixNice Remote Motor,0,N/A,N/A,N/A,N/A,No,N/A,N/A
Straight Bonded PelmetTop FixNice CBus Motor,0,N/A,N/A,N/A,N/A,No,N/A,N/A
Straight Bonded PelmetTop FixSunboss Chain Winder 38mm Tube,0,N/A,N/A,N/A,N/A,No,N/A,N/A
Straight Bonded PelmetTop FixSunboss Chain Winder 43mm Tube,0,N/A,N/A,N/A,N/A,No,N/A,N/A
Straight Bonded PelmetTop FixTBS Remote Motor,0,N/A,N/A,N/A,N/A,No,N/A,N/A
Straight Bonded PelmetTop FixTBS Cbus Motor,0,N/A,N/A,N/A,N/A,No,N/A,N/A
Straight Bonded PelmetTop FixAcmeda External Motor,0,N/A,N/A,N/A,N/A,No,N/A,N/A
Straight Bonded PelmetTop FixAcmeda External 12v Motor,0,N/A,N/A,N/A,N/A,No,N/A,N/A
Straight Bonded PelmetTop FixSomfy External CBUS Motor,0,N/A,N/A,N/A,N/A,No,N/A,N/A
Straight Bonded PelmetTop FixSomfy External Remote Motor,0,N/A,N/A,N/A,N/A,No,N/A,N/A
Straight Bonded PelmetTop FixSomfy External CBUS Motor,0,N/A,N/A,N/A,N/A,No,N/A,N/A
Straight Bonded PelmetTop FixHD Somfy External Remote Motor,0,N/A,N/A,N/A,N/A,No,N/A,N/A
Straight Bonded PelmetInside Window MountChain Winder,0,N/A,N/A,N/A,N/A,No,N/A,N/A
Straight Bonded PelmetInside Window MountHD Chain Winder,0,N/A,N/A,N/A,N/A,No,N/A,N/A
Straight Bonded PelmetInside Window MountChain Winder 60mm,0,N/A,N/A,N/A,N/A,No,N/A,N/A
Straight Bonded PelmetInside Window MountChain Winder Fixed Guide,0,N/A,N/A,N/A,N/A,No,N/A,N/A
Straight Bonded PelmetInside Window MountLinked,0,N/A,N/A,N/A,N/A,No,N/A,N/A
Straight Bonded PelmetInside Window MountLinked - HD,0,N/A,N/A,N/A,N/A,No,N/A,N/A
Straight Bonded PelmetInside Window MountLinked 60mm,0,N/A,N/A,N/A,N/A,No,N/A,N/A
Straight Bonded PelmetInside Window MountStandard Spring,0,N/A,N/A,N/A,N/A,No,N/A,N/A
Straight Bonded PelmetInside Window MountSmall Spring,0,N/A,N/A,N/A,N/A,No,N/A,N/A
Straight Bonded PelmetInside Window MountUniline Spring (Old Style),0,N/A,N/A,N/A,N/A,No,N/A,N/A
Straight Bonded PelmetInside Window MountBecker Remote Motor,0,N/A,N/A,N/A,N/A,No,N/A,N/A
Straight Bonded PelmetInside Window MountBecker CBUS Motor,0,N/A,N/A,N/A,N/A,No,N/A,N/A
Straight Bonded PelmetInside Window MountBecker External Remote Motor,0,N/A,N/A,N/A,N/A,No,N/A,N/A
Straight Bonded PelmetInside Window MountBecker External CBUS Motor,0,N/A,N/A,N/A,N/A,No,N/A,N/A
Straight Bonded PelmetInside Window Mount1.1nm 12v Acmeda Motor,0,N/A,N/A,N/A,N/A,No,N/A,N/A
Straight Bonded PelmetInside Window Mount2nm 12v Acmeda Motor,0,N/A,N/A,N/A,N/A,No,N/A,N/A
Straight Bonded PelmetInside Window MountAcmeda 12v 6nm Motor,0,N/A,N/A,N/A,N/A,No,N/A,N/A
Straight Bonded PelmetInside Window Mount0.7nm 12v Acmeda Motor,0,N/A,N/A,N/A,N/A,No,N/A,N/A
Straight Bonded PelmetInside Window Mount1.1nm 12v Acmeda DCRF Motor with External Battery,0,N/A,N/A,N/A,N/A,No,N/A,N/A
Straight Bonded PelmetInside Window Mount1.1nm 12v Acmeda DCRF Motor,0,N/A,N/A,N/A,N/A,No,N/A,N/A
Straight Bonded PelmetInside Window Mount2nm 12v Acmeda DCRF Motor,0,N/A,N/A,N/A,N/A,No,N/A,N/A
Straight Bonded PelmetInside Window MountSomfy Remote Sonesse Motor,0,N/A,N/A,N/A,N/A,No,N/A,N/A
Straight Bonded PelmetInside Window MountSomfy 12v Remote Sonesse Motor,0,N/A,N/A,N/A,N/A,No,N/A,N/A
Straight Bonded PelmetInside Window MountSomfy CBUS Motor,0,N/A,N/A,N/A,N/A,No,N/A,N/A
Straight Bonded PelmetInside Window MountHD Somfy Remote Sonesse Motor,0,N/A,N/A,N/A,N/A,No,N/A,N/A
Straight Bonded PelmetInside Window MountHD Somfy 12v Remote Sonesse Motor,0,N/A,N/A,N/A,N/A,No,N/A,N/A
Straight Bonded PelmetInside Window MountHD Somfy CBUS Motor,0,N/A,N/A,N/A,N/A,No,N/A,N/A
Straight Bonded PelmetInside Window MountAcmeda E6 Motor,0,N/A,N/A,N/A,N/A,No,N/A,N/A
Straight Bonded PelmetInside Window MountAcmeda M6 Motor,0,N/A,N/A,N/A,N/A,No,N/A,N/A
Straight Bonded PelmetInside Window MountUniline Remote Motor,0,N/A,N/A,N/A,N/A,No,N/A,N/A
Straight Bonded PelmetInside Window MountUniline Cbus Motor,0,N/A,N/A,N/A,N/A,No,N/A,N/A
Straight Bonded PelmetInside Window MountNice Remote Motor,0,N/A,N/A,N/A,N/A,No,N/A,N/A
Straight Bonded PelmetInside Window MountNice CBus Motor,0,N/A,N/A,N/A,N/A,No,N/A,N/A
Straight Bonded PelmetInside Window MountSunboss Chain Winder 38mm Tube,0,N/A,N/A,N/A,N/A,No,N/A,N/A
Straight Bonded PelmetInside Window MountSunboss Chain Winder 43mm Tube,0,N/A,N/A,N/A,N/A,No,N/A,N/A
Straight Bonded PelmetInside Window MountTBS Remote Motor,0,N/A,N/A,N/A,N/A,No,N/A,N/A
Straight Bonded PelmetInside Window MountTBS Cbus Motor,0,N/A,N/A,N/A,N/A,No,N/A,N/A
Straight Bonded PelmetInside Window MountAcmeda External Motor,0,N/A,N/A,N/A,N/A,No,N/A,N/A
Straight Bonded PelmetInside Window MountAcmeda External 12v Motor,0,N/A,N/A,N/A,N/A,No,N/A,N/A
Straight Bonded PelmetInside Window MountSomfy External CBUS Motor,0,N/A,N/A,N/A,N/A,No,N/A,N/A
Straight Bonded PelmetInside Window MountSomfy External Remote Motor,0,N/A,N/A,N/A,N/A,No,N/A,N/A
Straight Bonded PelmetInside Window MountHD Somfy External CBUS Motor,0,N/A,N/A,N/A,N/A,No,N/A,N/A
Straight Bonded PelmetInside Window MountHD Somfy External Remote Motor,0,N/A,N/A,N/A,N/A,No,N/A,N/A
Straight Bonded PelmetOutside Window MountChain Winder,0,N/A,N/A,N/A,N/A,No,N/A,N/A
Straight Bonded PelmetOutside Window MountHD Chain Winder,0,N/A,N/A,N/A,N/A,No,N/A,N/A
Straight Bonded PelmetOutside Window MountChain Winder 60mm,0,N/A,N/A,N/A,N/A,No,N/A,N/A
Straight Bonded PelmetOutside Window MountChain Winder Fixed Guide,0,N/A,N/A,N/A,N/A,No,N/A,N/A
Straight Bonded PelmetOutside Window MountLinked,0,N/A,N/A,N/A,N/A,No,N/A,N/A
Straight Bonded PelmetOutside Window MountLinked - HD,0,N/A,N/A,N/A,N/A,No,N/A,N/A
Straight Bonded PelmetOutside Window MountLinked 60mm,0,N/A,N/A,N/A,N/A,No,N/A,N/A
Straight Bonded PelmetOutside Window MountStandard Spring,0,N/A,N/A,N/A,N/A,No,N/A,N/A
Straight Bonded PelmetOutside Window MountSmall Spring,0,N/A,N/A,N/A,N/A,No,N/A,N/A
Straight Bonded PelmetOutside Window MountUniline Spring (Old Style),0,N/A,N/A,N/A,N/A,No,N/A,N/A
Straight Bonded PelmetOutside Window MountBecker Remote Motor,0,N/A,N/A,N/A,N/A,No,N/A,N/A
Straight Bonded PelmetOutside Window MountBecker CBUS Motor,0,N/A,N/A,N/A,N/A,No,N/A,N/A
Straight Bonded PelmetOutside Window MountBecker External Remote Motor,0,N/A,N/A,N/A,N/A,No,N/A,N/A
Straight Bonded PelmetOutside Window MountBecker External CBUS Motor,0,N/A,N/A,N/A,N/A,No,N/A,N/A
Straight Bonded PelmetOutside Window Mount1.1nm 12v Acmeda Motor,0,N/A,N/A,N/A,N/A,No,N/A,N/A
Straight Bonded PelmetOutside Window Mount2nm 12v Acmeda Motor,0,N/A,N/A,N/A,N/A,No,N/A,N/A
Straight Bonded PelmetOutside Window MountAcmeda 12v 6nm Motor,0,N/A,N/A,N/A,N/A,No,N/A,N/A
Straight Bonded PelmetOutside Window Mount0.7nm 12v Acmeda Motor,0,N/A,N/A,N/A,N/A,No,N/A,N/A
Straight Bonded PelmetOutside Window Mount1.1nm 12v Acmeda DCRF Motor with External Battery,0,N/A,N/A,N/A,N/A,No,N/A,N/A
Straight Bonded PelmetOutside Window Mount1.1nm 12v Acmeda DCRF Motor,0,N/A,N/A,N/A,N/A,No,N/A,N/A
Straight Bonded PelmetOutside Window Mount2nm 12v Acmeda DCRF Motor,0,N/A,N/A,N/A,N/A,No,N/A,N/A
Straight Bonded PelmetOutside Window MountSomfy Remote Sonesse Motor,0,N/A,N/A,N/A,N/A,No,N/A,N/A
Straight Bonded PelmetOutside Window MountSomfy 12v Remote Sonesse Motor,0,N/A,N/A,N/A,N/A,No,N/A,N/A
Straight Bonded PelmetOutside Window MountSomfy CBUS Motor,0,N/A,N/A,N/A,N/A,No,N/A,N/A
Straight Bonded PelmetOutside Window MountHD Somfy Remote Sonesse Motor,0,N/A,N/A,N/A,N/A,No,N/A,N/A
Straight Bonded PelmetOutside Window MountHD Somfy 12v Remote Sonesse Motor,0,N/A,N/A,N/A,N/A,No,N/A,N/A
Straight Bonded PelmetOutside Window MountHD Somfy CBUS Motor,0,N/A,N/A,N/A,N/A,No,N/A,N/A
Straight Bonded PelmetOutside Window MountAcmeda E6 Motor,0,N/A,N/A,N/A,N/A,No,N/A,N/A
Straight Bonded PelmetOutside Window MountAcmeda M6 Motor,0,N/A,N/A,N/A,N/A,No,N/A,N/A
Straight Bonded PelmetOutside Window MountUniline Remote Motor,0,N/A,N/A,N/A,N/A,No,N/A,N/A
Straight Bonded PelmetOutside Window MountUniline Cbus Motor,0,N/A,N/A,N/A,N/A,No,N/A,N/A
Straight Bonded PelmetOutside Window MountNice Remote Motor,0,N/A,N/A,N/A,N/A,No,N/A,N/A
Straight Bonded PelmetOutside Window MountNice CBus Motor,0,N/A,N/A,N/A,N/A,No,N/A,N/A
Straight Bonded PelmetOutside Window MountSunboss Chain Winder 38mm Tube,0,N/A,N/A,N/A,N/A,No,N/A,N/A
Straight Bonded PelmetOutside Window MountSunboss Chain Winder 43mm Tube,0,N/A,N/A,N/A,N/A,No,N/A,N/A
Straight Bonded PelmetOutside Window MountTBS Remote Motor,0,N/A,N/A,N/A,N/A,No,N/A,N/A
Straight Bonded PelmetOutside Window MountTBS Cbus Motor,0,N/A,N/A,N/A,N/A,No,,N/A
Straight Bonded PelmetOutside Window MountAcmeda External Motor,0,N/A,N/A,N/A,N/A,No,,N/A
Straight Bonded PelmetOutside Window MountAcmeda External 12v Motor,0,N/A,N/A,N/A,N/A,No,N/A,N/A
Straight Bonded PelmetOutside Window MountSomfy External CBUS Motor,0,N/A,N/A,N/A,N/A,No,N/A,N/A
Straight Bonded PelmetOutside Window MountSomfy External Remote Motor,0,N/A,N/A,N/A,N/A,No,N/A,N/A
Straight Bonded PelmetOutside Window MountHD Somfy External CBUS Motor,0,N/A,N/A,N/A,N/A,No,N/A,N/A
Straight Bonded PelmetOutside Window MountHD Somfy External Remote Motor,0,N/A,N/A,N/A,N/A,No,N/A,N/A
Straight Bonded PelmetRevealChain Winder,0,N/A,N/A,N/A,N/A,No,N/A,N/A
Straight Bonded PelmetRevealHD Chain Winder,0,N/A,N/A,N/A,N/A,No,N/A,N/A
Straight Bonded PelmetRevealChain Winder 60mm,0,N/A,N/A,N/A,N/A,No,N/A,N/A
Straight Bonded PelmetRevealChain Winder Fixed Guide,0,N/A,N/A,N/A,N/A,No,N/A,N/A
Straight Bonded PelmetRevealLinked,0,N/A,N/A,N/A,N/A,No,N/A,N/A
Straight Bonded PelmetRevealLinked - HD,0,N/A,N/A,N/A,N/A,No,N/A,N/A
Straight Bonded PelmetRevealLinked 60mm,0,N/A,N/A,N/A,N/A,No,N/A,N/A
Straight Bonded PelmetRevealStandard Spring,0,N/A,N/A,N/A,N/A,No,N/A,N/A
Straight Bonded PelmetRevealSmall Spring,0,N/A,N/A,N/A,N/A,No,N/A,N/A
Straight Bonded PelmetRevealUniline Spring (Old Style),0,N/A,N/A,N/A,N/A,No,N/A,N/A
Straight Bonded PelmetRevealBecker Remote Motor,0,N/A,N/A,N/A,N/A,No,N/A,N/A
Straight Bonded PelmetRevealBecker CBUS Motor,0,N/A,N/A,N/A,N/A,No,N/A,N/A
Straight Bonded PelmetRevealBecker External Remote Motor,0,N/A,N/A,N/A,N/A,No,N/A,N/A
Straight Bonded PelmetRevealBecker External CBUS Motor,0,N/A,N/A,N/A,N/A,No,N/A,N/A
Straight Bonded PelmetReveal1.1nm 12v Acmeda Motor,0,N/A,N/A,N/A,N/A,No,N/A,N/A
Straight Bonded PelmetReveal2nm 12v Acmeda Motor,0,N/A,N/A,N/A,N/A,No,N/A,N/A
Straight Bonded PelmetRevealAcmeda 12v 6nm Motor,0,N/A,N/A,N/A,N/A,No,N/A,N/A
Straight Bonded PelmetReveal0.7nm 12v Acmeda Motor,0,N/A,N/A,N/A,N/A,No,N/A,N/A
Straight Bonded PelmetReveal1.1nm 12v Acmeda DCRF Motor with External Battery,0,N/A,N/A,N/A,N/A,No,N/A,N/A
Straight Bonded PelmetReveal1.1nm 12v Acmeda DCRF Motor,0,N/A,N/A,N/A,N/A,No,N/A,N/A
Straight Bonded PelmetReveal2nm 12v Acmeda DCRF Motor,0,N/A,N/A,N/A,N/A,No,N/A,N/A
Straight Bonded PelmetRevealSomfy Remote Sonesse Motor,0,N/A,N/A,N/A,N/A,No,N/A,N/A
Straight Bonded PelmetRevealSomfy 12v Remote Sonesse Motor,0,N/A,N/A,N/A,N/A,No,N/A,N/A
Straight Bonded PelmetRevealSomfy CBUS Motor,0,N/A,N/A,N/A,N/A,No,N/A,N/A
Straight Bonded PelmetRevealHD Somfy Remote Sonesse Motor,0,N/A,N/A,N/A,N/A,No,N/A,N/A
Straight Bonded PelmetRevealHD Somfy 12v Remote Sonesse Motor,0,N/A,N/A,N/A,N/A,No,N/A,N/A
Straight Bonded PelmetRevealHD Somfy CBUS Motor,0,N/A,N/A,N/A,N/A,No,N/A,N/A
Straight Bonded PelmetRevealAcmeda E6 Motor,0,N/A,N/A,N/A,N/A,No,N/A,N/A
Straight Bonded PelmetRevealAcmeda M6 Motor,0,N/A,N/A,N/A,N/A,No,N/A,N/A
Straight Bonded PelmetRevealUniline Remote Motor,0,N/A,N/A,N/A,N/A,No,N/A,N/A
Straight Bonded PelmetRevealUniline Cbus Motor,0,N/A,N/A,N/A,N/A,No,N/A,N/A
Straight Bonded PelmetRevealNice Remote Motor,0,N/A,N/A,N/A,N/A,No,N/A,N/A
Straight Bonded PelmetRevealNice CBus Motor,0,N/A,N/A,N/A,N/A,No,N/A,N/A
Straight Bonded PelmetRevealSunboss Chain Winder 38mm Tube,0,N/A,N/A,N/A,N/A,No,N/A,N/A
Straight Bonded PelmetRevealSunboss Chain Winder 43mm Tube,0,N/A,N/A,N/A,N/A,No,N/A,N/A
Straight Bonded PelmetRevealTBS Remote Motor,0,N/A,N/A,N/A,N/A,No,N/A,N/A
Straight Bonded PelmetRevealTBS Cbus Motor,0,N/A,N/A,N/A,N/A,No,N/A,N/A
Straight Bonded PelmetRevealAcmeda External Motor,0,N/A,N/A,N/A,N/A,No,N/A,N/A
Straight Bonded PelmetRevealAcmeda External 12v Motor,0,N/A,N/A,N/A,N/A,No,N/A,N/A
Straight Bonded PelmetRevealSomfy External CBUS Motor,0,N/A,N/A,N/A,N/A,No,N/A,N/A
Straight Bonded PelmetRevealSomfy External Remote Motor,0,N/A,N/A,N/A,N/A,No,N/A,N/A
Straight Bonded PelmetRevealHD Somfy External CBUS Motor,0,N/A,N/A,N/A,N/A,No,N/A,N/A
Straight Bonded PelmetRevealHD Somfy External Remote Motor,0,N/A,N/A,N/A,N/A,No,N/A,N/A
Straight Upholstered PelmetFaceChain Winder,0,N/A,N/A,N/A,N/A,No,N/A,N/A
Straight Upholstered PelmetFaceHD Chain Winder,0,N/A,N/A,N/A,N/A,No,N/A,N/A
Straight Upholstered PelmetFaceChain Winder 60mm,0,N/A,N/A,N/A,N/A,No,N/A,N/A
Straight Upholstered PelmetFaceChain Winder Fixed Guide,0,N/A,N/A,N/A,N/A,No,N/A,N/A
Straight Upholstered PelmetFaceLinked,0,N/A,N/A,N/A,N/A,No,N/A,N/A
Straight Upholstered PelmetFaceLinked - HD,0,N/A,N/A,N/A,N/A,No,N/A,N/A
Straight Upholstered PelmetFaceLinked 60mm,0,N/A,N/A,N/A,N/A,No,N/A,N/A
Straight Upholstered PelmetFaceStandard Spring,0,N/A,N/A,N/A,N/A,No,N/A,N/A
Straight Upholstered PelmetFaceSmall Spring,0,N/A,N/A,N/A,N/A,No,N/A,N/A
Straight Upholstered PelmetFaceUniline Spring (Old Style),0,N/A,N/A,N/A,N/A,No,N/A,N/A
Straight Upholstered PelmetFaceBecker Remote Motor,0,N/A,N/A,N/A,N/A,No,N/A,N/A
Straight Upholstered PelmetFaceBecker CBUS Motor,0,N/A,N/A,N/A,N/A,No,N/A,N/A
Straight Upholstered PelmetFaceBecker External Remote Motor,0,N/A,N/A,N/A,N/A,No,N/A,N/A
Straight Upholstered PelmetFaceBecker External CBUS Motor,0,N/A,N/A,N/A,N/A,No,N/A,N/A
Straight Upholstered PelmetFace1.1nm 12v Acmeda Motor,0,N/A,N/A,N/A,N/A,No,N/A,N/A
Straight Upholstered PelmetFace2nm 12v Acmeda Motor,0,N/A,N/A,N/A,N/A,No,N/A,N/A
Straight Upholstered PelmetFaceAcmeda 12v 6nm Motor,0,N/A,N/A,N/A,N/A,No,N/A,N/A
Straight Upholstered PelmetFace0.7nm 12v Acmeda Motor,0,N/A,N/A,N/A,N/A,No,N/A,N/A
Straight Upholstered PelmetFace1.1nm 12v Acmeda DCRF Motor with External Battery,0,N/A,N/A,N/A,N/A,No,N/A,N/A
Straight Upholstered PelmetFace1.1nm 12v Acmeda DCRF Motor,0,N/A,N/A,N/A,N/A,No,N/A,N/A
Straight Upholstered PelmetFace2nm 12v Acmeda DCRF Motor,0,N/A,N/A,N/A,N/A,No,N/A,N/A
Straight Upholstered PelmetFaceSomfy Remote Sonesse Motor,0,N/A,N/A,N/A,N/A,No,N/A,N/A
Straight Upholstered PelmetFaceSomfy 12v Remote Sonesse Motor,0,N/A,N/A,N/A,N/A,No,N/A,N/A
Straight Upholstered PelmetFaceSomfy CBUS Motor,0,N/A,N/A,N/A,N/A,No,N/A,N/A
Straight Upholstered PelmetFaceHD Somfy Remote Sonesse Motor,0,N/A,N/A,N/A,N/A,No,N/A,N/A
Straight Upholstered PelmetFaceHD Somfy 12v Remote Sonesse Motor,0,N/A,N/A,N/A,N/A,No,N/A,N/A
Straight Upholstered PelmetFaceHD Somfy CBUS Motor,0,N/A,N/A,N/A,N/A,No,N/A,N/A
Straight Upholstered PelmetFaceAcmeda E6 Motor,0,N/A,N/A,N/A,N/A,No,N/A,N/A
Straight Upholstered PelmetFaceAcmeda M6 Motor,0,N/A,N/A,N/A,N/A,No,N/A,N/A
Straight Upholstered PelmetFaceUniline Remote Motor,0,N/A,N/A,N/A,N/A,No,N/A,N/A
Straight Upholstered PelmetFaceUniline Cbus Motor,0,N/A,N/A,N/A,N/A,No,N/A,N/A
Straight Upholstered PelmetFaceNice Remote Motor,0,N/A,N/A,N/A,N/A,No,N/A,N/A
Straight Upholstered PelmetFaceNice CBus Motor,0,N/A,N/A,N/A,N/A,No,N/A,N/A
Straight Upholstered PelmetFaceSunboss Chain Winder 38mm Tube,0,N/A,N/A,N/A,N/A,No,N/A,N/A
Straight Upholstered PelmetFaceSunboss Chain Winder 43mm Tube,0,N/A,N/A,N/A,N/A,No,N/A,N/A
Straight Upholstered PelmetFaceTBS Remote Motor,0,N/A,N/A,N/A,N/A,No,N/A,N/A
Straight Upholstered PelmetFaceTBS Cbus Motor,0,N/A,N/A,N/A,N/A,No,N/A,N/A
Straight Upholstered PelmetFaceAcmeda External Motor,0,N/A,N/A,N/A,N/A,No,N/A,N/A
Straight Upholstered PelmetFaceAcmeda External 12v Motor,0,N/A,N/A,N/A,N/A,No,N/A,N/A
Straight Upholstered PelmetFaceSomfy External CBUS Motor,0,N/A,N/A,N/A,N/A,No,N/A,N/A
Straight Upholstered PelmetFaceSomfy External Remote Motor,0,N/A,N/A,N/A,N/A,No,N/A,N/A
Straight Upholstered PelmetFaceHD Somfy External CBUS Motor,0,N/A,N/A,N/A,N/A,No,N/A,N/A
Straight Upholstered PelmetFaceHD Somfy External Remote Motor,0,N/A,N/A,N/A,N/A,No,N/A,N/A
Straight Upholstered PelmetTop FixChain Winder,0,N/A,N/A,N/A,N/A,No,N/A,N/A
Straight Upholstered PelmetTop FixHD Chain Winder,0,N/A,N/A,N/A,N/A,No,N/A,N/A
Straight Upholstered PelmetTop FixChain Winder 60mm,0,N/A,N/A,N/A,N/A,No,N/A,N/A
Straight Upholstered PelmetTop FixChain Winder Fixed Guide,0,N/A,N/A,N/A,N/A,No,N/A,N/A
Straight Upholstered PelmetTop FixLinked,0,N/A,N/A,N/A,N/A,No,N/A,N/A
Straight Upholstered PelmetTop FixLinked - HD,0,N/A,N/A,N/A,N/A,No,N/A,N/A
Straight Upholstered PelmetTop FixLinked 60mm,0,N/A,N/A,N/A,N/A,No,N/A,N/A
Straight Upholstered PelmetTop FixStandard Spring,0,N/A,N/A,N/A,N/A,No,N/A,N/A
Straight Upholstered PelmetTop FixSmall Spring,0,N/A,N/A,N/A,N/A,No,N/A,N/A
Straight Upholstered PelmetTop FixUniline Spring (Old Style),0,N/A,N/A,N/A,N/A,No,N/A,N/A
Straight Upholstered PelmetTop FixBecker Remote Motor,0,N/A,N/A,N/A,N/A,No,N/A,N/A
Straight Upholstered PelmetTop FixBecker CBUS Motor,0,N/A,N/A,N/A,N/A,No,N/A,N/A
Straight Upholstered PelmetTop FixBecker External Remote Motor,0,N/A,N/A,N/A,N/A,No,N/A,N/A
Straight Upholstered PelmetTop FixBecker External CBUS Motor,0,N/A,N/A,N/A,N/A,No,N/A,N/A
Straight Upholstered PelmetTop Fix1.1nm 12v Acmeda Motor,0,N/A,N/A,N/A,N/A,No,N/A,N/A
Straight Upholstered PelmetTop Fix2nm 12v Acmeda Motor,0,N/A,N/A,N/A,N/A,No,N/A,N/A
Straight Upholstered PelmetTop FixAcmeda 12v 6nm Motor,0,N/A,N/A,N/A,N/A,No,N/A,N/A
Straight Upholstered PelmetTop Fix0.7nm 12v Acmeda Motor,0,N/A,N/A,N/A,N/A,No,N/A,N/A
Straight Upholstered PelmetTop Fix1.1nm 12v Acmeda DCRF Motor with External Battery,0,N/A,N/A,N/A,N/A,No,N/A,N/A
Straight Upholstered PelmetTop Fix1.1nm 12v Acmeda DCRF Motor,0,N/A,N/A,N/A,N/A,No,N/A,N/A
Straight Upholstered PelmetTop Fix2nm 12v Acmeda DCRF Motor,0,N/A,N/A,N/A,N/A,No,N/A,N/A
Straight Upholstered PelmetTop FixSomfy Remote Sonesse Motor,0,N/A,N/A,N/A,N/A,No,N/A,N/A
Straight Upholstered PelmetTop FixSomfy 12v Remote Sonesse Motor,0,N/A,N/A,N/A,N/A,No,N/A,N/A
Straight Upholstered PelmetTop FixSomfy CBUS Motor,0,N/A,N/A,N/A,N/A,No,N/A,N/A
Straight Upholstered PelmetTop FixHD Somfy Remote Sonesse Motor,0,N/A,N/A,N/A,N/A,No,N/A,N/A
Straight Upholstered PelmetTop FixHD Somfy 12v Remote Sonesse Motor,0,N/A,N/A,N/A,N/A,No,N/A,N/A
Straight Upholstered PelmetTop FixHD Somfy CBUS Motor,0,N/A,N/A,N/A,N/A,No,N/A,N/A
Straight Upholstered PelmetTop FixAcmeda E6 Motor,0,N/A,N/A,N/A,N/A,No,N/A,N/A
Straight Upholstered PelmetTop FixAcmeda M6 Motor,0,N/A,N/A,N/A,N/A,No,N/A,N/A
Straight Upholstered PelmetTop FixUniline Remote Motor,0,N/A,N/A,N/A,N/A,No,N/A,N/A
Straight Upholstered PelmetTop FixUniline Cbus Motor,0,N/A,N/A,N/A,N/A,No,N/A,N/A
Straight Upholstered PelmetTop FixNice Remote Motor,0,N/A,N/A,N/A,N/A,No,N/A,N/A
Straight Upholstered PelmetTop FixNice CBus Motor,0,N/A,N/A,N/A,N/A,No,N/A,N/A
Straight Upholstered PelmetTop FixSunboss Chain Winder 38mm Tube,0,N/A,N/A,N/A,N/A,No,N/A,N/A
Straight Upholstered PelmetTop FixSunboss Chain Winder 43mm Tube,0,N/A,N/A,N/A,N/A,No,N/A,N/A
Straight Upholstered PelmetTop FixTBS Remote Motor,0,N/A,N/A,N/A,N/A,No,N/A,N/A
Straight Upholstered PelmetTop FixTBS Cbus Motor,0,N/A,N/A,N/A,N/A,No,N/A,N/A
Straight Upholstered PelmetTop FixAcmeda External Motor,0,N/A,N/A,N/A,N/A,No,N/A,N/A
Straight Upholstered PelmetTop FixAcmeda External 12v Motor,0,N/A,N/A,N/A,N/A,No,N/A,N/A
Straight Upholstered PelmetTop FixSomfy External CBUS Motor,0,N/A,N/A,N/A,N/A,No,N/A,N/A
Straight Upholstered PelmetTop FixSomfy External Remote Motor,0,N/A,N/A,N/A,N/A,No,N/A,N/A
Straight Upholstered PelmetTop FixSomfy External CBUS Motor,0,N/A,N/A,N/A,N/A,No,N/A,N/A
Straight Upholstered PelmetTop FixHD Somfy External Remote Motor,0,N/A,N/A,N/A,N/A,No,N/A,N/A
Straight Upholstered PelmetInside Window MountChain Winder,0,N/A,N/A,N/A,N/A,No,N/A,N/A
Straight Upholstered PelmetInside Window MountHD Chain Winder,0,N/A,N/A,N/A,N/A,No,N/A,N/A
Straight Upholstered PelmetInside Window MountChain Winder 60mm,0,N/A,N/A,N/A,N/A,No,N/A,N/A
Straight Upholstered PelmetInside Window MountChain Winder Fixed Guide,0,N/A,N/A,N/A,N/A,No,N/A,N/A
Straight Upholstered PelmetInside Window MountLinked,0,N/A,N/A,N/A,N/A,No,N/A,N/A
Straight Upholstered PelmetInside Window MountLinked - HD,0,N/A,N/A,N/A,N/A,No,N/A,N/A
Straight Upholstered PelmetInside Window MountLinked 60mm,0,N/A,N/A,N/A,N/A,No,N/A,N/A
Straight Upholstered PelmetInside Window MountStandard Spring,0,N/A,N/A,N/A,N/A,No,N/A,N/A
Straight Upholstered PelmetInside Window MountSmall Spring,0,N/A,N/A,N/A,N/A,No,N/A,N/A
Straight Upholstered PelmetInside Window MountUniline Spring (Old Style),0,N/A,N/A,N/A,N/A,No,N/A,N/A
Straight Upholstered PelmetInside Window MountBecker Remote Motor,0,N/A,N/A,N/A,N/A,No,N/A,N/A
Straight Upholstered PelmetInside Window MountBecker CBUS Motor,0,N/A,N/A,N/A,N/A,No,N/A,N/A
Straight Upholstered PelmetInside Window MountBecker External Remote Motor,0,N/A,N/A,N/A,N/A,No,N/A,N/A
Straight Upholstered PelmetInside Window MountBecker External CBUS Motor,0,N/A,N/A,N/A,N/A,No,N/A,N/A
Straight Upholstered PelmetInside Window Mount1.1nm 12v Acmeda Motor,0,N/A,N/A,N/A,N/A,No,N/A,N/A
Straight Upholstered PelmetInside Window Mount2nm 12v Acmeda Motor,0,N/A,N/A,N/A,N/A,No,N/A,N/A
Straight Upholstered PelmetInside Window MountAcmeda 12v 6nm Motor,0,N/A,N/A,N/A,N/A,No,N/A,N/A
Straight Upholstered PelmetInside Window Mount0.7nm 12v Acmeda Motor,0,N/A,N/A,N/A,N/A,No,N/A,N/A
Straight Upholstered PelmetInside Window Mount1.1nm 12v Acmeda DCRF Motor with External Battery,0,N/A,N/A,N/A,N/A,No,N/A,N/A
Straight Upholstered PelmetInside Window Mount1.1nm 12v Acmeda DCRF Motor,0,N/A,N/A,N/A,N/A,No,N/A,N/A
Straight Upholstered PelmetInside Window Mount2nm 12v Acmeda DCRF Motor,0,N/A,N/A,N/A,N/A,No,N/A,N/A
Straight Upholstered PelmetInside Window MountSomfy Remote Sonesse Motor,0,N/A,N/A,N/A,N/A,No,N/A,N/A
Straight Upholstered PelmetInside Window MountSomfy 12v Remote Sonesse Motor,0,N/A,N/A,N/A,N/A,No,N/A,N/A
Straight Upholstered PelmetInside Window MountSomfy CBUS Motor,0,N/A,N/A,N/A,N/A,No,N/A,N/A
Straight Upholstered PelmetInside Window MountHD Somfy Remote Sonesse Motor,0,N/A,N/A,N/A,N/A,No,N/A,N/A
Straight Upholstered PelmetInside Window MountHD Somfy 12v Remote Sonesse Motor,0,N/A,N/A,N/A,N/A,No,N/A,N/A
Straight Upholstered PelmetInside Window MountHD Somfy CBUS Motor,0,N/A,N/A,N/A,N/A,No,N/A,N/A
Straight Upholstered PelmetInside Window MountAcmeda E6 Motor,0,N/A,N/A,N/A,N/A,No,N/A,N/A
Straight Upholstered PelmetInside Window MountAcmeda M6 Motor,0,N/A,N/A,N/A,N/A,No,N/A,N/A
Straight Upholstered PelmetInside Window MountUniline Remote Motor,0,N/A,N/A,N/A,N/A,No,N/A,N/A
Straight Upholstered PelmetInside Window MountUniline Cbus Motor,0,N/A,N/A,N/A,N/A,No,N/A,N/A
Straight Upholstered PelmetInside Window MountNice Remote Motor,0,N/A,N/A,N/A,N/A,No,N/A,N/A
Straight Upholstered PelmetInside Window MountNice CBus Motor,0,N/A,N/A,N/A,N/A,No,N/A,N/A
Straight Upholstered PelmetInside Window MountSunboss Chain Winder 38mm Tube,0,N/A,N/A,N/A,N/A,No,N/A,N/A
Straight Upholstered PelmetInside Window MountSunboss Chain Winder 43mm Tube,0,N/A,N/A,N/A,N/A,No,N/A,N/A
Straight Upholstered PelmetInside Window MountTBS Remote Motor,0,N/A,N/A,N/A,N/A,No,N/A,N/A
Straight Upholstered PelmetInside Window MountTBS Cbus Motor,0,N/A,N/A,N/A,N/A,No,N/A,N/A
Straight Upholstered PelmetInside Window MountAcmeda External Motor,0,N/A,N/A,N/A,N/A,No,N/A,N/A
Straight Upholstered PelmetInside Window MountAcmeda External 12v Motor,0,N/A,N/A,N/A,N/A,No,N/A,N/A
Straight Upholstered PelmetInside Window MountSomfy External CBUS Motor,0,N/A,N/A,N/A,N/A,No,N/A,N/A
Straight Upholstered PelmetInside Window MountSomfy External Remote Motor,0,N/A,N/A,N/A,N/A,No,N/A,N/A
Straight Upholstered PelmetInside Window MountHD Somfy External CBUS Motor,0,N/A,N/A,N/A,N/A,No,N/A,N/A
Straight Upholstered PelmetInside Window MountHD Somfy External Remote Motor,0,N/A,N/A,N/A,N/A,No,N/A,N/A
Straight Upholstered PelmetOutside Window MountChain Winder,0,N/A,N/A,N/A,N/A,No,N/A,N/A
Straight Upholstered PelmetOutside Window MountHD Chain Winder,0,N/A,N/A,N/A,N/A,No,N/A,N/A
Straight Upholstered PelmetOutside Window MountChain Winder 60mm,0,N/A,N/A,N/A,N/A,No,N/A,N/A
Straight Upholstered PelmetOutside Window MountChain Winder Fixed Guide,0,N/A,N/A,N/A,N/A,No,N/A,N/A
Straight Upholstered PelmetOutside Window MountLinked,0,N/A,N/A,N/A,N/A,No,N/A,N/A
Straight Upholstered PelmetOutside Window MountLinked - HD,0,N/A,N/A,N/A,N/A,No,N/A,N/A
Straight Upholstered PelmetOutside Window MountLinked 60mm,0,N/A,N/A,N/A,N/A,No,N/A,N/A
Straight Upholstered PelmetOutside Window MountStandard Spring,0,N/A,N/A,N/A,N/A,No,N/A,N/A
Straight Upholstered PelmetOutside Window MountSmall Spring,0,N/A,N/A,N/A,N/A,No,N/A,N/A
Straight Upholstered PelmetOutside Window MountUniline Spring (Old Style),0,N/A,N/A,N/A,N/A,No,N/A,N/A
Straight Upholstered PelmetOutside Window MountBecker Remote Motor,0,N/A,N/A,N/A,N/A,No,N/A,N/A
Straight Upholstered PelmetOutside Window MountBecker CBUS Motor,0,N/A,N/A,N/A,N/A,No,N/A,N/A
Straight Upholstered PelmetOutside Window MountBecker External Remote Motor,0,N/A,N/A,N/A,N/A,No,N/A,N/A
Straight Upholstered PelmetOutside Window MountBecker External CBUS Motor,0,N/A,N/A,N/A,N/A,No,N/A,N/A
Straight Upholstered PelmetOutside Window Mount1.1nm 12v Acmeda Motor,0,N/A,N/A,N/A,N/A,No,N/A,N/A
Straight Upholstered PelmetOutside Window Mount2nm 12v Acmeda Motor,0,N/A,N/A,N/A,N/A,No,N/A,N/A
Straight Upholstered PelmetOutside Window MountAcmeda 12v 6nm Motor,0,N/A,N/A,N/A,N/A,No,N/A,N/A
Straight Upholstered PelmetOutside Window Mount0.7nm 12v Acmeda Motor,0,N/A,N/A,N/A,N/A,No,N/A,N/A
Straight Upholstered PelmetOutside Window Mount1.1nm 12v Acmeda DCRF Motor with External Battery,0,N/A,N/A,N/A,N/A,No,N/A,N/A
Straight Upholstered PelmetOutside Window Mount1.1nm 12v Acmeda DCRF Motor,0,N/A,N/A,N/A,N/A,No,N/A,N/A
Straight Upholstered PelmetOutside Window Mount2nm 12v Acmeda DCRF Motor,0,N/A,N/A,N/A,N/A,No,N/A,N/A
Straight Upholstered PelmetOutside Window MountSomfy Remote Sonesse Motor,0,N/A,N/A,N/A,N/A,No,N/A,N/A
Straight Upholstered PelmetOutside Window MountSomfy 12v Remote Sonesse Motor,0,N/A,N/A,N/A,N/A,No,N/A,N/A
Straight Upholstered PelmetOutside Window MountSomfy CBUS Motor,0,N/A,N/A,N/A,N/A,No,N/A,N/A
Straight Upholstered PelmetOutside Window MountHD Somfy Remote Sonesse Motor,0,N/A,N/A,N/A,N/A,No,N/A,N/A
Straight Upholstered PelmetOutside Window MountHD Somfy 12v Remote Sonesse Motor,0,N/A,N/A,N/A,N/A,No,N/A,N/A
Straight Upholstered PelmetOutside Window MountHD Somfy CBUS Motor,0,N/A,N/A,N/A,N/A,No,N/A,N/A
Straight Upholstered PelmetOutside Window MountAcmeda E6 Motor,0,N/A,N/A,N/A,N/A,No,N/A,N/A
Straight Upholstered PelmetOutside Window MountAcmeda M6 Motor,0,N/A,N/A,N/A,N/A,No,N/A,N/A
Straight Upholstered PelmetOutside Window MountUniline Remote Motor,0,N/A,N/A,N/A,N/A,No,N/A,N/A
Straight Upholstered PelmetOutside Window MountUniline Cbus Motor,0,N/A,N/A,N/A,N/A,No,N/A,N/A
Straight Upholstered PelmetOutside Window MountNice Remote Motor,0,N/A,N/A,N/A,N/A,No,N/A,N/A
Straight Upholstered PelmetOutside Window MountNice CBus Motor,0,N/A,N/A,N/A,N/A,No,N/A,N/A
Straight Upholstered PelmetOutside Window MountSunboss Chain Winder 38mm Tube,0,N/A,N/A,N/A,N/A,No,N/A,N/A
Straight Upholstered PelmetOutside Window MountSunboss Chain Winder 43mm Tube,0,N/A,N/A,N/A,N/A,No,N/A,N/A
Straight Upholstered PelmetOutside Window MountTBS Remote Motor,0,N/A,N/A,N/A,N/A,No,N/A,N/A
Straight Upholstered PelmetOutside Window MountTBS Cbus Motor,0,N/A,N/A,N/A,N/A,No,,N/A
Straight Upholstered PelmetOutside Window MountAcmeda External Motor,0,N/A,N/A,N/A,N/A,No,,N/A
Straight Upholstered PelmetOutside Window MountAcmeda External 12v Motor,0,N/A,N/A,N/A,N/A,No,N/A,N/A
Straight Upholstered PelmetOutside Window MountSomfy External CBUS Motor,0,N/A,N/A,N/A,N/A,No,N/A,N/A
Straight Upholstered PelmetOutside Window MountSomfy External Remote Motor,0,N/A,N/A,N/A,N/A,No,N/A,N/A
Straight Upholstered PelmetOutside Window MountHD Somfy External CBUS Motor,0,N/A,N/A,N/A,N/A,No,N/A,N/A
Straight Upholstered PelmetOutside Window MountHD Somfy External Remote Motor,0,N/A,N/A,N/A,N/A,No,N/A,N/A
Straight Upholstered PelmetRevealChain Winder,0,N/A,N/A,N/A,N/A,No,N/A,N/A
Straight Upholstered PelmetRevealHD Chain Winder,0,N/A,N/A,N/A,N/A,No,N/A,N/A
Straight Upholstered PelmetRevealChain Winder 60mm,0,N/A,N/A,N/A,N/A,No,N/A,N/A
Straight Upholstered PelmetRevealChain Winder Fixed Guide,0,N/A,N/A,N/A,N/A,No,N/A,N/A
Straight Upholstered PelmetRevealLinked,0,N/A,N/A,N/A,N/A,No,N/A,N/A
Straight Upholstered PelmetRevealLinked - HD,0,N/A,N/A,N/A,N/A,No,N/A,N/A
Straight Upholstered PelmetRevealLinked 60mm,0,N/A,N/A,N/A,N/A,No,N/A,N/A
Straight Upholstered PelmetRevealStandard Spring,0,N/A,N/A,N/A,N/A,No,N/A,N/A
Straight Upholstered PelmetRevealSmall Spring,0,N/A,N/A,N/A,N/A,No,N/A,N/A
Straight Upholstered PelmetRevealUniline Spring (Old Style),0,N/A,N/A,N/A,N/A,No,N/A,N/A
Straight Upholstered PelmetRevealBecker Remote Motor,0,N/A,N/A,N/A,N/A,No,N/A,N/A
Straight Upholstered PelmetRevealBecker CBUS Motor,0,N/A,N/A,N/A,N/A,No,N/A,N/A
Straight Upholstered PelmetRevealBecker External Remote Motor,0,N/A,N/A,N/A,N/A,No,N/A,N/A
Straight Upholstered PelmetRevealBecker External CBUS Motor,0,N/A,N/A,N/A,N/A,No,N/A,N/A
Straight Upholstered PelmetReveal1.1nm 12v Acmeda Motor,0,N/A,N/A,N/A,N/A,No,N/A,N/A
Straight Upholstered PelmetReveal2nm 12v Acmeda Motor,0,N/A,N/A,N/A,N/A,No,N/A,N/A
Straight Upholstered PelmetRevealAcmeda 12v 6nm Motor,0,N/A,N/A,N/A,N/A,No,N/A,N/A
Straight Upholstered PelmetReveal0.7nm 12v Acmeda Motor,0,N/A,N/A,N/A,N/A,No,N/A,N/A
Straight Upholstered PelmetReveal1.1nm 12v Acmeda DCRF Motor with External Battery,0,N/A,N/A,N/A,N/A,No,N/A,N/A
Straight Upholstered PelmetReveal1.1nm 12v Acmeda DCRF Motor,0,N/A,N/A,N/A,N/A,No,N/A,N/A
Straight Upholstered PelmetReveal2nm 12v Acmeda DCRF Motor,0,N/A,N/A,N/A,N/A,No,N/A,N/A
Straight Upholstered PelmetRevealSomfy Remote Sonesse Motor,0,N/A,N/A,N/A,N/A,No,N/A,N/A
Straight Upholstered PelmetRevealSomfy 12v Remote Sonesse Motor,0,N/A,N/A,N/A,N/A,No,N/A,N/A
Straight Upholstered PelmetRevealSomfy CBUS Motor,0,N/A,N/A,N/A,N/A,No,N/A,N/A
Straight Upholstered PelmetRevealHD Somfy Remote Sonesse Motor,0,N/A,N/A,N/A,N/A,No,N/A,N/A
Straight Upholstered PelmetRevealHD Somfy 12v Remote Sonesse Motor,0,N/A,N/A,N/A,N/A,No,N/A,N/A
Straight Upholstered PelmetRevealHD Somfy CBUS Motor,0,N/A,N/A,N/A,N/A,No,N/A,N/A
Straight Upholstered PelmetRevealAcmeda E6 Motor,0,N/A,N/A,N/A,N/A,No,N/A,N/A
Straight Upholstered PelmetRevealAcmeda M6 Motor,0,N/A,N/A,N/A,N/A,No,N/A,N/A
Straight Upholstered PelmetRevealUniline Remote Motor,0,N/A,N/A,N/A,N/A,No,N/A,N/A
Straight Upholstered PelmetRevealUniline Cbus Motor,0,N/A,N/A,N/A,N/A,No,N/A,N/A
Straight Upholstered PelmetRevealNice Remote Motor,0,N/A,N/A,N/A,N/A,No,N/A,N/A
Straight Upholstered PelmetRevealNice CBus Motor,0,N/A,N/A,N/A,N/A,No,N/A,N/A
Straight Upholstered PelmetRevealSunboss Chain Winder 38mm Tube,0,N/A,N/A,N/A,N/A,No,N/A,N/A
Straight Upholstered PelmetRevealSunboss Chain Winder 43mm Tube,0,N/A,N/A,N/A,N/A,No,N/A,N/A
Straight Upholstered PelmetRevealTBS Remote Motor,0,N/A,N/A,N/A,N/A,No,N/A,N/A
Straight Upholstered PelmetRevealTBS Cbus Motor,0,N/A,N/A,N/A,N/A,No,N/A,N/A
Straight Upholstered PelmetRevealAcmeda External Motor,0,N/A,N/A,N/A,N/A,No,N/A,N/A
Straight Upholstered PelmetRevealAcmeda External 12v Motor,0,N/A,N/A,N/A,N/A,No,N/A,N/A
Straight Upholstered PelmetRevealSomfy External CBUS Motor,0,N/A,N/A,N/A,N/A,No,N/A,N/A
Straight Upholstered PelmetRevealSomfy External Remote Motor,0,N/A,N/A,N/A,N/A,No,N/A,N/A
Straight Upholstered PelmetRevealHD Somfy External CBUS Motor,0,N/A,N/A,N/A,N/A,No,N/A,N/A
Straight Upholstered PelmetRevealHD Somfy External Remote Motor,0,N/A,N/A,N/A,N/A,No,N/A,N/A
Zipscreen HoodingFaceChain Winder,12,12,12,N/A,Yes,No,N/A,Yes
Zipscreen HoodingFaceHD Chain Winder,12,12,12,N/A,Yes,No,N/A,Yes
Zipscreen HoodingFaceChain Winder 60mm,12,12,12,N/A,Yes,No,N/A,Yes
Zipscreen HoodingFaceChain Winder Fixed Guide,12,12,12,N/A,Yes,No,N/A,Yes
Zipscreen HoodingFaceLinked,12,12,12,N/A,Yes,No,N/A,Yes
Zipscreen HoodingFaceLinked - HD,12,12,12,N/A,Yes,No,N/A,Yes
Zipscreen HoodingFaceStandard Spring,12,12,12,N/A,Yes,No,N/A,Yes
Zipscreen HoodingFaceSmall Spring,12,12,12,N/A,Yes,No,N/A,Yes
Zipscreen HoodingFaceUniline Spring (Old Style),12,12,12,N/A,Yes,No,N/A,Yes
Zipscreen HoodingFaceBecker Remote Motor,12,12,12,N/A,Yes,No,N/A,Yes
Zipscreen HoodingFaceBecker CBUS Motor,12,12,12,N/A,Yes,No,N/A,Yes
Zipscreen HoodingFaceBecker External Remote Motor,12,12,12,N/A,Yes,No,N/A,Yes
Zipscreen HoodingFaceBecker External CBUS Motor,12,12,12,N/A,Yes,No,N/A,Yes
Zipscreen HoodingFace1.1nm 12v Acmeda Motor,12,12,12,N/A,Yes,No,N/A,Yes
Zipscreen HoodingFace2nm 12v Acmeda Motor,12,12,12,N/A,Yes,No,N/A,Yes
Zipscreen HoodingFaceAcmeda 12v 6nm Motor,12,12,12,N/A,Yes,No,N/A,Yes
Zipscreen HoodingFace0.7nm 12v Acmeda Motor,12,12,12,N/A,Yes,No,N/A,Yes
Zipscreen HoodingFace1.1nm 12v Acmeda DCRF Motor with External Battery,12,12,12,N/A,Yes,No,N/A,Yes
Zipscreen HoodingFace1.1nm 12v Acmeda DCRF Motor,12,12,12,N/A,Yes,No,N/A,Yes
Zipscreen HoodingFace2nm 12v Acmeda DCRF Motor,12,12,12,N/A,Yes,No,N/A,Yes
Zipscreen HoodingFaceSomfy Remote Sonesse Motor,12,12,12,N/A,Yes,No,N/A,Yes
Zipscreen HoodingFaceSomfy 12v Remote Sonesse Motor,12,12,12,N/A,Yes,No,N/A,Yes
Zipscreen HoodingFaceSomfy CBUS Motor,12,12,12,N/A,Yes,No,N/A,Yes
Zipscreen HoodingFaceHD Somfy Remote Sonesse Motor,12,12,12,N/A,Yes,No,N/A,Yes
Zipscreen HoodingFaceHD Somfy 12v Remote Sonesse Motor,12,12,12,N/A,Yes,No,N/A,Yes
Zipscreen HoodingFaceHD Somfy CBUS Motor,12,12,12,N/A,Yes,No,N/A,Yes
Zipscreen HoodingFaceAcmeda E6 Motor,12,12,12,N/A,Yes,No,N/A,Yes
Zipscreen HoodingFaceAcmeda M6 Motor,12,12,12,N/A,Yes,No,N/A,Yes
Zipscreen HoodingFaceUniline Remote Motor,12,12,12,N/A,Yes,No,N/A,Yes
Zipscreen HoodingFaceUniline Cbus Motor,12,12,12,N/A,Yes,No,N/A,Yes
Zipscreen HoodingFaceNice Remote Motor,12,12,12,N/A,Yes,No,N/A,Yes
Zipscreen HoodingFaceNice CBus Motor,12,12,12,N/A,Yes,No,N/A,Yes
Zipscreen HoodingFaceSunboss Chain Winder 38mm Tube,12,12,12,N/A,Yes,No,N/A,Yes
Zipscreen HoodingFaceSunboss Chain Winder 43mm Tube,12,12,12,N/A,Yes,No,N/A,Yes
Zipscreen HoodingFaceTBS Remote Motor,12,12,12,N/A,Yes,No,N/A,Yes
Zipscreen HoodingFaceTBS Cbus Motor,12,12,12,N/A,Yes,No,N/A,Yes
Zipscreen HoodingFaceAcmeda External Motor,12,12,12,N/A,Yes,No,N/A,Yes
Zipscreen HoodingFaceAcmeda External 12v Motor,12,12,12,N/A,Yes,No,N/A,Yes
Zipscreen HoodingFaceSomfy External CBUS Motor,12,12,12,N/A,Yes,No,N/A,Yes
Zipscreen HoodingFaceSomfy External Remote Motor,12,12,12,N/A,Yes,No,N/A,Yes
Zipscreen HoodingFaceHD Somfy External CBUS Motor,12,12,12,N/A,Yes,No,N/A,Yes
Zipscreen HoodingFaceHD Somfy External Remote Motor,12,12,12,N/A,Yes,No,N/A,Yes
Zipscreen HoodingTop FixChain Winder,12,12,12,N/A,Yes,No,N/A,Yes
Zipscreen HoodingTop FixHD Chain Winder,12,12,12,N/A,Yes,No,N/A,Yes
Zipscreen HoodingTop FixChain Winder 60mm,12,12,12,N/A,Yes,No,N/A,Yes
Zipscreen HoodingTop FixChain Winder Fixed Guide,12,12,12,N/A,Yes,No,N/A,Yes
Zipscreen HoodingTop FixLinked,12,12,12,N/A,Yes,No,N/A,Yes
Zipscreen HoodingTop FixLinked - HD,12,12,12,N/A,Yes,No,N/A,Yes
Zipscreen HoodingTop FixStandard Spring,12,12,12,N/A,Yes,No,N/A,Yes
Zipscreen HoodingTop FixSmall Spring,12,12,12,N/A,Yes,No,N/A,Yes
Zipscreen HoodingTop FixUniline Spring (Old Style),12,12,12,N/A,Yes,No,N/A,Yes
Zipscreen HoodingTop FixBecker Remote Motor,12,12,12,N/A,Yes,No,N/A,Yes
Zipscreen HoodingTop FixBecker CBUS Motor,12,12,12,N/A,Yes,No,N/A,Yes
Zipscreen HoodingTop FixBecker External Remote Motor,12,12,12,N/A,Yes,No,N/A,Yes
Zipscreen HoodingTop FixBecker External CBUS Motor,12,12,12,N/A,Yes,No,N/A,Yes
Zipscreen HoodingTop Fix1.1nm 12v Acmeda Motor,12,12,12,N/A,Yes,No,N/A,Yes
Zipscreen HoodingTop Fix2nm 12v Acmeda Motor,12,12,12,N/A,Yes,No,N/A,Yes
Zipscreen HoodingTop FixAcmeda 12v 6nm Motor,12,12,12,N/A,Yes,No,N/A,Yes
Zipscreen HoodingTop Fix0.7nm 12v Acmeda Motor,12,12,12,N/A,Yes,No,N/A,Yes
Zipscreen HoodingTop Fix1.1nm 12v Acmeda DCRF Motor with External Battery,12,12,12,N/A,Yes,No,N/A,Yes
Zipscreen HoodingTop Fix1.1nm 12v Acmeda DCRF Motor,12,12,12,N/A,Yes,No,N/A,Yes
Zipscreen HoodingTop Fix2nm 12v Acmeda DCRF Motor,12,12,12,N/A,Yes,No,N/A,Yes
Zipscreen HoodingTop FixSomfy Remote Sonesse Motor,12,12,12,N/A,Yes,No,N/A,Yes
Zipscreen HoodingTop FixSomfy 12v Remote Sonesse Motor,12,12,12,N/A,Yes,No,N/A,Yes
Zipscreen HoodingTop FixSomfy CBUS Motor,12,12,12,N/A,Yes,No,N/A,Yes
Zipscreen HoodingTop FixHD Somfy Remote Sonesse Motor,12,12,12,N/A,Yes,No,N/A,Yes
Zipscreen HoodingTop FixHD Somfy 12v Remote Sonesse Motor,12,12,12,N/A,Yes,No,N/A,Yes
Zipscreen HoodingTop FixHD Somfy CBUS Motor,12,12,12,N/A,Yes,No,N/A,Yes
Zipscreen HoodingTop FixAcmeda E6 Motor,12,12,12,N/A,Yes,No,N/A,Yes
Zipscreen HoodingTop FixAcmeda M6 Motor,12,12,12,N/A,Yes,No,N/A,Yes
Zipscreen HoodingTop FixUniline Remote Motor,12,12,12,N/A,Yes,No,N/A,Yes
Zipscreen HoodingTop FixUniline Cbus Motor,12,12,12,N/A,Yes,No,N/A,Yes
Zipscreen HoodingTop FixNice Remote Motor,12,12,12,N/A,Yes,No,N/A,Yes
Zipscreen HoodingTop FixNice CBus Motor,12,12,12,N/A,Yes,No,N/A,Yes
Zipscreen HoodingTop FixSunboss Chain Winder 38mm Tube,12,12,12,N/A,Yes,No,N/A,Yes
Zipscreen HoodingTop FixSunboss Chain Winder 43mm Tube,12,12,12,N/A,Yes,No,N/A,Yes
Zipscreen HoodingTop FixTBS Remote Motor,12,12,12,N/A,Yes,No,N/A,Yes
Zipscreen HoodingTop FixTBS Cbus Motor,12,12,12,N/A,Yes,No,N/A,Yes
Zipscreen HoodingTop FixAcmeda External Motor,12,12,12,N/A,Yes,No,N/A,Yes
Zipscreen HoodingTop FixAcmeda External 12v Motor,12,12,12,N/A,Yes,No,N/A,Yes
Zipscreen HoodingTop FixSomfy External CBUS Motor,12,12,12,N/A,Yes,No,N/A,Yes
Zipscreen HoodingTop FixSomfy External Remote Motor,12,12,12,N/A,Yes,No,N/A,Yes
Zipscreen HoodingTop FixSomfy External CBUS Motor,12,12,12,N/A,Yes,No,N/A,Yes
Zipscreen HoodingTop FixHD Somfy External Remote Motor,12,12,12,N/A,Yes,No,N/A,Yes
Zipscreen HoodingInside Window MountChain Winder,12,12,12,N/A,Yes,No,N/A,Yes
Zipscreen HoodingInside Window MountHD Chain Winder,12,12,12,N/A,Yes,No,N/A,Yes
Zipscreen HoodingInside Window MountChain Winder 60mm,12,12,12,N/A,Yes,No,N/A,Yes
Zipscreen HoodingInside Window MountChain Winder Fixed Guide,12,12,12,N/A,Yes,No,N/A,Yes
Zipscreen HoodingInside Window MountLinked,12,12,12,N/A,Yes,No,N/A,Yes
Zipscreen HoodingInside Window MountLinked - HD,12,12,12,N/A,Yes,No,N/A,Yes
Zipscreen HoodingInside Window MountStandard Spring,12,12,12,N/A,Yes,No,N/A,Yes
Zipscreen HoodingInside Window MountSmall Spring,12,12,12,N/A,Yes,No,N/A,Yes
Zipscreen HoodingInside Window MountUniline Spring (Old Style),12,12,12,N/A,Yes,No,N/A,Yes
Zipscreen HoodingInside Window MountBecker Remote Motor,12,12,12,N/A,Yes,No,N/A,Yes
Zipscreen HoodingInside Window MountBecker CBUS Motor,12,12,12,N/A,Yes,No,N/A,Yes
Zipscreen HoodingInside Window MountBecker External Remote Motor,12,12,12,N/A,Yes,No,N/A,Yes
Zipscreen HoodingInside Window MountBecker External CBUS Motor,12,12,12,N/A,Yes,No,N/A,Yes
Zipscreen HoodingInside Window Mount1.1nm 12v Acmeda Motor,12,12,12,N/A,Yes,No,N/A,Yes
Zipscreen HoodingInside Window Mount2nm 12v Acmeda Motor,12,12,12,N/A,Yes,No,N/A,Yes
Zipscreen HoodingInside Window MountAcmeda 12v 6nm Motor,12,12,12,N/A,Yes,No,N/A,Yes
Zipscreen HoodingInside Window Mount0.7nm 12v Acmeda Motor,12,12,12,N/A,Yes,No,N/A,Yes
Zipscreen HoodingInside Window Mount1.1nm 12v Acmeda DCRF Motor with External Battery,12,12,12,N/A,Yes,No,N/A,Yes
Zipscreen HoodingInside Window Mount1.1nm 12v Acmeda DCRF Motor,12,12,12,N/A,Yes,No,N/A,Yes
Zipscreen HoodingInside Window Mount2nm 12v Acmeda DCRF Motor,12,12,12,N/A,Yes,No,N/A,Yes
Zipscreen HoodingInside Window MountSomfy Remote Sonesse Motor,12,12,12,N/A,Yes,No,N/A,Yes
Zipscreen HoodingInside Window MountSomfy 12v Remote Sonesse Motor,12,12,12,N/A,Yes,No,N/A,Yes
Zipscreen HoodingInside Window MountSomfy CBUS Motor,12,12,12,N/A,Yes,No,N/A,Yes
Zipscreen HoodingInside Window MountHD Somfy Remote Sonesse Motor,12,12,12,N/A,Yes,No,N/A,Yes
Zipscreen HoodingInside Window MountHD Somfy 12v Remote Sonesse Motor,12,12,12,N/A,Yes,No,N/A,Yes
Zipscreen HoodingInside Window MountHD Somfy CBUS Motor,12,12,12,N/A,Yes,No,N/A,Yes
Zipscreen HoodingInside Window MountAcmeda E6 Motor,12,12,12,N/A,Yes,No,N/A,Yes
Zipscreen HoodingInside Window MountAcmeda M6 Motor,12,12,12,N/A,Yes,No,N/A,Yes
Zipscreen HoodingInside Window MountUniline Remote Motor,12,12,12,N/A,Yes,No,N/A,Yes
Zipscreen HoodingInside Window MountUniline Cbus Motor,12,12,12,N/A,Yes,No,N/A,Yes
Zipscreen HoodingInside Window MountNice Remote Motor,12,12,12,N/A,Yes,No,N/A,Yes
Zipscreen HoodingInside Window MountNice CBus Motor,12,12,12,N/A,Yes,No,N/A,Yes
Zipscreen HoodingInside Window MountSunboss Chain Winder 38mm Tube,12,12,12,N/A,Yes,No,N/A,Yes
Zipscreen HoodingInside Window MountSunboss Chain Winder 43mm Tube,12,12,12,N/A,Yes,No,N/A,Yes
Zipscreen HoodingInside Window MountTBS Remote Motor,12,12,12,N/A,Yes,No,N/A,Yes
Zipscreen HoodingInside Window MountTBS Cbus Motor,12,12,12,N/A,Yes,No,N/A,Yes
Zipscreen HoodingInside Window MountAcmeda External Motor,12,12,12,N/A,Yes,No,N/A,Yes
Zipscreen HoodingInside Window MountAcmeda External 12v Motor,12,12,12,N/A,Yes,No,N/A,Yes
Zipscreen HoodingInside Window MountSomfy External CBUS Motor,12,12,12,N/A,Yes,No,N/A,Yes
Zipscreen HoodingInside Window MountSomfy External Remote Motor,12,12,12,N/A,Yes,No,N/A,Yes
Zipscreen HoodingInside Window MountHD Somfy External CBUS Motor,12,12,12,N/A,Yes,No,N/A,Yes
Zipscreen HoodingInside Window MountHD Somfy External Remote Motor,12,12,12,N/A,Yes,No,N/A,Yes
Zipscreen HoodingOutside Window MountChain Winder,12,12,12,N/A,Yes,No,N/A,Yes
Zipscreen HoodingOutside Window MountHD Chain Winder,12,12,12,N/A,Yes,No,N/A,Yes
Zipscreen HoodingOutside Window MountChain Winder 60mm,12,12,12,N/A,Yes,No,N/A,Yes
Zipscreen HoodingOutside Window MountChain Winder Fixed Guide,12,12,12,N/A,Yes,No,N/A,Yes
Zipscreen HoodingOutside Window MountLinked,12,12,12,N/A,Yes,No,N/A,Yes
Zipscreen HoodingOutside Window MountLinked - HD,12,12,12,N/A,Yes,No,N/A,Yes
Zipscreen HoodingOutside Window MountStandard Spring,12,12,12,N/A,Yes,No,N/A,Yes
Zipscreen HoodingOutside Window MountSmall Spring,12,12,12,N/A,Yes,No,N/A,Yes
Zipscreen HoodingOutside Window MountUniline Spring (Old Style),12,12,12,N/A,Yes,No,N/A,Yes
Zipscreen HoodingOutside Window MountBecker Remote Motor,12,12,12,N/A,Yes,No,N/A,Yes
Zipscreen HoodingOutside Window MountBecker CBUS Motor,12,12,12,N/A,Yes,No,N/A,Yes
Zipscreen HoodingOutside Window MountBecker External Remote Motor,12,12,12,N/A,Yes,No,N/A,Yes
Zipscreen HoodingOutside Window MountBecker External CBUS Motor,12,12,12,N/A,Yes,No,N/A,Yes
Zipscreen HoodingOutside Window Mount1.1nm 12v Acmeda Motor,12,12,12,N/A,Yes,No,N/A,Yes
Zipscreen HoodingOutside Window Mount2nm 12v Acmeda Motor,12,12,12,N/A,Yes,No,N/A,Yes
Zipscreen HoodingOutside Window MountAcmeda 12v 6nm Motor,12,12,12,N/A,Yes,No,N/A,Yes
Zipscreen HoodingOutside Window Mount0.7nm 12v Acmeda Motor,12,12,12,N/A,Yes,No,N/A,Yes
Zipscreen HoodingOutside Window Mount1.1nm 12v Acmeda DCRF Motor with External Battery,12,12,12,N/A,Yes,No,N/A,Yes
Zipscreen HoodingOutside Window Mount1.1nm 12v Acmeda DCRF Motor,12,12,12,N/A,Yes,No,N/A,Yes
Zipscreen HoodingOutside Window Mount2nm 12v Acmeda DCRF Motor,12,12,12,N/A,Yes,No,N/A,Yes
Zipscreen HoodingOutside Window MountSomfy Remote Sonesse Motor,12,12,12,N/A,Yes,No,N/A,Yes
Zipscreen HoodingOutside Window MountSomfy 12v Remote Sonesse Motor,12,12,12,N/A,Yes,No,N/A,Yes
Zipscreen HoodingOutside Window MountSomfy CBUS Motor,12,12,12,N/A,Yes,No,N/A,Yes
Zipscreen HoodingOutside Window MountHD Somfy Remote Sonesse Motor,12,12,12,N/A,Yes,No,N/A,Yes
Zipscreen HoodingOutside Window MountHD Somfy 12v Remote Sonesse Motor,12,12,12,N/A,Yes,No,N/A,Yes
Zipscreen HoodingOutside Window MountHD Somfy CBUS Motor,12,12,12,N/A,Yes,No,N/A,Yes
Zipscreen HoodingOutside Window MountAcmeda E6 Motor,12,12,12,N/A,Yes,No,N/A,Yes
Zipscreen HoodingOutside Window MountAcmeda M6 Motor,12,12,12,N/A,Yes,No,N/A,Yes
Zipscreen HoodingOutside Window MountUniline Remote Motor,12,12,12,N/A,Yes,No,N/A,Yes
Zipscreen HoodingOutside Window MountUniline Cbus Motor,12,12,12,N/A,Yes,No,N/A,Yes
Zipscreen HoodingOutside Window MountNice Remote Motor,12,12,12,N/A,Yes,No,N/A,Yes
Zipscreen HoodingOutside Window MountNice CBus Motor,12,12,12,N/A,Yes,No,N/A,Yes
Zipscreen HoodingOutside Window MountSunboss Chain Winder 38mm Tube,12,12,12,N/A,Yes,No,N/A,Yes
Zipscreen HoodingOutside Window MountSunboss Chain Winder 43mm Tube,12,12,12,N/A,Yes,No,N/A,Yes
Zipscreen HoodingOutside Window MountTBS Remote Motor,12,12,12,N/A,Yes,No,N/A,Yes
Zipscreen HoodingOutside Window MountTBS Cbus Motor,12,12,12,N/A,Yes,No,,Yes
Zipscreen HoodingOutside Window MountAcmeda External Motor,12,12,12,N/A,Yes,No,,Yes
Zipscreen HoodingOutside Window MountAcmeda External 12v Motor,12,12,12,N/A,Yes,No,N/A,Yes
Zipscreen HoodingOutside Window MountSomfy External CBUS Motor,12,12,12,N/A,Yes,No,N/A,Yes
Zipscreen HoodingOutside Window MountSomfy External Remote Motor,12,12,12,N/A,Yes,No,N/A,Yes
Zipscreen HoodingOutside Window MountHD Somfy External CBUS Motor,12,12,12,N/A,Yes,No,N/A,Yes
Zipscreen HoodingOutside Window MountHD Somfy External Remote Motor,12,12,12,N/A,Yes,No,N/A,Yes
Zipscreen HoodingRevealChain Winder,12,12,12,N/A,Yes,No,N/A,Yes
Zipscreen HoodingRevealHD Chain Winder,12,12,12,N/A,Yes,No,N/A,Yes
Zipscreen HoodingRevealChain Winder 60mm,12,12,12,N/A,Yes,No,N/A,Yes
Zipscreen HoodingRevealChain Winder Fixed Guide,12,12,12,N/A,Yes,No,N/A,Yes
Zipscreen HoodingRevealLinked,12,12,12,N/A,Yes,No,N/A,Yes
Zipscreen HoodingRevealLinked - HD,12,12,12,N/A,Yes,No,N/A,Yes
Zipscreen HoodingRevealStandard Spring,12,12,12,N/A,Yes,No,N/A,Yes
Zipscreen HoodingRevealSmall Spring,12,12,12,N/A,Yes,No,N/A,Yes
Zipscreen HoodingRevealUniline Spring (Old Style),12,12,12,N/A,Yes,No,N/A,Yes
Zipscreen HoodingRevealBecker Remote Motor,12,12,12,N/A,Yes,No,N/A,Yes
Zipscreen HoodingRevealBecker CBUS Motor,12,12,12,N/A,Yes,No,N/A,Yes
Zipscreen HoodingRevealBecker External Remote Motor,12,12,12,N/A,Yes,No,N/A,Yes
Zipscreen HoodingRevealBecker External CBUS Motor,12,12,12,N/A,Yes,No,N/A,Yes
Zipscreen HoodingReveal1.1nm 12v Acmeda Motor,12,12,12,N/A,Yes,No,N/A,Yes
Zipscreen HoodingReveal2nm 12v Acmeda Motor,12,12,12,N/A,Yes,No,N/A,Yes
Zipscreen HoodingRevealAcmeda 12v 6nm Motor,12,12,12,N/A,Yes,No,N/A,Yes
Zipscreen HoodingReveal0.7nm 12v Acmeda Motor,12,12,12,N/A,Yes,No,N/A,Yes
Zipscreen HoodingReveal1.1nm 12v Acmeda DCRF Motor with External Battery,12,12,12,N/A,Yes,No,N/A,Yes
Zipscreen HoodingReveal1.1nm 12v Acmeda DCRF Motor,12,12,12,N/A,Yes,No,N/A,Yes
Zipscreen HoodingReveal2nm 12v Acmeda DCRF Motor,12,12,12,N/A,Yes,No,N/A,Yes
Zipscreen HoodingRevealSomfy Remote Sonesse Motor,12,12,12,N/A,Yes,No,N/A,Yes
Zipscreen HoodingRevealSomfy 12v Remote Sonesse Motor,12,12,12,N/A,Yes,No,N/A,Yes
Zipscreen HoodingRevealSomfy CBUS Motor,12,12,12,N/A,Yes,No,N/A,Yes
Zipscreen HoodingRevealHD Somfy Remote Sonesse Motor,12,12,12,N/A,Yes,No,N/A,Yes
Zipscreen HoodingRevealHD Somfy 12v Remote Sonesse Motor,12,12,12,N/A,Yes,No,N/A,Yes
Zipscreen HoodingRevealHD Somfy CBUS Motor,12,12,12,N/A,Yes,No,N/A,Yes
Zipscreen HoodingRevealAcmeda E6 Motor,12,12,12,N/A,Yes,No,N/A,Yes
Zipscreen HoodingRevealAcmeda M6 Motor,12,12,12,N/A,Yes,No,N/A,Yes
Zipscreen HoodingRevealUniline Remote Motor,12,12,12,N/A,Yes,No,N/A,Yes
Zipscreen HoodingRevealUniline Cbus Motor,12,12,12,N/A,Yes,No,N/A,Yes
Zipscreen HoodingRevealNice Remote Motor,12,12,12,N/A,Yes,No,N/A,Yes
Zipscreen HoodingRevealNice CBus Motor,12,12,12,N/A,Yes,No,N/A,Yes
Zipscreen HoodingRevealSunboss Chain Winder 38mm Tube,12,12,12,N/A,Yes,No,N/A,Yes
Zipscreen HoodingRevealSunboss Chain Winder 43mm Tube,12,12,12,N/A,Yes,No,N/A,Yes
Zipscreen HoodingRevealTBS Remote Motor,12,12,12,N/A,Yes,No,N/A,Yes
Zipscreen HoodingRevealTBS Cbus Motor,12,12,12,N/A,Yes,No,N/A,Yes
Zipscreen HoodingRevealAcmeda External Motor,12,12,12,N/A,Yes,No,N/A,Yes
Zipscreen HoodingRevealAcmeda External 12v Motor,12,12,12,N/A,Yes,No,N/A,Yes
Zipscreen HoodingRevealSomfy External CBUS Motor,12,12,12,N/A,Yes,No,N/A,Yes
Zipscreen HoodingRevealSomfy External Remote Motor,12,12,12,N/A,Yes,No,N/A,Yes
Zipscreen HoodingRevealHD Somfy External CBUS Motor,12,12,12,N/A,Yes,No,N/A,Yes
Zipscreen HoodingRevealHD Somfy External Remote Motor,12,12,12,N/A,Yes,No,N/A,Yes
,,,,,,,,
,,,,,,,,
,,,,,,,,
,,,,,,,,
,,,,,,,,
,,,,,,,,
,,,,,,,,
,,,,,,,,
,,,,,,,,
,,,,,,,,
,,,,,,,,
,,,,,,,,
,,,,,,,,
,,,,,,,,
,,,,,,,,
,,,,,,,,
,,,,,,,,
,,,,,,,,
,,,,,,,,
,,,,,,,,
,,,,,,,,
,,,,,,,,
,,,,,,,,
,,,,,,,,
,,,,,,,,
,,,,,,,,
,,,,,,,,
,,,,,,,,
,,,,,,,,
,,,,,,,,
,,,,,,,,
,,,,,,,,
,,,,,,,,
,,,,,,,,
,,,,,,,,
,,,,,,,,
,,,,,,,,
,,,,,,,,
,,,,,,,,
,,,,,,,,
,,,,,,,,
,,,,,,,,
,,,,,,,,
,,,,,,,,
,,,,,,,,
,,,,,,,,
,,,,,,,,
,,,,,,,,
,,,,,,,,
,,,,,,,,
,,,,,,,,
,,,,,,,,
